MinReturn,Steps,StdReturn,MaxReturn,Epoch,AverageReturn
-252.22778552,0,39.0680527627,-100.0,0,-196.770827489
-303.211858918,1200,49.8937451095,-100.0,1,-224.039902226
-311.162945668,2400,63.1940550825,-64.7856972725,2,-192.139260091
-332.359045041,3600,65.7095924694,-100.0,3,-233.670877196
-397.320746604,4800,84.4576461261,-97.5643379249,4,-262.443439554
-500.603219469,6000,111.815707382,-96.4481264567,5,-307.00052283
-298.768667194,7200,60.106989856,-94.7029474561,6,-185.489775827
-234.883497624,8400,42.6611715766,-94.3355433594,7,-175.836345613
-271.265000824,9600,61.9539768117,-51.5280568539,8,-149.591156607
-206.092184108,10800,39.3626718077,-82.7198813469,9,-138.567324825
-170.643073572,12000,29.408524522,-77.8965181725,10,-111.394538086
-242.759821614,13200,56.6885333061,-44.1960494189,11,-129.433190612
-189.722455631,14400,66.3190560338,48.0142132502,12,-93.4097571268
-163.462890949,15600,36.2368654094,-32.4093125894,13,-96.6091814979
-183.087034641,16800,36.0205514162,-46.1185319052,14,-96.041173467
-187.169473919,18000,32.7641056236,-61.1266574158,15,-106.701885788
-196.898842227,19200,40.2922752593,-67.6899442656,16,-119.185320161
-141.854885035,20400,27.7670959686,-39.6675836301,17,-84.5806375463
-149.030453229,21600,33.7658390493,-34.6471080988,18,-98.6651048229
-159.435037572,22800,23.6120190474,-74.6406923728,19,-113.171234188
-122.030858515,24000,55.0964895218,59.9861020625,20,-59.432454592
-130.729406406,25200,22.3571344314,-51.6348001388,21,-87.9844518528
-157.744920984,26400,39.3654794988,-20.8066394928,22,-84.2446006348
-133.989004808,27600,68.6417196115,173.259621653,23,-44.7410359285
-169.79054034,28800,30.3431612626,-63.2746337675,24,-102.219480046
-153.012778757,30000,31.7871414368,-43.5674237997,25,-96.946011308
-143.916714978,31200,20.2380896427,-60.5967559588,26,-90.7361557006
-163.057925096,32400,26.2915072741,-72.2377412476,27,-105.7845611
-150.554127629,33600,22.0405859296,-65.7353165373,28,-95.229619591
-160.566231743,34800,22.7628830622,-79.5356728975,29,-109.498695763
-144.653001985,36000,18.958231921,-74.272570298,30,-103.921662823
-179.18942158,37200,87.6573015526,141.530314327,31,-60.8255791212
-143.532683486,38400,47.9201284233,30.8968648855,32,-69.8994959907
-165.456799531,39600,78.2113855554,133.88150612,33,-61.7928542914
-117.04063875,40800,7.56045509613,-80.2349873484,34,-94.0972448447
-163.000893399,42000,32.1890973989,-38.8071716194,35,-100.083597132
-175.713861565,43200,29.9306730209,-77.4426530445,36,-111.486357203
-192.179753562,44400,34.1064133891,-54.956973503,37,-124.746692749
-310.246930235,45600,47.5673921678,-73.9827404753,38,-155.961830894
-201.018035674,46800,37.6408346701,-80.0621214308,39,-113.855663587
-183.709698847,48000,88.0179447518,151.678274807,40,-50.3082593731
-173.276275962,49200,77.4860788117,120.738872222,41,-55.8143587217
-197.281758805,50400,38.1278616514,-64.6664986854,42,-122.58193411
-135.05725158,51600,15.7963333479,-67.7101181251,43,-94.0280579572
-144.400224568,52800,18.7891926367,-55.4643028469,44,-111.060153364
-155.062116345,54000,28.098805413,-33.4289701359,45,-101.84150793
-183.138338816,55200,29.6818903629,-69.6516217014,46,-126.518808478
-200.757884647,56400,35.6783725811,-79.0712537756,47,-125.594207079
-319.033219594,57600,57.1742005782,-64.8528265439,48,-146.177091936
-141.875294451,58800,18.6542743074,-56.5257936079,49,-104.57686143
-166.998891448,60000,28.4619682509,-53.0707457833,50,-116.905356735
-147.342756016,61200,13.816508362,-90.8183279955,51,-115.12101199
-145.634524011,62400,12.6348681979,-81.7888298148,52,-110.737783438
-211.423871333,63600,33.9780857247,-83.4373244446,53,-132.877818064
-208.006015692,64800,31.7512424331,-79.4770769113,54,-137.921028746
-202.346202782,66000,35.3195879313,-65.2824864424,55,-137.69195897
-447.343613587,67200,86.424254765,-64.6965609959,56,-185.303136059
-229.451723323,68400,41.8708523974,-83.6736545912,57,-157.562215868
-439.515820221,69600,80.5348722057,-90.021382632,58,-217.783680027
-255.492960262,70800,51.852668255,-71.3230547435,59,-163.174940974
-236.912004482,72000,40.2439597611,-87.9757574734,60,-163.042378829
-456.644781227,73200,84.8695576619,-97.303685392,61,-216.914557223
-251.896223839,74400,44.937327477,-94.1402101461,62,-174.217140862
-246.455421643,75600,46.9602414363,-94.4983252051,63,-180.009018459
-251.546689722,76800,43.2698759134,-99.2405917486,64,-183.945966716
-196.17853704,78000,32.3694683769,-59.6519448871,65,-136.106810629
-303.270782511,79200,63.0143970825,-88.1720178977,66,-207.837421697
-267.677103844,80400,51.9698140508,-81.0912783085,67,-177.570147737
-256.054165619,81600,43.2974234995,-95.5957002299,68,-168.298743105
-177.184070765,82800,36.1475626937,-36.3005035964,69,-119.158801371
-274.145793416,84000,56.0029603333,-72.4212024371,70,-171.202531214
-267.01071391,85200,52.6093297835,-97.9306715547,71,-185.636298346
-285.484123704,86400,59.0437472112,-79.9261436362,72,-190.580193731
-278.040958916,87600,53.3223468284,-91.2173139386,73,-181.14387012
-247.898175324,88800,43.831850455,-63.0829683758,74,-159.678426154
-215.872677089,90000,39.821881819,-65.5331928966,75,-154.947932641
-278.863755021,91200,51.4438215773,-97.3408969113,76,-187.973469869
-240.460857172,92400,53.4557703415,-43.082724077,77,-146.789643677
-174.057749077,93600,27.7230409514,-64.0653946521,78,-134.277612497
-208.599145478,94800,38.4881208158,-50.6637375583,79,-130.965921915
-247.932792089,96000,43.8518899808,-92.2798276047,80,-152.59088907
-208.694542087,97200,35.63172644,-56.303133508,81,-121.094488273
-187.616740291,98400,27.5211070971,-84.7829826544,82,-130.566251338
-189.363116717,99600,33.5134562709,-49.598854687,83,-122.780822614
-123.125498974,100800,64.6043960057,113.622986645,84,-57.774449976
-197.689850382,102000,85.4156158774,110.096302932,85,-84.1480687646
-189.772933292,103200,30.8053976502,-57.6288052389,86,-116.172958671
-149.629683404,104400,19.9115457109,-60.622263331,87,-107.933107312
-206.09204512,105600,37.7330446054,-85.3383885294,88,-132.924238302
-174.847733944,106800,30.7840781338,-36.6270022221,89,-115.143537744
-180.596848654,108000,31.6143183499,-44.9999463711,90,-123.290669799
-172.59126047,109200,31.7425910145,-56.3393165449,91,-117.910232193
-126.464586104,110400,24.1520614805,-8.92854069802,92,-95.5168202353
-158.867761316,111600,17.7866672782,-83.353268583,93,-118.527639481
-160.404642069,112800,21.3545684874,-79.7793085107,94,-127.352375461
-141.974897235,114000,16.7805866727,-85.9746822418,95,-114.513872163
-150.901436275,115200,29.3196412734,-9.50435275513,96,-112.564866548
-133.861593644,116400,28.5842892276,-3.42180718538,97,-93.1172342372
-157.536066898,117600,31.6344637145,-16.9165901007,98,-109.193780179
-140.601341646,118800,15.2769367385,-86.5244329869,99,-108.279511744
-134.77946002,120000,11.1789789986,-83.3729814052,100,-104.718180306
-134.852493016,121200,13.9167494214,-81.7753068173,101,-105.543128487
-134.754042372,122400,12.0244944367,-81.1586519117,102,-98.1894923833
-135.823403674,123600,11.8104994485,-87.2487248606,103,-107.916803655
-106.557866855,124800,27.207044248,7.51371758022,104,-81.6837393771
-110.218579374,126000,42.5820009477,62.737203273,105,-72.1809140221
-139.545215189,127200,12.0067846085,-75.919703936,106,-104.60622853
-130.671600004,128400,10.099130284,-85.7999479402,107,-104.04115369
-153.018009478,129600,17.7253754077,-82.5865739837,108,-117.671276423
-131.125831143,130800,12.917671121,-87.2602120184,109,-104.081612084
-150.246288581,132000,18.4920257518,-83.1245605355,110,-113.270129879
-152.777428832,133200,19.8668471686,-81.7883811343,111,-109.977570732
-107.514677345,134400,5.08048407412,-85.6910872186,112,-100.071695822
-140.515673816,135600,14.7332226773,-83.5541208373,113,-109.477182772
-137.132627799,136800,14.6281765426,-84.7963674722,114,-106.302637921
-136.330934947,138000,16.2028775579,-80.0457482293,115,-101.699907842
-127.613273171,139200,10.9747830756,-84.3184600369,116,-100.207412238
-135.298903129,140400,15.7453071501,-84.1948709844,117,-104.051848665
-168.330524005,141600,26.6565153722,-81.2191216144,118,-112.284966538
-126.197804395,142800,12.0999533507,-73.2211471629,119,-97.8031549158
-140.612705052,144000,11.806486393,-91.4741114125,120,-113.804720733
-134.887117823,145200,20.4447865406,-37.2014899219,121,-95.4192045465
-141.993184765,146400,16.3990113477,-81.6404797039,122,-108.382613474
-133.037821299,147600,11.1386968658,-81.9607943655,123,-102.341691401
-139.540262364,148800,15.0600168465,-82.495831946,124,-105.035450514
-148.633621942,150000,17.9294812978,-83.7787741727,125,-110.459003065
-142.067718984,151200,16.9182401471,-75.4549311436,126,-98.9380320698
-131.290309579,152400,18.8674415529,-49.086226461,127,-93.7744796684
-152.496580982,153600,18.2313904458,-77.4328194288,128,-110.163078073
-208.557938103,154800,31.1310392638,-82.3249523529,129,-123.956117465
-138.49547177,156000,14.0211153408,-82.4516709645,130,-104.814293386
-164.826676788,157200,24.6018727894,-76.9110109807,131,-105.131076982
-137.950508877,158400,16.09447953,-65.9427131558,132,-95.489268726
-149.887249642,159600,20.1610406217,-75.0726172845,133,-105.83737619
-148.631566079,160800,24.1580174987,-67.7928586633,134,-107.499193456
-132.346826062,162000,17.0847820504,-72.9675501638,135,-103.732668924
-165.363969092,163200,25.0006913285,-75.8584010158,136,-109.725188309
-169.593033285,164400,25.9659708667,-79.529366589,137,-107.631225127
-145.175358757,165600,15.6095784544,-74.8174467031,138,-108.974055738
-168.284978232,166800,22.4847259862,-79.73334866,139,-118.413141545
-135.098868494,168000,9.49495855975,-91.1782272274,140,-108.020455478
-194.674597268,169200,63.9790662074,64.8818862685,141,-98.5424690583
-153.169588367,170400,15.3987616552,-83.8669734315,142,-118.588477888
-145.826885009,171600,13.9029868421,-82.4594460049,143,-120.358051411
-203.553620034,172800,35.6678453039,-70.6394095784,144,-131.56349372
-338.335256983,174000,46.8199982865,-83.4678552056,145,-169.332128086
-175.490545078,175200,24.7852972408,-57.6007088895,146,-123.022008351
-206.838688778,176400,31.7351848877,-92.798580442,147,-133.236920654
-196.245091533,177600,36.6863791585,-92.5706962674,148,-143.215700466
-341.278446821,178800,68.166522743,-83.8331342209,149,-156.897116861
-134.175092731,180000,18.9996418295,-51.9892276198,150,-104.548754841
-164.917354337,181200,21.6693222482,-75.6181417184,151,-131.658891061
-140.508961231,182400,26.4822337705,-17.5996003583,152,-94.8287703203
-119.246942302,183600,18.4466110742,-53.7004917142,153,-90.9543212498
-152.855325843,184800,23.0519874015,-69.9890504946,154,-109.366749546
-155.224274695,186000,29.4771245204,-49.2360294298,155,-102.234550518
-146.215723062,187200,25.4090614237,-52.5094682927,156,-85.3292383599
-162.267715245,188400,26.6624011598,-73.1915483339,157,-104.430028241
-132.46250972,189600,19.939868816,-64.8026511638,158,-94.0099503007
-180.116734526,190800,36.9629527582,-33.0302645085,159,-102.66314535
-138.684328781,192000,28.7714442712,-40.891770879,160,-86.3572795719
-225.981381016,193200,55.292336652,-7.90398891756,161,-100.535075469
-141.244151496,194400,31.6698486623,-11.5219972793,162,-87.1121786282
-179.717973446,195600,49.1759130471,17.8866558154,163,-93.9771075109
-233.295684902,196800,76.4461295586,98.1464758048,164,-63.4076556477
-274.76310652,198000,40.8685956397,-62.0681435193,165,-122.352798266
-198.810017554,199200,60.0384430891,4.91029614284,166,-102.224064033
-195.948248365,200400,37.9892523908,-70.1890253358,167,-112.265576604
-319.809702923,201600,89.6083538861,51.8211280867,168,-75.4619393234
-192.682358301,202800,40.6402613531,-58.0346987215,169,-112.042025065
-307.777270421,204000,54.6667512665,-50.1392216342,170,-138.003480925
-199.63352453,205200,74.4197391945,108.433580998,171,-51.9441455915
-193.078284254,206400,48.3349019998,-40.6249989232,172,-107.686777697
-211.013339012,207600,43.3238278685,-57.7431110296,173,-116.319812703
-189.955759101,208800,39.2863776006,-74.5056243024,174,-113.637373991
-183.782619596,210000,30.0829198036,-70.7897848485,175,-103.048527031
-322.898841062,211200,75.8502258965,-9.64265306615,176,-127.990611082
-167.349407957,212400,36.0820011927,-49.3739496087,177,-87.5307592581
-300.08853315,213600,58.8026069406,-69.8701787007,178,-148.655934604
-217.292561144,214800,57.3575581123,-8.0090271845,179,-98.6347758096
-191.516059466,216000,43.3508624606,-41.9693574137,180,-105.829672185
-216.249478438,217200,52.5164208572,-43.8489825125,181,-109.711448452
-180.821115051,218400,68.3780394954,48.5990203474,182,-69.838063639
-186.719438434,219600,55.4229722609,8.91583275972,183,-77.2688660347
-195.006908385,220800,59.9400475125,-6.61810059871,184,-85.8166895033
-210.414231819,222000,46.4582103509,-68.2603429776,185,-123.519374605
-297.319018877,223200,76.2565868624,12.7443376842,186,-122.465265932
-213.279635333,224400,55.3962425048,-42.54897679,187,-115.779055416
-271.824963174,225600,82.5426358072,30.6949777908,188,-114.689621068
-293.512847134,226800,72.6994326021,-46.6035553643,189,-145.931846908
-353.644175369,228000,90.9584232761,-20.8237213649,190,-149.506832848
-342.040266313,229200,93.1688737429,-14.8581767714,191,-144.631622148
-315.899185464,230400,80.2395152545,-50.2160371187,192,-154.450365956
-353.09165641,231600,106.5661872,-7.57577928328,193,-148.494016739
-278.962428512,232800,69.7926515944,-73.1707436192,194,-163.390958019
-339.404528372,234000,82.0627402527,-39.8090884542,195,-140.426759162
-252.985612486,235200,86.6204145986,10.4231935815,196,-104.801002561
-246.302255159,236400,85.6137658825,34.6388927963,197,-91.0350449952
-227.211575033,237600,77.6692977951,12.3729141916,198,-88.1470373742
-298.127006291,238800,70.6255920109,-31.9708023382,199,-109.207537603
-285.480876026,240000,90.4042065812,52.0177711914,200,-89.1255925199
-260.118991279,241200,66.0582487552,3.26300414229,201,-82.4361947568
-199.163159321,242400,63.6258624181,5.52588084806,202,-65.8601594597
-375.022527497,243600,99.823396147,-59.2693916393,203,-185.776193818
-378.058264321,244800,108.201036467,-11.5057831187,204,-139.444752627
-308.010422558,246000,80.6343723977,-32.9228845284,205,-123.475498422
-366.98760043,247200,100.863172257,-18.1751160782,206,-149.280656933
-337.349121998,248400,124.874302429,113.575855474,207,-90.5944562104
-359.054869232,249600,103.586894168,8.39245304277,208,-173.080695712
-345.26877618,250800,69.0183185596,-100.0,209,-194.913047363
-325.501682737,252000,78.7446532007,-40.2086320885,210,-151.866358757
-350.874534777,253200,98.3075603042,-10.1336199099,211,-145.832156756
-307.564486982,254400,78.3065699882,-28.1276986223,212,-147.783278594
-347.57348745,255600,94.1497240208,-64.644563069,213,-166.216044252
-298.649848103,256800,89.9655071129,-27.2546589338,214,-146.181693589
-366.524392183,258000,90.7467051374,-28.6780840006,215,-132.274518629
-255.048076254,259200,64.2923767266,-41.231655101,216,-105.77695678
-281.872291185,260400,58.8504854317,-57.4962060236,217,-111.551144196
-285.360828262,261600,64.0962884045,-47.6929159045,218,-114.360179245
-284.131003415,262800,61.3830703791,-35.3346149021,219,-120.255071811
-287.179528177,264000,68.2555506031,-2.50520475442,220,-98.3203402613
-247.39437929,265200,72.2477476105,32.6355830411,221,-72.2230500592
-274.810030451,266400,59.2894207743,-40.5530524334,222,-112.346413567
-227.508881385,267600,71.0827186948,12.7390161301,223,-69.5367955668
-274.142146745,268800,71.9316583714,9.88436515172,224,-103.706225496
-220.639799954,270000,53.2989795518,-40.2529476248,225,-98.8855496337
-200.636258114,271200,49.7086846088,-1.60442608108,226,-69.1180547388
-204.058650502,272400,102.041195729,111.515591301,227,-20.5393176742
-250.819720204,273600,79.47188832,47.9600948988,228,-83.3263169601
-265.490982666,274800,74.9929373352,2.70098760767,229,-86.7733314916
-246.735335006,276000,63.5152627129,-3.83708448808,230,-83.4849741417
-292.720454627,277200,84.7657884788,57.4352142274,231,-85.0812414675
-223.397966019,278400,68.4778349069,25.0150934048,232,-75.1787826184
-276.296705785,279600,65.7879606337,11.2843982477,233,-88.3101367493
-257.660438592,280800,54.8319304338,-27.57351282,234,-99.18970043
-238.270429544,282000,72.4176531349,8.71996385362,235,-73.096149013
-305.814212284,283200,81.608300013,-26.2251749928,236,-109.658535455
-167.432393012,284400,56.5308513511,16.0258891506,237,-71.4059352528
-295.076778018,285600,84.9594208194,1.21576936572,238,-99.151638236
-266.193584838,286800,70.9765009075,18.5302911602,239,-104.899261368
-244.448161595,288000,66.9851273789,3.76412069678,240,-86.4254916732
-344.151062304,289200,85.5192603607,17.7668200351,241,-95.3457240356
-379.316012195,290400,111.619410804,31.5763982543,242,-114.141707598
-354.659563697,291600,105.868143127,23.6283307403,243,-106.165934165
-236.548887905,292800,67.3643499145,6.38599987727,244,-99.5690177031
-272.645645073,294000,95.093336657,19.2772765066,245,-103.318238812
-329.50426777,295200,89.6270590761,-30.2768886664,246,-133.797664817
-352.37959327,296400,104.593659754,-57.9292217881,247,-182.73359729
-389.344222246,297600,102.587294492,-71.7067345387,248,-180.042113252
-404.165889625,298800,113.350965049,-86.7077762916,249,-229.31800024
-371.78116942,300000,101.381180328,-83.7562222698,250,-195.39934262
-388.458289109,301200,112.817067646,-70.4596346301,251,-185.186982842
-372.397006209,302400,90.7253413493,-81.3311098767,252,-194.82956007
-384.576078876,303600,115.186084794,10.4785494466,253,-165.417942559
-412.183550571,304800,116.493385368,-58.1603799921,254,-201.802669218
-365.11296457,306000,82.0535767446,-38.4182433122,255,-139.430122114
-375.77065172,307200,112.138035104,-46.0746010713,256,-187.418973104
-378.347871939,308400,118.410306896,-15.2760210779,257,-174.326628662
-361.077289502,309600,105.356488531,-26.3792787166,258,-181.245994355
-286.255959444,310800,63.2950693749,-39.8620161575,259,-126.181373667
-349.527863755,312000,122.171715511,15.0371200993,260,-159.404923898
-259.136293097,313200,65.6238921524,-6.0956106014,261,-109.826075412
-365.328614176,314400,101.944981081,-37.4457997586,262,-155.102185441
-282.818429393,315600,78.991937174,-28.4190847036,263,-139.864582371
-241.824038281,316800,54.2322141339,-14.2826115036,264,-109.937094269
-348.409966269,318000,82.6404468446,-54.5437288019,265,-146.117350218
-368.297780207,319200,114.615105453,48.6349586632,266,-135.711910097
-392.104337922,320400,104.995427546,-42.7406305099,267,-221.662113995
-338.229461687,321600,92.509842738,-32.2337275922,268,-174.537183401
-343.083333098,322800,86.8505756185,-1.99291597534,269,-177.905831136
-389.443916675,324000,100.760846478,-80.5978253329,270,-242.670855074
-308.292730579,325200,98.7109017911,-15.4946169107,271,-170.165514041
-362.582728126,326400,96.4745303843,-41.2860224952,272,-225.904046388
-318.129313203,327600,73.4406759018,-64.025075653,273,-164.583592083
-369.001850699,328800,104.031217737,16.2429279305,274,-168.649023742
-331.737408436,330000,80.2648635921,-27.4346545387,275,-161.872214951
-369.214268243,331200,110.559177458,21.5777997713,276,-144.711090596
-269.897672286,332400,92.1901787913,17.2940851083,277,-121.846488099
-342.062888038,333600,82.3877698288,-44.4454042929,278,-152.474157931
-295.403369353,334800,93.7162158659,43.4815239804,279,-139.832466187
-233.205888669,336000,55.8583193415,-3.7566659389,280,-97.4064952465
-285.30136555,337200,106.413002872,53.9084321949,281,-99.7995428706
-362.332246711,338400,79.733737916,-10.0319023074,282,-192.383677974
-309.680545687,339600,70.0738583129,-10.7069952982,283,-163.08253029
-283.400886706,340800,94.4681746807,62.7836844013,284,-122.406640682
-355.606431586,342000,83.5175560111,-31.2870897313,285,-198.800507531
-270.465571251,343200,101.643938857,75.5913021732,286,-128.350956551
-385.943088547,344400,68.3513001912,-95.316444642,287,-204.424145614
-280.653300274,345600,112.435788049,99.3647356405,288,-126.132948321
-378.760611595,346800,73.4547217336,-97.1828837811,289,-216.211849587
-330.937337646,348000,58.9186154694,-94.8927664437,290,-201.617030795
-387.9136628,349200,117.957934339,40.3146532144,291,-168.435962305
-368.017298343,350400,69.9510999176,-93.926675959,292,-211.430536572
-300.912533776,351600,74.9873488004,-14.3076897595,293,-175.817622948
-375.385047509,352800,123.024473009,66.8553275609,294,-184.725977917
-477.133129342,354000,90.3667823821,-81.9547843039,295,-221.830750446
-339.093630989,355200,76.9041618672,-55.7376337132,296,-178.97050678
-345.790249323,356400,80.8587939443,-32.7264891767,297,-204.556837678
-350.23786839,357600,82.4169311621,-11.4937037087,298,-186.630174784
-423.428632613,358800,73.2103401615,-87.2877543928,299,-199.673861888
-363.645141947,360000,100.004807599,76.4775864322,300,-166.119721954
-269.361179148,361200,79.2614130635,2.33552716298,301,-135.662610109
-423.732071833,362400,86.1753140699,-66.7365644372,302,-188.483651608
-246.819914469,363600,56.1578741379,-23.2093553483,303,-129.875028776
-267.714299907,364800,47.6183967072,-82.9337211077,304,-154.017885574
-258.960983499,366000,73.0264234928,11.492424098,305,-123.3469074
-252.279976334,367200,67.6819891383,-11.2166773758,306,-108.462757807
-230.434369886,368400,90.4242971455,71.4517804876,307,-72.747811999
-357.988502689,369600,108.708396657,56.001969472,308,-112.914389082
-234.224481149,370800,83.0360735286,65.5818438239,309,-79.3622245898
-236.309606532,372000,69.7096663884,28.5879367344,310,-73.2729867272
-237.647170523,373200,52.8835975976,-31.3098799529,311,-106.166596082
-318.911349362,374400,100.724819883,44.9638975976,312,-83.8729383529
-140.072518318,375600,59.2781156074,67.1853554051,313,-47.6564544101
-244.659471314,376800,71.5304870824,43.8104347179,314,-60.1200209602
-190.846576193,378000,50.1885979081,-0.886877626747,315,-88.6027975666
-156.986770675,379200,38.1078505425,-17.4566095729,316,-70.8469956486
-167.221066138,380400,87.2105096435,128.414993741,317,-14.4921647006
-156.321711835,381600,51.0054524618,26.007937057,318,-57.9572640037
-162.898333424,382800,66.5073751375,46.9340589088,319,-66.3530882611
-313.643082831,384000,66.5493363504,-30.4605001088,320,-117.924720995
-183.481073895,385200,37.9938505445,-26.4357305782,321,-82.7287718649
-168.89501918,386400,49.4168190566,6.53053233702,322,-72.4999344418
-164.002854238,387600,57.9830775558,23.9707836494,323,-62.8954429977
-178.29988226,388800,67.2344099558,27.5185956682,324,-74.7575821161
-189.85077707,390000,72.5310752894,47.6538772144,325,-75.6034060486
-154.736547626,391200,55.5789526325,49.7236386737,326,-68.5261772438
-190.385285652,392400,60.4291045652,31.1947065239,327,-84.4018909926
-182.728012987,393600,82.3312808001,96.1688748606,328,-62.0475250822
-237.041201699,394800,52.4740898906,9.57448282409,329,-90.4178539096
-185.034191528,396000,54.6995245446,5.30844115264,330,-88.2580971529
-157.342896006,397200,65.5516332352,77.2853498469,331,-43.2897489668
-136.050748608,398400,36.914758763,-8.1164979889,332,-66.5698750892
-184.252459335,399600,79.1710830618,68.5258386895,333,-61.5493471154
-203.493013352,400800,78.483073676,67.0386803686,334,-93.32868793
-157.760273639,402000,37.1998594719,-33.5788846508,335,-80.836442506
-251.803239888,403200,92.153615124,80.8964746978,336,-81.317335302
-173.762722845,404400,71.8882441258,85.7520425622,337,-53.5162014488
-214.690810523,405600,72.0739158167,34.3796617334,338,-85.4849821755
-242.222339279,406800,65.9718340365,-18.1108101483,339,-108.371462464
-257.544537433,408000,79.8679807916,9.93732812039,340,-115.169693028
-257.818263634,409200,85.9029741177,3.15539252384,341,-110.906354615
-236.578941664,410400,94.8093052271,116.548057227,342,-82.6267012996
-183.428821777,411600,75.977880983,79.3403616438,343,-49.0478110751
-275.711235228,412800,69.3907473861,-46.5342069014,344,-144.850845393
-187.364592802,414000,80.6560910146,76.9113453013,345,-63.0997440808
-163.235779136,415200,56.6476721254,30.2674890236,346,-57.5171625909
-302.153557769,416400,62.9974209065,2.06654365254,347,-109.936345254
-192.166779535,417600,47.326212405,-4.98823011653,348,-94.8466684755
-315.442734142,418800,100.590983272,52.1158350254,349,-123.888199487
-225.423988739,420000,58.3711926708,-18.7751995546,350,-100.432034804
-153.459373277,421200,59.9495988744,54.1005567887,351,-66.3861143997
-240.337041645,422400,46.2270539557,-50.5014853647,352,-116.787782699
-205.073076484,423600,52.6016441619,-16.5914044398,353,-90.4410766488
-189.865039503,424800,65.1132026974,19.3904001066,354,-82.3273578411
-201.901123916,426000,93.412613339,119.456225777,355,-60.9634965268
-257.192097618,427200,59.1962902307,7.84605249822,356,-102.259621847
-152.134994196,428400,45.1533539103,-5.85881873155,357,-66.5643991167
-180.899810751,429600,51.1293850437,-22.6477943863,358,-97.7905668569
-194.895831781,430800,54.1523684586,-21.7525631474,359,-109.923702786
-205.494811512,432000,60.626821217,34.8096810831,360,-89.1795641403
-184.491236383,433200,45.8686766088,-40.0574525344,361,-92.7980450863
-170.503764178,434400,51.445859617,4.92010451161,362,-73.8695215318
-192.64868528,435600,46.2720853607,-33.3963892178,363,-99.592954759
-180.506711607,436800,73.3742026668,71.2222321095,364,-58.2622250262
-189.373010685,438000,43.1010014564,-51.9568731215,365,-116.923025437
-320.372343152,439200,71.2438636958,-10.6738973983,366,-134.510633728
-176.099362944,440400,39.5792173825,-38.2033807918,367,-92.755595066
-282.398445267,441600,111.048621588,118.063548622,368,-84.5845151407
-179.64698219,442800,47.9472555137,-32.5631829254,369,-100.954004638
-135.227194357,444000,60.4854759284,70.7867426707,370,-51.093108321
-134.569540812,445200,22.3793954675,-50.635672456,371,-78.4188132953
-157.323695606,446400,27.3218025974,-50.9791432613,372,-88.6614816905
-144.132301028,447600,31.1911320193,-45.8856313455,373,-83.4552334993
-182.521841649,448800,51.3408173565,-9.53746961239,374,-81.3478941207
-120.911811519,450000,51.6142838338,59.6646856768,375,-40.7267823114
-120.826198277,451200,70.2774152975,101.6338955,376,-27.004786182
-159.085991273,452400,39.6370220954,-22.3731385714,377,-79.4179485035
-253.217767056,453600,50.328737375,-42.1233995043,378,-130.11260209
-180.927052785,454800,42.4503130505,-25.3756562101,379,-98.7817587751
-168.636960268,456000,53.0860429304,-5.63753994873,380,-68.5602164957
-259.545645429,457200,67.2663848641,-31.253501566,381,-118.287544616
-176.03873463,458400,45.4158088229,-33.9731120608,382,-92.3467005014
-191.098850992,459600,48.3174251787,-31.1093786202,383,-118.939136268
-342.299782348,460800,76.3558518223,-38.4167075107,384,-137.650340405
-164.576706422,462000,77.8606497561,102.472912939,385,-52.823345633
-310.279449423,463200,63.5717966439,-48.2618917404,386,-129.286428367
-179.402642703,464400,41.7231976465,-24.7994881198,387,-88.6175395854
-196.739921391,465600,46.8154419704,-30.9208178444,388,-87.8878993344
-105.874359833,466800,62.768920464,128.140642223,389,-1.42031495344
-337.418481252,468000,60.59125238,-58.2756983202,390,-174.554472721
-152.826212066,469200,62.9931062681,67.9427381021,391,-51.6462313808
-237.617001868,470400,85.2136211858,86.9767392773,392,-64.6750697477
-269.698184613,471600,98.3345181187,125.348268883,393,-68.8491313363
-305.18029831,472800,56.3361345978,-37.3253152163,394,-122.964127571
-144.942709923,474000,37.3083975433,-7.37825612256,395,-78.7311799254
-309.635378181,475200,94.9053103478,69.0366695239,396,-94.7288580911
-147.315432282,476400,73.0689404529,112.091259878,397,-26.6066005095
-139.730060926,477600,66.0531241357,90.5438881353,398,-21.4331922681
-505.0128748,478800,134.639562705,-38.9415113755,399,-180.854772127
-151.816265048,480000,46.9035683543,15.7736377394,400,-83.1373890863
-140.135285039,481200,24.8267843241,-42.6967169836,401,-78.695868133
-144.072547456,482400,25.5794890847,-48.4455753649,402,-82.8540649945
-121.46073416,483600,62.9016734109,90.4632880698,403,-41.7446982503
-149.738847189,484800,37.3108557685,-13.9076340721,404,-75.8164471132
-138.680961702,486000,29.1070317542,-39.3304866993,405,-78.6258438349
-156.692546087,487200,39.5928871084,-1.68822455974,406,-72.2651113206
-326.518695482,488400,95.4653006151,34.2850260701,407,-107.019682144
-131.939350952,489600,26.7916594159,-17.4696765689,408,-71.3833170321
-197.755358026,490800,39.2545300512,-50.9662565279,409,-109.621445978
-129.169570348,492000,27.1070975268,-21.8985523663,410,-62.128594839
-135.217016515,493200,37.7601026204,17.7762264589,411,-62.5462534178
-155.860213033,494400,45.3541735008,38.0154961183,412,-66.2418554764
-114.725305817,495600,46.4328234837,68.0688619178,413,-50.0858833348
-141.322292633,496800,28.9910042644,-16.7780275635,414,-72.6232392707
-233.795151369,498000,49.790200607,-58.6696423023,415,-122.450776818
-197.921743357,499200,44.4453410581,-24.8226654686,416,-103.190687138
-127.308939883,500400,53.8880939524,71.7346812328,417,-62.3199384975
-307.914597479,501600,78.2684605144,-14.4606923626,418,-144.380141503
-244.285598165,502800,69.8328592957,-3.43045827842,419,-105.256552934
-256.735339288,504000,58.0510751263,-2.17792467833,420,-142.872642362
-263.872132809,505200,64.8837587968,-29.2109312169,421,-148.803143968
-171.89123812,506400,29.1841550245,-39.292991124,422,-111.425304968
-216.661359055,507600,45.0794779278,-51.3150513172,423,-109.111409184
-181.601492907,508800,64.0710289695,134.404227732,424,-64.4630915752
-205.21042798,510000,35.9406751558,-66.3921351716,425,-126.534124377
-238.146277184,511200,53.0845487475,-36.2179705001,426,-144.717636994
-290.103758556,512400,66.9310487024,-13.2740814275,427,-142.554130758
-223.641640665,513600,46.7990731121,-23.4319520666,428,-106.26700354
-202.710952913,514800,42.523368504,-16.3607609396,429,-132.159798041
-219.193000007,516000,40.9042006279,-78.5164357698,430,-140.151945417
-261.688509464,517200,61.745496672,-6.91183715128,431,-132.370934799
-220.721813442,518400,49.2275055884,-42.3674738065,432,-111.924707491
-245.912214926,519600,58.7870468265,-55.6867430099,433,-123.279895841
-165.555600149,520800,34.4041484229,-47.7878687582,434,-92.6458994977
-173.277897277,522000,39.826568341,2.12907522914,435,-87.8023869859
-174.502853747,523200,32.4269998581,-44.0579126535,436,-85.3934321901
-165.250863882,524400,38.5185017637,-20.8663845534,437,-80.3914651999
-146.098308566,525600,43.1922608199,24.5397289905,438,-72.8119623033
-175.344312941,526800,40.9847530094,-19.6412211714,439,-71.4782998628
-144.739463287,528000,28.2510806483,-36.0223753648,440,-70.2401368074
-143.625208061,529200,46.6559021681,40.8954981296,441,-47.7729227415
-164.929332347,530400,30.6622952554,-34.5974622263,442,-75.1650631711
-192.547218263,531600,41.8032471623,-31.2897522646,443,-81.5321198508
-178.364882383,532800,40.6101509632,-22.2124996284,444,-72.5934261932
-158.250208689,534000,41.812415663,-27.7378112478,445,-76.4661186748
-161.079816204,535200,49.817078044,44.6060685295,446,-54.4975251306
-129.774204448,536400,28.0741987837,-25.8598689697,447,-71.8274735164
-155.568615126,537600,33.2696199886,-30.8643288428,448,-78.7130184898
-194.393142535,538800,57.2080071094,-2.05070258183,449,-80.0986569164
-148.104292573,540000,26.3588151371,-52.8440881761,450,-80.4215049138
-179.624665971,541200,46.9084050232,-8.48782736635,451,-76.554990184
-198.581420352,542400,59.6306582485,-3.84720535626,452,-78.7567442152
-239.717364995,543600,72.4407414176,7.64096208676,453,-82.9385393718
-183.734631065,544800,60.1066411078,16.9683547936,454,-70.0965732264
-277.582131294,546000,91.7709523214,96.0896690442,455,-73.1241038723
-264.694141522,547200,69.2758278546,-41.1449745906,456,-103.319621458
-279.536548668,548400,76.4503236687,-33.3075007127,457,-114.976514479
-294.554058411,549600,69.116279471,-44.2576154102,458,-116.040919303
-304.748815155,550800,100.534119933,125.589318379,459,-62.9802842181
-309.905114345,552000,77.5966205227,-36.4317554213,460,-121.068479844
-281.626425008,553200,64.4123399169,-24.0822424725,461,-106.195267002
-316.962557474,554400,77.2858598245,-72.2259838501,462,-140.711750551
-353.871897429,555600,68.9623770406,-88.9274965858,463,-153.272031762
-292.568572809,556800,63.1136165747,-81.6670438691,464,-141.568475529
-264.2680667,558000,63.7708056263,-83.2060881757,465,-138.7066873
-309.693614194,559200,72.3818744756,-89.8075069261,466,-146.549989586
-266.908408031,560400,58.7610531269,-88.5394952272,467,-142.142322226
-313.470189746,561600,63.7487258114,-96.1287773809,468,-158.458418732
-349.285388811,562800,82.1203998624,-99.5286154569,469,-168.40568706
-367.286944567,564000,85.668418063,-92.3918624446,470,-175.307666406
-311.267341675,565200,55.8976976412,-99.6384521433,471,-149.271681985
-382.228020705,566400,89.3700973394,-100.0,472,-203.660608135
-342.533817891,567600,86.5714386538,-100.0,473,-219.339828188
-257.703308421,568800,51.733425894,-99.881083244,474,-160.3900648
-345.29159612,570000,79.5069362954,-97.8312272039,475,-197.753201578
-318.926386417,571200,76.9922804711,-81.5397418948,476,-164.303200547
-273.978096634,572400,60.2195762822,-80.8652894926,477,-152.477141773
-387.605520112,573600,92.2320116705,-94.3469475414,478,-182.498080106
-228.804022038,574800,45.4519009181,-75.3767511959,479,-131.125313857
-312.163376361,576000,80.9822697831,-77.1161548151,480,-171.607904835
-233.159642629,577200,32.3799267862,-85.6557147229,481,-118.500690061
-270.468128444,578400,55.497065997,-68.9932660351,482,-132.236755082
-266.244267438,579600,65.4415321091,-63.4738710098,483,-125.211657243
-244.108521636,580800,48.8808340976,-39.1881943081,484,-110.951297528
-217.813535115,582000,44.0941476964,-44.8527154755,485,-104.369974699
-273.980051207,583200,59.8550382112,-43.7245639187,486,-117.170088061
-224.103311064,584400,38.1469052184,-38.2439949932,487,-101.191378108
-178.834442717,585600,21.8548235726,-60.0887404803,488,-98.5714927381
-162.063355541,586800,23.6547138866,-41.4992383611,489,-94.191639403
-209.915780212,588000,37.4559698134,-27.1363957674,490,-93.8205331715
-222.138189528,589200,48.7526136724,-21.722328413,491,-85.4681234581
-186.822137675,590400,26.7659732525,-52.6391887823,492,-100.959983588
-227.983526794,591600,49.648337065,-22.3103823547,493,-90.7289455444
-188.654575066,592800,27.3755139413,-48.1905640875,494,-98.6459699133
-193.753520539,594000,37.5079836447,-25.6043976917,495,-96.9585063687
-227.219870138,595200,41.2144012603,-32.9280865277,496,-101.973065698
-194.182233572,596400,41.7513663824,-16.2903150017,497,-89.1032387757
-153.082224803,597600,27.8142309386,-23.6136442512,498,-91.9025307298
-206.146421005,598800,40.3242019879,-22.6368762822,499,-91.1881081647
-187.55192636,600000,32.5233115344,-37.2197444239,500,-102.734831645
-232.945165785,601200,50.061420615,-17.3231495033,501,-91.0779366232
-181.088290937,602400,26.1552339234,-45.8991966574,502,-95.3608382307
-181.208332107,603600,24.2625073324,-48.1574273852,503,-92.2293588726
-219.518742003,604800,32.9217927081,-43.952194545,504,-101.106046222
-245.359523476,606000,44.1792871993,-58.6100891804,505,-102.883320438
-284.6034466,607200,61.3318667508,-50.116672556,506,-119.192675525
-163.602986603,608400,20.7016575211,-62.7487838114,507,-102.140494489
-191.324047815,609600,38.0176069236,-51.0034053171,508,-103.843298942
-263.039074119,610800,44.7863605751,-62.4093583791,509,-115.539001581
-240.022866065,612000,35.0077416175,-62.0847352101,510,-107.76041393
-177.85215507,613200,18.1681160303,-63.8803888991,511,-96.310335518
-254.605282643,614400,50.169446423,-54.8144831929,512,-108.82025035
-209.09267018,615600,50.6887859544,-36.611963117,513,-106.003300692
-120.24704254,616800,7.87363092655,-80.5960627916,514,-94.4366276129
-168.282978041,618000,25.7430881583,-39.4245545738,515,-95.9598346555
-210.303225598,619200,33.0383370185,-51.8698022214,516,-97.7636835834
-253.090055762,620400,56.5184524414,-25.7808449715,517,-105.064575938
-229.925338044,621600,37.3632253616,-44.3760375969,518,-108.523903882
-269.156209863,622800,49.937065791,-45.895430282,519,-113.715648379
-206.732954538,624000,44.548726626,-30.7785315068,520,-97.4863595638
-258.571402582,625200,54.9141681684,-19.6437217159,521,-102.768686
-205.438448767,626400,32.1983838169,-48.5458230324,522,-99.6571421574
-272.748652807,627600,68.915377832,-39.7287735261,523,-120.398288536
-282.128856433,628800,69.6858322903,-32.6988185587,524,-120.297348081
-251.457025375,630000,48.3487074569,-54.4787671427,525,-104.722457673
-280.774221872,631200,64.7024022492,-51.6095626006,526,-119.957216496
-254.273504543,632400,56.9835386274,-34.9973075271,527,-116.270341462
-254.906252225,633600,45.8371097215,-68.1241896529,528,-109.571985424
-214.314608587,634800,49.7909038399,-45.226380989,529,-115.646200471
-263.083053647,636000,66.8774762992,-64.2377964061,530,-139.490301976
-299.674244973,637200,74.6844036992,-61.7504146656,531,-147.625619479
-297.746102011,638400,71.5071181503,-47.2263438515,532,-145.225414139
-324.108639029,639600,78.1692581778,-38.471086581,533,-147.305310732
-285.980506765,640800,64.1894999123,-66.1712260268,534,-138.247692639
-295.672296892,642000,72.8297546254,-78.1681795519,535,-161.7843123
-259.463288374,643200,57.8570559555,-65.6974068022,536,-138.85531135
-287.709408874,644400,69.2251404034,-66.7659804137,537,-162.085834942
-341.448041778,645600,80.6069481471,-84.0680562728,538,-185.639077447
-284.131868275,646800,53.6099549411,-79.2639627179,539,-133.972602815
-358.670827675,648000,92.7820859511,-89.7595148321,540,-223.26517054
-386.235065145,649200,94.8868639358,-100.0,541,-273.918875027
-339.285575575,650400,78.6570831052,-83.9074955523,542,-186.352177353
-299.527003615,651600,62.5685803381,-91.2056243259,543,-142.509361939
-353.596558849,652800,91.3816717168,-95.182977124,544,-204.950395169
-228.128214343,654000,35.9438772663,-87.4477993705,545,-124.492221007
-310.935704538,655200,72.3798706158,-85.6206037088,546,-150.930722627
-317.210087731,656400,72.8478070796,-71.5350105721,547,-141.721161305
-267.105132391,657600,58.0379760817,-80.3322662066,548,-126.866359865
-260.245324172,658800,53.5098170527,-59.6185556525,549,-108.689113942
-284.673290971,660000,64.6580739158,-55.8993630201,550,-115.632818719
-261.522177435,661200,71.334326608,8.84837511411,551,-95.3257538324
-288.797578187,662400,80.1257698376,-17.2402522202,552,-121.240950596
-263.937837113,663600,67.779511502,-35.3204215724,553,-110.393326857
-260.533856909,664800,57.8101955083,-46.8835728783,554,-106.309384
-217.236720623,666000,67.3235775116,17.8721444085,555,-94.6981137062
-254.535324064,667200,69.4611396724,19.0463708693,556,-101.522786423
-228.423270904,668400,65.5131678383,23.9754503931,557,-106.220199732
-315.82900039,669600,91.2736659208,11.9483399404,558,-106.272935802
-250.109877842,670800,88.9112829929,63.6542547484,559,-107.874258207
-342.836935082,672000,110.592207485,28.3919208421,560,-127.235313461
-280.430971742,673200,89.1410298862,37.6751117204,561,-122.243072019
-240.357621269,674400,84.4067261322,70.0407227359,562,-102.80746841
-263.991465504,675600,73.7524205779,22.7809057411,563,-110.042297458
-242.10053742,676800,69.7617299343,4.86081089125,564,-95.849665797
-212.13218936,678000,42.1671911101,-35.8092855991,565,-117.60583913
-223.97577223,679200,70.3784007704,15.5763201999,566,-86.6112771046
-237.965835212,680400,73.6166375195,53.5013981901,567,-86.4404574626
-227.612492876,681600,71.9130707537,-0.767018379809,568,-90.8322682326
-264.746054684,682800,69.1816016958,7.53862380227,569,-78.8747066945
-224.691923211,684000,65.5542424991,35.3974492385,570,-107.306730285
-227.029768779,685200,58.8980551872,-13.0056792502,571,-111.329340634
-209.668793944,686400,45.5506593632,-25.5348622617,572,-79.9156588796
-223.862709966,687600,54.2883153036,-11.3508476321,573,-100.912817022
-241.883051793,688800,70.7432347391,-0.0237813759679,574,-97.8234058087
-154.461657474,690000,22.3231593951,-57.4408893007,575,-99.4928972947
-250.964077184,691200,72.8796868349,-3.44856567732,576,-102.297113854
-260.239399214,692400,59.167583604,-36.8569841514,577,-116.711751417
-247.601563175,693600,52.1145102559,-40.9267066172,578,-103.000801351
-301.803027111,694800,72.1258712072,-36.732787131,579,-132.043880556
-253.605582667,696000,44.1758707499,-68.2181850503,580,-106.456192452
-274.439212748,697200,71.9712371582,-32.1661830757,581,-121.819035202
-246.836800852,698400,55.2791320315,-17.4178170569,582,-100.104396603
-270.352681496,699600,69.4236852353,-28.2736814565,583,-116.848694395
-277.352247412,700800,49.5965385486,-61.321041907,584,-132.831527824
-282.480278639,702000,55.6987274552,-42.3510247245,585,-104.439552703
-249.056987685,703200,57.2506603592,-52.7005674335,586,-116.494929298
-286.47522669,704400,72.9991079502,-23.940135278,587,-131.229769699
-268.069045743,705600,75.5813201921,-34.2680153253,588,-120.496635966
-258.700461784,706800,69.3747457983,-34.1067909204,589,-129.233365389
-294.490714399,708000,60.7977638231,-97.3919298927,590,-164.969350928
-334.378513656,709200,76.3922243361,-30.3884723676,591,-129.657839248
-289.5785462,710400,71.3495823718,-46.2941069563,592,-129.395088821
-335.714252829,711600,84.5089092475,-35.5559971743,593,-150.119002726
-303.999161136,712800,76.171693236,-53.292864585,594,-136.852693128
-210.963146937,714000,45.8148742501,-44.8661725124,595,-95.9023718912
-243.859406869,715200,64.0140500421,-14.9506527704,596,-101.007810801
-309.371966676,716400,62.3345917066,-35.714490713,597,-108.030810327
-246.845258253,717600,48.5713267018,-52.4436447805,598,-112.824173778
-221.845045994,718800,48.8313311922,-43.7510545116,599,-112.248109493
-242.746066575,720000,63.6153709894,-25.374691119,600,-96.0869076007
-272.960611209,721200,67.6578679998,-45.0911361993,601,-114.323835943
-263.865746928,722400,63.0664403709,-20.0002402767,602,-102.652840831
-276.683590801,723600,59.5943822074,-46.5849703646,603,-115.616987563
-223.431125236,724800,38.983673272,-41.5007322107,604,-103.852078734
-206.777953621,726000,36.8311001452,-52.6675244993,605,-108.372932652
-208.061034761,727200,48.0053541542,-28.0398810969,606,-89.3888208157
-222.345655943,728400,42.6834172607,-64.2622220516,607,-124.487485023
-199.2979211,729600,37.9737309941,-43.6917336751,608,-115.889089783
-215.449992284,730800,37.9537718462,-42.8060643818,609,-95.9961879971
-218.009207225,732000,53.787093564,-2.98642572385,610,-123.929862696
-230.085328806,733200,46.3253873028,-45.856329982,611,-137.955636031
-201.831376326,734400,63.3769067289,102.060540167,612,-89.2545779663
-215.572950173,735600,45.0694580133,-57.6068512009,613,-140.307985361
-242.54554298,736800,48.6872930363,-51.2396897513,614,-132.371208245
-188.026636468,738000,37.7413811082,-35.463230066,615,-116.128006717
-258.129101079,739200,68.6310748906,18.5877321862,616,-139.594875862
-230.204906979,740400,48.2713983306,-33.1156983394,617,-126.782734067
-190.574087216,741600,24.924816176,-63.396144891,618,-131.68520783
-236.627353892,742800,46.5601508219,-64.0592115353,619,-152.138525774
-223.294630002,744000,78.6630771044,85.8901672641,620,-69.1004412105
-246.133963245,745200,77.6428196655,67.6448665387,621,-51.497108005
-223.828631743,746400,57.2947788891,-10.9482153212,622,-132.37836739
-405.419362697,747600,109.524925979,86.8760262692,623,-89.5512212896
-206.330323587,748800,61.5163915468,38.2986483103,624,-53.5487129986
-141.075564114,750000,43.289700706,38.8150999381,625,-56.5322959495
-227.49872995,751200,65.6400897355,109.906407439,626,-37.7801337652
-393.061995171,752400,72.9820236323,14.1300070408,627,-86.3011136509
-289.253030799,753600,79.4852924029,114.28013222,628,-80.04596717
-344.467795688,754800,80.0396809841,60.4604884223,629,-77.3535470316
-362.803470252,756000,83.9144533934,47.2477739314,630,-96.0488852839
-210.164812407,757200,49.5050563197,61.390829337,631,-39.4331301346
-222.828184026,758400,51.2258700862,11.3388577262,632,-88.1131275198
-263.069860867,759600,94.3235236922,112.510554068,633,-30.6881487492
-247.318913434,760800,65.6080431174,77.4132531269,634,-47.1405403238
-110.044911267,762000,30.3033985805,48.2586230256,635,-20.0048853996
-166.860298489,763200,30.2213910103,-17.9684543893,636,-63.0043242568
-135.903227654,764400,45.8459484519,44.6261099455,637,-31.4662784272
-243.6518961,765600,82.1713101477,35.5235330672,638,-82.6647835102
-160.267016758,766800,51.3287580065,39.5016089682,639,-62.5119544438
-168.205497792,768000,53.052599111,43.4145525577,640,-53.9636754208
-215.130235659,769200,71.2640997094,127.243411518,641,-53.9142663074
-322.552190515,770400,75.3749413019,40.031315679,642,-84.2447320456
-215.28909189,771600,55.8347103791,10.5492439126,643,-88.2707896042
-197.843508079,772800,50.3065798025,23.5591781325,644,-74.820219766
-351.654689401,774000,78.858551681,-2.82002543384,645,-118.773831923
-244.589222514,775200,58.0455250569,13.8556116155,646,-82.5641199218
-386.406769222,776400,94.9954574874,-2.12777245887,647,-137.382597415
-217.508203616,777600,52.2889076819,18.8052554968,648,-89.689694453
-252.419802851,778800,90.194139718,166.388155207,649,-69.5705641379
-185.142549258,780000,50.524637273,43.8024851868,650,-85.9651274999
-232.112900399,781200,62.3863493329,30.9204462639,651,-87.0771561662
-352.977574333,782400,84.9970812369,19.241257085,652,-110.278551548
-217.31370495,783600,80.2028308594,132.052069153,653,-74.195205267
-207.917835338,784800,56.1920071665,44.0570963091,654,-81.4631689835
-192.837246243,786000,46.7028061872,22.7216768237,655,-77.6819798286
-197.032318277,787200,65.4192854925,107.795536748,656,-63.2278031348
-207.730772094,788400,43.5963783912,36.2317395649,657,-76.9955425214
-172.1953758,789600,35.6851159097,7.70621260697,658,-61.3866472768
-136.066756262,790800,34.6495310099,15.3030112667,659,-53.5260847809
-225.471785854,792000,49.9079910438,25.9242996074,660,-76.2894290758
-153.314351111,793200,45.9061340542,61.1145185626,661,-64.4053134819
-158.960498668,794400,29.3128095012,-25.1337489887,662,-76.6820587958
-243.310582276,795600,92.2111176827,194.297011357,663,-79.424822316
-280.767655402,796800,94.2046803037,176.573827823,664,-84.0103490507
-327.19034245,798000,82.4303813964,58.1094793646,665,-114.574607748
-318.616123273,799200,73.3729295724,9.70765681183,666,-103.862128107
-154.114366011,800400,46.1477659565,33.3324899914,667,-91.2213063024
-261.951061846,801600,61.1021161051,5.40943139529,668,-87.4238108827
-249.231375042,802800,46.0006111691,-26.1002765681,669,-107.935833648
-177.363014836,804000,67.1381299528,113.228840817,670,-61.3129750053
-193.112239736,805200,56.4699556526,46.2010079217,671,-94.3865472934
-255.249560837,806400,61.9002851263,-16.7523182482,672,-110.980649892
-250.923124696,807600,49.495975244,-5.6859603864,673,-102.617991465
-195.232894919,808800,53.3682249708,6.67511930616,674,-99.4506278069
-240.19383705,810000,39.5580210839,-39.5409754481,675,-119.342815864
-227.169536668,811200,64.3519963127,41.1052299636,676,-67.4176130147
-163.103925349,812400,19.4661134823,-72.2831945338,677,-112.037557388
-246.72148689,813600,72.8431556841,73.5694334145,678,-74.5236068591
-225.98035603,814800,50.4883409206,4.1380820938,679,-108.050915848
-204.494046468,816000,61.9517473038,72.9311162946,680,-74.5825233211
-179.597585995,817200,47.2088948624,36.0499011516,681,-81.731648718
-211.764530731,818400,41.018446741,-11.1053282898,682,-94.617578802
-142.347809458,819600,63.9176488353,74.4340363258,683,-46.3407404929
-184.356691394,820800,45.8012965209,2.25254980641,684,-90.999391003
-216.616353887,822000,63.8350429757,62.3819951999,685,-78.3504431752
-174.612255558,823200,47.3104124239,20.754502554,686,-91.9474924131
-228.756042557,824400,48.5726486111,-30.0377126168,687,-103.723530128
-211.427537097,825600,38.1296753874,-47.9695042634,688,-112.762222256
-150.236926036,826800,58.7102511081,35.6721150982,689,-59.7252155461
-223.401372322,828000,34.9775691947,-45.9645846681,690,-102.93426821
-218.855569321,829200,50.3980394396,25.8649005222,691,-68.6988158683
-182.931623988,830400,54.6835541942,55.2541402494,692,-37.5637521936
-171.345885661,831600,42.1815929009,36.3402396497,693,-44.3022990853
-119.941544885,832800,32.806028304,-1.38430729666,694,-69.7334955046
-130.858297887,834000,46.0902151234,49.2168076877,695,-46.1138200183
-143.799262463,835200,94.3347746474,179.608653381,696,-0.135095678474
-147.215801642,836400,28.1995905649,-41.4740817909,697,-87.5929209144
-200.582229836,837600,48.9875291067,-4.90459253005,698,-93.4538012776
-442.52376054,838800,81.3382315076,-18.2080930288,699,-140.877586399
-169.471652777,840000,66.7682505463,67.0066894154,700,-48.9251079186
-270.967017769,841200,46.4567798018,-81.2387925011,701,-155.519340185
-211.916822353,842400,35.1316045258,-64.8319689619,702,-130.021215666
-227.849827159,843600,69.0798845716,75.4012362414,703,-87.4821548478
-170.96541483,844800,31.8303688138,-44.6033136616,704,-98.9904964407
-244.779825297,846000,41.8249590778,-71.6873349104,705,-120.545353243
-185.813681967,847200,36.8309759149,-26.1792244435,706,-117.153003308
-204.759903619,848400,107.673689067,154.992871182,707,-21.1627215232
-163.245939844,849600,21.220082059,-81.5290225085,708,-115.704102419
-195.046476089,850800,50.998000987,34.2809514921,709,-88.4948121996
-162.540758331,852000,37.9965252017,-18.9192573876,710,-88.4354616432
-223.9533694,853200,39.5618938253,-64.9625788371,711,-135.068321688
-174.371923038,854400,27.2917391493,-71.1287584089,712,-118.148452019
-190.907932096,855600,41.9711156636,-28.6581306906,713,-100.958470079
-152.415785688,856800,60.0110128848,79.5931740308,714,-29.1749973264
-273.980944469,858000,80.0991840491,100.770127484,715,-44.814991464
-199.547516904,859200,65.6099790998,51.6809216063,716,-58.218490838
-133.786444183,860400,40.9454071405,39.4460077591,717,-53.2283745287
-115.136593087,861600,47.0736761726,61.7447941525,718,-10.0669849184
-118.540719666,862800,54.1841684143,89.0132121425,719,-20.2253779313
-100.0,864000,34.090008146,50.357958881,720,-13.6727176678
-100.0,865200,40.3952156171,52.111782868,721,-14.0433599878
-109.346299668,866400,43.867538355,59.9278945606,722,-19.0260406586
-155.242967333,867600,64.0460905635,87.4547250315,723,-19.7363800287
-322.659851891,868800,73.8248028077,37.0163705857,724,-75.938553194
-102.386149119,870000,37.542917902,70.3729444883,725,0.332826675485
-123.860699233,871200,47.4138547325,56.8714382261,726,-23.6241304111
-160.099301364,872400,61.2696588521,135.243389114,727,-25.1145265001
-142.814309624,873600,59.5266478085,82.6249816185,728,-29.6029748738
-169.50687637,874800,50.2261535211,89.2684074218,729,-11.6807917217
-189.634795861,876000,71.1169628816,89.5980431457,730,-38.5543680837
-192.407609117,877200,44.5779988874,14.3094453096,731,-75.5455370743
-176.244116366,878400,52.9184448748,104.707293952,732,-9.53203042351
-100.054244989,879600,31.9280073622,62.539251524,733,-10.1640155644
-171.468337651,880800,54.2943125703,80.1630566321,734,-3.46451504503
-114.259602147,882000,49.085646142,63.0384772206,735,-33.0499272549
-194.111897784,883200,60.3388843627,108.179806972,736,0.977654395676
-117.251190141,884400,50.7071415542,95.8006109496,737,-13.2707072779
-202.864257954,885600,61.494574336,45.1002978784,738,-49.8828457782
-105.582625928,886800,46.056683287,85.9590194466,739,-19.3477623274
-127.490259734,888000,56.0771319871,106.609585258,740,-25.8573785535
-101.067777219,889200,47.9369997139,85.9504503224,741,-9.06943376591
-100.954278403,890400,35.1010812272,41.8700962971,742,-22.8521968981
-146.895307705,891600,60.17075327,114.412096048,743,4.47610759152
-119.9758207,892800,41.3754819286,70.3355034457,744,-0.0789747193223
-138.558709818,894000,42.1216150574,56.0905872933,745,-22.4852210843
-105.490525607,895200,44.8806526405,92.1985774415,746,1.76013395095
-127.798301375,896400,41.5998056763,119.158268532,747,27.3017759413
-103.039854895,897600,46.1337667068,73.6314389861,748,-4.16987641205
-100.0,898800,34.3373677717,89.2123544679,749,2.76769452527
-100.736414798,900000,44.8602975089,74.7314523062,750,-11.9072758734
-152.989680935,901200,50.7097905908,107.333746488,751,12.4827148272
-187.988357344,902400,61.2878839661,52.8019474075,752,-42.0570229404
-106.459819868,903600,44.0710915289,64.5357701465,753,-15.7186759744
-121.312655313,904800,53.5790409689,129.238751034,754,4.8697381497
-175.476731512,906000,47.9290787843,72.8274023869,755,-23.1684591974
-100.0,907200,37.2187138302,58.6821094856,756,-11.119460962
-100.115978525,908400,37.8795151317,71.3496866508,757,6.59130646306
-110.279478917,909600,45.0317677064,80.0414360307,758,-10.1786597968
-100.0,910800,39.9493770226,60.6105745805,759,-19.2663806003
-129.597763989,912000,41.4630636128,83.6573875156,760,6.08876760898
-130.672302091,913200,36.5625847907,87.1433393461,761,12.5085332553
-107.605507347,914400,47.8249784759,119.735553769,762,16.2408555365
-100.0,915600,31.3980170293,78.1697797973,763,9.90746990042
-100.0,916800,40.3793614092,83.894813581,764,6.99103649765
-100.411274823,918000,39.9199184157,58.4485831085,765,-21.275173029
-107.955107249,919200,40.2366215971,61.0675697411,766,1.79638370178
-109.208526145,920400,47.7931937731,77.647599111,767,-15.3102331864
-100.0,921600,41.745414622,107.48185358,768,8.06104196552
-270.530972312,922800,86.3223621531,62.773796191,769,-60.3162924737
-120.773160652,924000,63.4633100793,139.700680132,770,15.4545969795
-246.747286974,925200,75.3916316938,119.301274612,771,-29.3434892001
-106.789703148,926400,28.4551796056,53.4817843717,772,1.06441538006
-104.600200584,927600,37.01430467,75.6517484322,773,-1.86977878985
-148.565929072,928800,52.4268084963,128.672450858,774,11.9510055463
-72.4284280775,930000,32.303654711,87.610814752,775,12.9215480605
-161.104272525,931200,71.9927745863,179.882851448,776,18.9680515876
-137.588437792,932400,51.4893022818,64.7205373899,777,-15.6345844393
-207.173302535,933600,59.6487207991,85.9997909601,778,-7.99155274337
-151.279174689,934800,43.3576100843,104.37250107,779,-4.99680978594
-203.858318552,936000,58.9607880096,86.9754478285,780,-17.6716009536
-139.6134854,937200,68.0791121702,144.4424858,781,13.0873110611
-85.8985654844,938400,23.2530931289,47.7150600028,782,4.3751793184
-100.0,939600,32.2588408199,65.9326472137,783,0.506803969566
-179.925476802,940800,50.5490538692,77.0280617554,784,-16.2915536818
-124.837430597,942000,41.5982857841,101.947614259,785,3.07965620578
-113.799432,943200,41.7497561062,84.3257553956,786,-20.1339458511
-101.74758481,944400,35.5726554609,108.474566939,787,16.5476054779
-174.926085722,945600,59.9384715988,93.3707446669,788,-21.0886397173
-136.295181792,946800,41.2411580859,64.4311198604,789,-14.4817388624
-137.604205101,948000,52.0164973721,92.5056133033,790,-14.692149696
-80.3568380779,949200,27.2053726016,62.4514046402,791,-7.78493488145
-186.768945995,950400,49.374880971,52.6224453389,792,-24.0954985432
-100.0,951600,37.5115308136,77.4296034963,793,-8.92099842184
-143.256546865,952800,46.3975331156,106.427445425,794,23.9824692453
-129.823199718,954000,29.5004833601,72.8708538942,795,7.86505850478
-130.4865143,955200,30.9294706152,58.1454463019,796,5.64493749061
-111.11088142,956400,34.6868787098,70.0418767564,797,7.17706284471
-100.0,957600,39.4146912463,98.9065939524,798,10.1033476178
-108.546650599,958800,40.9582359881,102.90486278,799,2.12567292357
-131.62451094,960000,38.2577928704,69.9350387212,800,3.09970985049
-100.0,961200,31.8716168069,44.1228921034,801,-5.71343889593
-135.260494724,962400,43.9287757155,122.051277777,802,3.63332154167
-125.121482576,963600,39.827471105,74.7521378427,803,-7.03555088499
-108.158327546,964800,36.6642066608,65.7009648223,804,-3.7467746786
-275.370236162,966000,89.3734386368,112.251148893,805,-29.9370461901
-123.900353365,967200,46.3355293799,100.082834612,806,-0.135516739195
-103.603865555,968400,43.1374449161,92.8563253395,807,0.55390237729
-153.964945855,969600,56.6548839891,131.260556215,808,-1.6165910287
-135.957245392,970800,55.6303301652,119.477927386,809,-2.80738594127
-117.682823991,972000,43.7196109334,104.784911009,810,2.94035725779
-100.0,973200,32.5305216933,52.9365939883,811,-5.13400848759
-208.947012541,974400,57.1403399388,71.4016837561,812,-6.46844837612
-103.943451122,975600,38.1813286332,92.4390520915,813,7.10701662872
-236.601381763,976800,58.0647241417,64.8097048616,814,-23.8187267201
-103.777403199,978000,39.3904517094,67.0922811509,815,-1.91241753624
-191.801908258,979200,54.3495493304,90.7943496996,816,-1.3715917174
-45.2123535774,980400,23.9702153173,99.7479529771,817,12.1778570212
-128.161242813,981600,48.9101371005,108.431903855,818,-19.3185453866
-168.389046635,982800,55.4484863127,92.3022309612,819,-9.328925563
-142.600980286,984000,42.840699005,98.2559331067,820,13.6197264407
-124.20563788,985200,32.8351810977,60.4733846299,821,6.06152788727
-111.927972127,986400,35.0152459762,48.9231803212,822,-4.15844911605
-168.51587652,987600,47.714348252,128.797181954,823,11.0940070677
-116.01414014,988800,33.826270411,103.943081264,824,7.13999381284
-115.710000133,990000,37.5426493039,107.681157579,825,-11.0779100009
-134.541910417,991200,41.5434742014,62.3366775542,826,-15.8265662575
-100.0,992400,39.3084305434,97.3469158165,827,-16.3898211619
-75.0128286068,993600,26.3565614762,68.4136461025,828,3.56893595352
-261.794943049,994800,68.6016494883,67.9546240664,829,-40.6988602371
-182.33282388,996000,60.0836573704,89.2133206429,830,-9.99647737266
-155.119005261,997200,50.6124376,74.4709237185,831,-20.8788715015
-100.0,998400,22.3772482107,51.4624457499,832,-0.901408696543
-109.659629992,999600,47.396418051,67.267183048,833,-27.4091646515
-79.526916516,1000800,31.4501971233,80.0950075941,834,-0.783511950499
-127.559396561,1002000,40.9550273242,39.4269263082,835,-36.163702771
-100.747882164,1003200,31.0213029388,34.1493625761,836,-22.9938983381
-100.549056643,1004400,44.6342296966,121.857635231,837,-3.93784975276
-104.823926667,1005600,33.4549075189,79.2776506733,838,-3.02257744838
-120.806082496,1006800,57.1970252729,148.843935601,839,-3.26646818794
-198.138224915,1008000,74.0481295981,118.452083303,840,-6.77612487329
-108.828025251,1009200,44.5034948293,96.2191034592,841,-2.90433518532
-78.2030839678,1010400,35.5267115605,115.087622963,842,16.7058621261
-130.074103624,1011600,43.3668664982,55.5418315488,843,-25.5866410961
-117.583562778,1012800,47.3505213515,125.925710115,844,16.3255282654
-103.71017523,1014000,35.0215441645,53.8184271539,845,-12.9635191059
-100.0,1015200,33.8750129549,63.5702092887,846,-8.91733173746
-101.977221377,1016400,44.5481576698,84.3082758747,847,-12.8180906219
-104.114970761,1017600,45.2549135168,86.48046014,848,-3.57335609171
-111.064278789,1018800,37.4014474869,110.808332693,849,-4.07319091247
-135.427616322,1020000,55.7243026669,122.354318842,850,2.07891079213
-129.500061442,1021200,53.1505664764,116.397477251,851,20.2746116898
-120.70095352,1022400,53.8646309209,118.732403482,852,1.61266917681
-140.748018037,1023600,58.0128665438,115.577542189,853,-12.7759631998
-105.600509686,1024800,28.0445696128,57.8563645348,854,-6.47489034734
-101.956925687,1026000,36.2375978643,95.9412173796,855,-1.08777046319
-100.0,1027200,30.3078003522,75.5887382723,856,4.04725287702
-100.0,1028400,38.9516972838,112.1170691,857,6.88594618709
-93.108818382,1029600,30.2397897958,70.3202126868,858,0.992344862577
-100.0,1030800,32.3429315072,60.2578845966,859,9.64176005078
-146.782052786,1032000,50.760099352,125.782048629,860,15.0400587871
-94.2070446141,1033200,28.498103672,93.2872742232,861,4.57694601815
-148.308676696,1034400,48.9587528852,101.988212225,862,7.39369025827
-148.061637796,1035600,55.7124712099,129.522916004,863,1.68431343165
-83.8310939103,1036800,31.8480145161,129.775874864,864,10.9312790008
-142.539251362,1038000,39.1690270998,93.0456361418,865,3.4600746434
-143.474819931,1039200,46.2078647217,59.6999027684,866,-11.3302642762
-94.695601539,1040400,35.3391693937,113.894553214,867,12.0843915331
-94.8276734865,1041600,27.227896991,75.4250382766,868,13.9119283861
-95.2592742732,1042800,35.8600742318,109.15649414,869,6.38673838389
-102.692638105,1044000,41.7374531413,98.8008771308,870,-0.0669525094503
-122.931735528,1045200,39.9090439316,83.7176376237,871,1.60241476626
-138.959139986,1046400,43.4505395511,117.088327555,872,6.50516894649
-111.829764948,1047600,39.0263184399,80.2358186261,873,0.879601007296
-93.6553310114,1048800,37.0983431212,101.824895691,874,16.3923851053
-126.619431213,1050000,38.0546481068,98.313104808,875,20.5832706221
-116.836828517,1051200,39.6443014849,136.854638688,876,18.5820519538
-136.342269359,1052400,39.2694402128,110.466528261,877,12.5978162918
-100.804319528,1053600,48.8604182092,122.217501611,878,16.0919659501
-320.29630226,1054800,89.8185274889,120.897466562,879,-3.24946241008
-116.085848949,1056000,49.7944078889,131.452180473,880,9.44409536552
-102.353907077,1057200,29.7402329093,78.4115578007,881,4.66806633136
-107.603853837,1058400,27.2105253215,68.9676331213,882,3.21146479818
-117.59677118,1059600,53.294959562,138.272713484,883,33.3126531601
-153.846986099,1060800,41.1952648885,64.2074212918,884,-6.21759877334
-124.802404682,1062000,46.5631009687,150.186194012,885,14.4136030329
-84.9320073913,1063200,34.1677561821,129.456287348,886,8.96402787466
-128.704888509,1064400,42.1734071409,103.864497301,887,11.1131486162
-54.9354588243,1065600,30.9490491201,105.949942524,888,4.46975705823
-168.373149041,1066800,41.3925052987,106.961019867,889,-0.814125623974
-119.88917443,1068000,47.0645201053,122.762906788,890,3.04602422812
-55.8521947999,1069200,26.909033367,57.3193381046,891,-8.42472833773
-118.538348272,1070400,50.3268853577,100.0,892,10.3642271607
-133.786083289,1071600,55.2892792792,147.594201184,893,11.0044156367
-119.81494919,1072800,35.2109286908,82.1716696363,894,0.925580978582
-102.485038176,1074000,34.7680416,86.0894643597,895,4.07058879167
-106.266556649,1075200,33.8753548945,96.919699645,896,8.34250073408
-122.103279022,1076400,35.1403553568,100.0,897,18.0712587221
-131.004515669,1077600,52.480411829,83.1676632436,898,1.83183104601
-126.136609886,1078800,44.3777179121,118.683497176,899,14.4100390473
-343.450555256,1080000,91.6263372565,88.7919742286,900,-83.6671797435
-114.572166085,1081200,58.8479283081,117.292690732,901,4.09478431246
-128.961624173,1082400,55.250908776,128.543940755,902,19.5543786239
-142.009939838,1083600,56.1833971495,100.0,903,5.86016610177
-181.686602451,1084800,58.3476310966,61.5962047945,904,-43.3280878426
-119.440207365,1086000,37.6428623235,70.7858510488,905,4.15895985197
-226.007788133,1087200,57.2109840996,45.2360074871,906,-38.9233176629
-100.291782095,1088400,39.0329871253,95.433154248,907,7.93594288891
-41.3567348979,1089600,37.0104658255,116.783906669,908,40.4304809119
-119.122528518,1090800,46.6561610031,96.4641543961,909,-10.5066973015
-164.04340409,1092000,61.8955558068,100.0,910,-1.01288187622
-316.019511043,1093200,86.7593715847,58.4713374432,911,-75.007194784
-116.514891179,1094400,39.3974184268,44.9926334826,912,-13.9104126523
-376.967469024,1095600,128.882045862,100.0,913,-54.8304133491
-108.84551614,1096800,38.8640758994,62.0643386748,914,-13.3567473182
-105.8024545,1098000,52.0552642819,100.0,915,22.4292358969
-111.708425776,1099200,47.0173487467,99.4286681918,916,4.65745736345
-120.312524169,1100400,42.9254236983,71.7125713838,917,-20.2080196922
-126.960640211,1101600,50.7786714281,120.93307966,918,8.16641184735
-200.202879207,1102800,59.4079629007,70.471069115,919,-32.2954756222
-108.922726279,1104000,34.108094045,95.2911857976,920,-1.13665697672
-100.0,1105200,39.423698505,69.8931055541,921,2.00103622544
-115.632177342,1106400,31.0557993135,38.2463119601,922,-18.4603343579
-110.265965812,1107600,35.3854906842,110.202148252,923,-5.0340032691
-100.0,1108800,37.1925904854,89.0055572486,924,4.9945390547
-122.428030116,1110000,57.5099713988,133.993173532,925,5.23049631734
-171.760339581,1111200,63.0350623646,95.0942643629,926,-23.5594644629
-287.677645698,1112400,83.1489709862,100.0,927,-19.2589356558
-143.073921112,1113600,60.9718263146,122.903573701,928,-13.0903259764
-117.374641453,1114800,43.355123963,97.4746111962,929,-10.946109927
-100.0,1116000,21.1117397866,64.1353367255,930,-0.590128816279
-103.016446668,1117200,35.2069188104,122.128779499,931,3.78195414284
-132.136416227,1118400,53.2432202045,109.101270947,932,-13.6034238643
-106.954936241,1119600,40.083109184,52.0692737628,933,-31.8338859605
-100.0,1120800,33.2574342497,57.6445861067,934,-13.1029728703
-108.208877675,1122000,33.996035231,62.8120278698,935,-30.362867161
-173.274430681,1123200,61.1397754601,93.7092595103,936,-22.476271959
-112.189649312,1124400,31.5567308351,74.4687612899,937,-10.5269215842
-102.644688901,1125600,22.2171785113,56.5294986788,938,-0.915524950497
-115.105072517,1126800,48.4339392088,123.821014098,939,6.4634119878
-109.975787305,1128000,38.2870169213,75.6311044743,940,-6.03927559772
-100.0,1129200,39.9805709174,100.0,941,23.7414976468
-103.787725429,1130400,52.3649862083,131.421497099,942,8.02644963478
-129.299839205,1131600,38.6189694711,92.3405204476,943,-5.13753218216
-111.498916659,1132800,28.2737304655,57.3528542363,944,-1.72633207499
-74.1384945081,1134000,19.5188352244,62.3732794104,945,0.309869636031
-101.278380591,1135200,42.2443638997,117.598689458,946,7.43549379298
-119.952000344,1136400,29.4829640697,68.6479181822,947,-2.54536648517
-130.752235182,1137600,38.6453872929,76.8075490925,948,-10.6799441692
-101.1056474,1138800,30.9519517487,100.0,949,18.2121901617
-105.866839601,1140000,35.3531904335,100.0,950,14.794859174
-128.386467872,1141200,38.3246249525,81.7091120147,951,-9.30913874519
-115.351767854,1142400,39.6082297154,99.3168430982,952,6.90640100455
-94.601074725,1143600,44.4674075798,120.491709962,953,5.51595736276
-108.234479013,1144800,45.9312351894,145.838225254,954,4.16318462487
-110.696738364,1146000,41.0902399501,94.3494324069,955,1.69653165985
-100.0,1147200,36.5513120323,105.623482391,956,7.70682293756
-179.86782979,1148400,50.4587360252,93.5418388485,957,-14.4926747969
-89.7070969158,1149600,33.3110947311,85.3126396067,958,1.16150682334
-88.2951042731,1150800,27.1143800453,72.9998078148,959,6.95401592592
-68.3021440887,1152000,23.8362140111,66.8676266528,960,4.49714489779
-126.027058241,1153200,40.3477070737,95.3534725574,961,1.34284868089
-145.998658592,1154400,44.4789762544,115.644358149,962,1.08225617595
-115.885673542,1155600,37.7320495666,107.276635496,963,11.9481221026
-99.7503500913,1156800,39.1877938742,120.523977794,964,11.5552131295
-100.0,1158000,32.3462695891,76.5612188589,965,5.26834265225
-145.671723597,1159200,43.4508196034,86.5059134868,966,-1.09567087347
-146.329721488,1160400,38.1036995154,52.0151386947,967,-15.4168022959
-100.0,1161600,31.7293499195,81.8954844743,968,-6.44308127652
-100.0,1162800,43.9239989677,102.934496128,969,5.01800013496
-139.757574696,1164000,43.0894152868,122.804024813,970,1.36640920481
-53.2238339407,1165200,26.3543328194,101.469637584,971,1.57731703572
-84.3619933516,1166400,30.9190313494,101.391822157,972,12.833024154
-113.174879012,1167600,36.2283590258,78.5919713297,973,-2.81434223628
-31.5049703465,1168800,21.6783427581,71.3009797822,974,2.56862966224
-111.403398324,1170000,48.5044585348,137.50585625,975,15.5229400587
-94.0500501165,1171200,36.0488321671,106.788921741,976,18.4495035977
-96.8099718495,1172400,33.9804238473,114.254710306,977,15.3975461922
-30.1939798221,1173600,31.8647017447,111.128906989,978,16.2827655027
-102.5217895,1174800,34.5263030237,61.4138007155,979,-2.17835243795
-67.9452775597,1176000,32.2137402755,120.839326228,980,13.005953743
-116.693125383,1177200,52.8077823554,117.168552409,981,-4.00332187503
-136.535303049,1178400,51.4785651012,98.6835396025,982,-10.3585968147
-113.671330864,1179600,46.1740600058,82.5637312257,983,-11.0314161089
-105.678699307,1180800,38.0821758726,75.385970952,984,-2.75745879707
-143.332595032,1182000,42.0703399234,70.0995553258,985,-5.02323773269
-67.064299878,1183200,28.2033108851,84.8922672694,986,12.3098929279
-77.8329449197,1184400,37.799472053,110.516030113,987,10.8968193147
-114.392878123,1185600,39.8434402551,71.8009030073,988,-16.4599016986
-72.7143790268,1186800,32.9233908986,93.0069146456,989,11.7388990116
-131.975287368,1188000,48.9125068221,121.90274325,990,13.5695775864
-70.6166982786,1189200,43.8075663067,119.864120247,991,20.5503129636
-89.1178460714,1190400,26.2982762601,63.7142420328,992,8.8166755749
-116.577158975,1191600,38.9298924814,97.0677182323,993,13.9171961732
-159.694137825,1192800,65.3693460888,126.752764692,994,-6.8166008755
-51.9344929657,1194000,30.5951004802,75.4314944515,995,-1.69099724925
-56.6763874706,1195200,24.1476189107,70.448791759,996,5.63072047029
-138.351204713,1196400,50.5427669372,114.115877578,997,-1.37797430318
-113.748945188,1197600,42.6580314164,72.1546813855,998,-7.07450553312
