AverageQLoss,StdEsReturn,AverageAbsQYDiff,MaxEsReturn,AverageAction,AverageReturn,MinEsReturn,AverageAbsY,QFunRegParamNorm,AverageEsReturn,PolicyRegParamNorm,AveragePolicySurr,StdReturn,MinReturn,Epoch,AverageDiscountedReturn,MaxReturn,AverageY,AverageAbsQ,AverageQ
0.6640741941,85.0582501234,0.245950058374,-277.223911732,0.000176331249805,-283.573910329,-447.340411979,0.323311024933,16.0469134705,-362.282161856,15.9824450331,0.206041401288,97.0736721534,-536.235983013,0,-120.807527071,-47.5771131944,-0.287089418041,0.174511567105,-0.174390357599
0.48997680373,0.0,0.224382422293,-394.224331743,0.229735050867,-536.640159665,-394.224331743,0.376338433625,18.3140398441,-394.224331743,16.4624056302,0.249929091976,128.276104399,-706.276293407,1,-246.898701949,-148.384815262,-0.294577281472,0.354407543432,-0.306922799619
0.276638534892,75.0603478431,0.180226966652,-496.752457775,0.208013919901,-614.711279006,-680.408857486,0.555156965781,19.5208671957,-586.086301415,17.1230968589,0.319723797057,259.157981895,-1441.6195256,2,-166.1012891,-41.5231319472,-0.491432011661,0.541563726448,-0.491206128651
0.212487321099,76.9479755536,0.170085210015,-565.597834057,0.302185163869,-542.824598586,-719.493785164,0.814427755916,20.3494998394,-642.54580961,17.7281872076,0.571534709118,333.668753791,-1194.40865613,3,-132.020586672,-65.1684598942,-0.761008449971,0.802352080236,-0.760348345755
0.141470321536,18.1793998674,0.318461403555,-369.275764976,0.829098167338,21.089069223,-0.766103180416,0.546120662407,166.381060534,-603.452461494,4,-94.3162135847,-26.5656340109,0.143883420217,0.814418858012,-0.765723692575
0.0988637373817,18.640793252,0.320316950885,-284.83996983,0.776646475557,21.810918375,-0.687967851712,0.45618593928,155.889297142,-564.004266663,5,-50.1265448288,-12.1547577762,0.132437297594,0.759458734727,-0.687739444723
0.0736734728006,0.0,0.120422862047,-294.584751479,0.387362427776,-285.857871427,-294.584751479,0.761590781233,22.496435994,-294.584751479,19.1132948402,0.417762693021,139.926588161,-507.795835652,6,-60.8643228316,-31.5239655885,-0.642612930158,0.745862052811,-0.643142021795
0.0593519871821,0.0,0.115303688322,-372.312447813,0.378026930585,-198.959794239,-372.312447813,0.793725404341,23.1853828263,-372.312447813,19.4868739471,0.416994186344,159.679892917,-459.109913732,7,-37.3243066003,19.2833372177,-0.638443519038,0.780152747002,-0.6379883334
0.0617048794336,0.0,0.118404666373,-468.324493078,0.202753837242,-1.45668840148,-468.324493078,0.871953973936,23.8654827852,-468.324493078,19.8122492931,0.480555028753,21.0662312998,-41.6943514215,8,5.59202065598,33.4176100368,-0.691028586168,0.859560369352,-0.690910012971
0.052315951801,20.1021535668,0.209323418202,-3.72953760892,0.887887134383,24.4917107594,-0.667315392098,0.467946321967,22.1766459387,-39.0724833636,9,7.86239967394,33.1310766374,0.10993528865,0.875542524728,-0.667175155265
0.0488223493335,0.0,0.109890416598,-389.045995691,0.20785237838,-4.14390602139,-389.045995691,0.904764034538,25.0416856159,-389.045995691,20.3321686427,0.476221338395,17.7295491946,-46.1022243323,10,8.07271797645,27.7587882851,-0.666100176339,0.893020667393,-0.665841692177
0.0410427546871,20.5173744037,0.216488118253,-6.48258745031,0.914537585991,25.6057248839,-0.649054474256,0.467710609616,20.6979559444,-41.9721620406,11,8.66252507961,35.7267404927,0.105172419328,0.901479375033,-0.649007396535
0.0403109806872,20.6991068292,0.244388893172,-2.96707073759,0.917340310423,26.2380105229,-0.630904774421,0.456077786045,19.3565097124,-37.151045265,12,9.87717717849,34.3782008238,0.104884531633,0.903632143701,-0.630951198598
0.0326865800384,20.905666977,0.376687614097,-15.1495862565,0.903523748611,26.7928568064,-0.596451705055,0.4280214016,18.9131798469,-66.5516406151,13,4.64484435519,16.2825641979,0.10088095799,0.888758666892,-0.596396668947
0.0349069524853,21.1036664696,0.313330180738,-8.08673437127,0.900602465292,27.45937289,-0.565177595113,0.400967955304,16.6686684241,-39.5853453534,14,9.39612272332,36.4964066136,0.102756171443,0.885710234172,-0.565086115035
0.0317299023989,21.2830371821,0.310752980138,-0.963984087192,0.910003663344,27.9951574409,-0.550437900062,0.391169580745,20.0840095353,-36.3377148753,15,12.6143117957,49.3188380381,0.101217250293,0.895323975057,-0.550177944879
0.0302109228752,21.4573145302,0.294177037086,-7.71226866602,0.918249688843,28.5669974015,-0.532294059256,0.377768324813,15.7401736273,-39.7569308511,16,10.7430724839,18.4864764998,0.0997459332444,0.90378402048,-0.531981800839
0.0311619651731,21.6221532532,0.312645000579,-11.4437932263,0.928008184306,29.0830511796,-0.511839139831,0.360851212294,20.2415849573,-45.1464203958,17,9.6503453696,26.7611003178,0.101643770971,0.91353886337,-0.511971617311
0.0293254421744,0.0,0.101067640725,-486.65129055,0.29033229765,-5.39747135363,-486.65129055,0.951069082945,29.5359497045,-486.65129055,21.8050562892,0.341978702316,18.8296828073,-41.4109617139,18,10.1774496593,33.1199352565,-0.489759290426,0.936325879151,-0.489925234495
0.0279464231398,21.9486943134,0.249359406852,-9.73904633706,0.994468252927,29.9847831642,-0.47734317281,0.332936508722,22.1372806916,-52.4377681262,19,11.2813892918,36.7790008116,0.100206401466,0.981457657619,-0.477243667325
0.031034962368,22.0816231411,0.245221641995,-8.5096649218,1.00579894028,30.4879381581,-0.455721943276,0.313803257325,16.7109174687,-44.6020002431,20,13.6562206972,34.6774619697,0.101283270296,0.994192523947,-0.455870721287
0.0282746551615,22.1898049772,0.21785772442,-11.3482560446,1.03242305271,30.9590674403,-0.448761939985,0.309880890407,14.3460403968,-48.7242987637,21,10.6464406316,12.5631519304,0.100147531269,1.02093871801,-0.448650334008
0.0263410929285,22.3092986857,0.217187241618,-4.3978641359,1.02819987033,31.351952294,-0.407600111883,0.270362325816,16.324447913,-44.7383385928,22,13.6441819719,32.2611462448,0.0969267889842,1.01660040246,-0.407481115867
0.0271390933351,22.4294022027,0.206489372321,-9.86749733345,1.04003395158,31.7208739315,-0.395703586447,0.260567388659,17.2985469826,-51.3922668026,23,11.6643988529,20.892885169,0.0982453465659,1.02998125375,-0.395787496936
0.0274056744394,22.5578221227,0.209908664578,-9.76101475847,1.02317727811,32.085272457,-0.365958298686,0.239336145776,19.4574494085,-49.0316467563,24,11.2137741483,34.1216612907,0.0968309664943,1.01187126369,-0.365818921738
0.0270489842602,22.6727447442,0.21390723709,-5.56220457963,0.996242517754,32.3840870216,-0.348155574584,0.230107536271,13.9568911249,-34.6664433255,25,13.4181368397,21.2375951046,0.0959754407831,0.985769971619,-0.348288127281
0.0246623288477,22.7906477211,0.210380147646,-1.59876316824,0.908521939732,32.6349501321,-0.219602343588,0.118135682624,18.874471617,-49.3781275902,26,14.2088670392,31.9044291767,0.0925433537931,0.898282704182,-0.219603979601
0.0245504427338,0.0,0.091460407678,-125.658424559,0.200149691889,-4.11400143597,-125.658424559,0.871854494986,32.902889787,-125.658424559,22.9320983308,0.0570788123792,22.0676806871,-42.4545463282,27,12.2894020662,34.2305442082,-0.146311908781,0.862866082671,-0.14683987295
0.0207487633707,23.0480877778,0.20095308698,-3.07959921045,0.90159432256,33.0823709579,-0.167969941746,0.0812474668662,16.4139402114,-39.8110392874,28,13.925956021,29.9036724633,0.0885016304343,0.893388686682,-0.168108139911
0.018761322016,23.1518394506,0.199232808634,-7.49368423082,0.894122763226,33.2960176913,-0.160469161638,0.0751700001319,20.5759826984,-47.3796137978,29,11.8562468258,34.4320272995,0.0870879400846,0.886477057229,-0.160381807673
0.0189574264283,23.2287428602,0.196717357131,-3.22623770481,0.85364865456,33.5097120891,-0.106436514129,0.0248727299912,17.803365352,-45.1020909346,30,13.4875354795,23.1771587878,0.0857470617204,0.845751983989,-0.10650996698
0.0173974568466,23.3113105858,0.197362490493,-5.88193050567,0.787846464852,33.6954446575,-0.042787491611,-0.0351792727181,17.6502800671,-46.2973778736,31,12.4738802169,29.5474138396,0.0841931600093,0.779658697765,-0.0426848513065
0.0150852529884,23.3822504167,0.193560578054,3.24374994942,0.749913315831,33.8670989501,0.035211356077,-0.109613966003,14.4005985486,-19.2286576273,32,15.5604744326,31.3709597168,0.0824233457664,0.740714610036,0.0352877156384
0.0141762833478,23.4802139431,0.19143327215,3.72808995579,0.735312452457,34.0276258681,0.0444141430812,-0.117157405368,19.5133760739,-35.9975151821,33,17.0481721736,40.3176091669,0.0805678714981,0.726640469174,0.0444785517434
0.0161478297135,23.6132498667,0.186390033258,-4.39817439164,0.688995590867,34.1741009524,0.0951601616094,-0.16518378244,17.1050003054,-36.7856819249,34,12.4489699148,26.9644833978,0.0801466223578,0.680560577207,0.0951665715306
0.0130234993151,23.7267023955,0.183278318692,-9.51895993042,0.685279773575,34.297104855,0.118466542979,-0.187232288291,18.371075009,-45.3956964755,35,9.91273173611,29.982499503,0.0775115884907,0.677519691726,0.118409342658
0.0139066711385,23.8340423847,0.181129638314,-11.2686491382,0.695837102635,34.4256946001,0.143424652272,-0.211452710788,17.4780701618,-43.025183865,36,8.79811649367,30.8537740053,0.0776918490661,0.687297146248,0.143489184096
0.0134981840309,23.9902112854,0.182142987265,-34.9457113811,0.719113303463,34.5653369741,0.179620241832,-0.244089107868,55.2333582853,-164.374306088,37,8.21734846892,21.154660602,0.0773424513911,0.710797154179,0.179732121662
0.0133751188806,24.1174163492,0.182483408654,-49.3073912777,0.728273317052,34.6774378094,0.219456572756,-0.282147030227,66.5695882225,-178.826333773,38,3.05571226371,26.6140775153,0.0773528999304,0.720702591708,0.219430081812
0.013429810487,24.257145356,0.186297994435,-30.4628586997,0.736044163423,34.7849126703,0.229162159331,-0.289496099051,58.9451892742,-182.717605661,39,7.26009600159,22.2008349346,0.07778478654,0.727517687361,0.229419580998
0.0192533603701,0.0,0.0790920131107,-147.61032026,0.187672721795,-71.8053417134,-147.61032026,0.73214014363,34.903595108,-147.61032026,24.4101841298,-0.315482653138,81.7462208257,-202.887696949,40,-1.58911909987,16.4536972571,0.260015108395,0.722431812523,0.259884457437
0.0359627602288,24.5716712543,0.193086202586,-71.6500752093,0.742957383335,34.996468566,0.293320752552,-0.348489228149,91.7017947925,-216.543486194,41,-7.08703192857,21.0712746276,0.0841482230796,0.730756363691,0.293393632374
0.0268218091367,24.706981389,0.195124488777,-80.0152230086,0.679691112486,35.0781052034,0.364093934431,-0.418070577878,92.8223385501,-207.658301287,42,-6.42014663821,35.4463309627,0.079875986243,0.668844901406,0.364463067904
0.0253377075982,24.8429761432,0.186513238535,-99.4306637107,0.691087034614,35.1710308366,0.389631329025,-0.445193749187,98.6168369899,-232.543489421,43,-12.3217478312,24.7976839109,0.0785996730587,0.681262755419,0.389515353168
0.0368722010526,5.84655631993,0.0853649869626,-201.887547923,0.189089074011,-74.6827019184,-213.580660563,0.7032236895,35.254892926,-207.734104243,25.0244806802,-0.512140578193,110.384561144,-268.970180185,44,-16.0236389284,26.7808387449,0.457899376744,0.692289991437,0.45764304249
0.0974000934378,0.0,0.101811783731,-321.498656994,0.18764883717,-128.879680125,-321.498656994,0.747387894849,35.4570041838,-321.498656994,25.0949868707,-0.545879176906,125.306642687,-296.361225606,45,-33.2005624175,14.0969596747,0.485012307881,0.72984534144,0.485132480088
0.087923325431,25.1091768441,0.190090323217,-116.083924658,0.799054183646,35.6567644882,0.493389717518,-0.553505558986,123.834479368,-295.161095548,46,-21.4794098519,17.3026131229,0.0990154980905,0.781164841359,0.493373054769
0.0775167676217,25.1652648158,0.192780327808,-124.711750014,0.803404970809,35.8592189191,0.515122199394,-0.57706894735,118.261826472,-269.375749237,47,-30.1802314314,23.8767484899,0.0957685691266,0.787247893693,0.514941127469
0.0411940918691,25.2210080375,0.197429611309,-75.1744536033,0.817754807055,36.0235497804,0.539856631792,-0.597850848194,98.0295087562,-218.307004177,48,-16.5958238228,25.3440135695,0.0871430123824,0.807250251714,0.539665702508
0.0604277684901,25.303536667,0.199206750721,-73.4653879839,0.825916293584,36.1934286701,0.563978378233,-0.620910174829,105.469354922,-246.152356896,49,-11.5018595175,22.3488411232,0.0911779569443,0.812296020641,0.563889487605
0.042327499378,25.3804149051,0.208902251862,-79.8576490368,0.841634065875,36.3498272569,0.600933264854,-0.659995628674,101.95450649,-228.380466258,50,-18.8084723778,33.1237659171,0.0866787441616,0.831686067391,0.60105946519
0.058755288922,25.428195573,0.202072870936,-88.285802799,0.798133643739,36.4652168564,0.608441449423,-0.667463801035,109.496398386,-252.08577783,51,-23.6065083947,23.2890276929,0.0908308512662,0.785997771363,0.608668419741
0.0392847628175,25.4514055362,0.192072066381,-68.2453971635,0.814453412781,36.5559482357,0.633843665711,-0.692079629663,101.895023609,-239.390092148,52,-18.3639138476,27.707390294,0.0856291751031,0.80604829524,0.633870819986
0.0403319276422,25.4794576467,0.196275978787,-64.7892764885,0.832717494858,36.639272179,0.648873300383,-0.708131187184,100.838199224,-239.359017593,53,-7.04122565665,28.8745121444,0.0855206594144,0.824671685296,0.648630318845
0.0444088734874,25.4928828234,0.194448314404,-57.9992123475,0.86337464409,36.7536998862,0.685882487624,-0.747028024917,85.443634422,-206.316042363,54,-7.59567434867,25.4939855988,0.0855832852678,0.854556309906,0.685900303135
0.0463417254672,25.5099898124,0.180218162958,-50.2426349709,0.850544061497,36.8754095536,0.702739754286,-0.761855616064,88.4334474685,-227.493976072,55,-7.13909637619,31.1855155405,0.0855615441727,0.842405523121,0.702973915446
0.0456914778805,25.5571021148,0.179920870297,-67.747192923,0.849346861664,36.9837536055,0.714481417018,-0.770587556367,84.3595762664,-215.753866725,56,-10.3097138158,22.7674107202,0.0839190763834,0.841874969526,0.714303540069
0.0386286895303,25.5967472273,0.176532462392,-54.9612762531,0.858988324162,37.1094110054,0.724318444007,-0.775899560914,79.9250035586,-202.120100145,57,-2.28421007178,25.851563209,0.0845739765396,0.852291979607,0.724468851056
0.0563990950448,0.0,0.0917729519284,-205.395236939,0.175238415465,-88.1226648168,-205.395236939,0.891688608158,37.2839377625,-205.395236939,25.6260235846,-0.814749067162,78.926109316,-188.924397206,58,-3.7304998129,22.7638302778,0.754813261771,0.882871938174,0.754694164722
0.0521413782734,25.6808599244,0.176188677232,-91.6441244085,0.903200932281,37.4181394723,0.767236109822,-0.827836601907,90.4630396328,-220.542564065,59,-2.62438063633,37.1433877812,0.0888047110462,0.897573224456,0.767186615551
0.0469031407482,25.7467784988,0.17748159838,-124.290128587,0.901760401962,37.5906858308,0.779259528602,-0.834492863974,80.595692775,-216.733583502,60,-20.5486149794,17.1483579614,0.0871412049639,0.896149066096,0.779627130795
0.0542048430541,0.0,0.0873445509144,-167.815872596,0.176009677695,-91.0372585133,-167.815872596,0.909421900057,37.7573006525,-167.815872596,25.7935704928,-0.832453516426,87.6644802468,-212.447265517,61,-12.0976367409,39.0472928692,0.777115877592,0.904186756083,0.777603677802
0.063127561208,0.0,0.0925358799676,-134.051616918,0.172576362315,-82.8987950026,-134.051616918,0.902233908031,37.9628295717,-134.051616918,25.8294339828,-0.831079653689,81.1631413126,-211.631983581,62,-12.5819920344,10.7852260336,0.77842739752,0.897439296461,0.778208056261
0.0665775410263,25.8668222324,0.17576588438,-67.9893046111,0.945055628461,38.206211598,0.805162556068,-0.862501522904,84.8763789893,-205.992281604,63,-4.64096409263,31.1933257421,0.0935649901214,0.940130946769,0.804966756133
0.0457741261877,25.9251073409,0.183412545065,-50.5514138382,0.942394049983,38.4007998922,0.804639701621,-0.862585331834,80.2476729303,-194.409372696,64,-1.03647210258,29.7604858988,0.0876873133942,0.93926226551,0.804608857546
0.0475781262865,0.0,0.08779499293,-176.170708177,0.188901383827,-47.0065474107,-176.170708177,0.969933091064,38.6086407934,-176.170708177,25.9900621868,-0.883315335711,80.0263219708,-208.079870699,65,2.6602079414,24.2241284279,0.828192029019,0.966922455131,0.828118821574
0.049459195197,0.0,0.0872955232694,-150.564256511,0.190220154077,-61.1255529553,-150.564256511,0.977028578083,38.7621900984,-150.564256511,26.0484143023,-0.869717557867,75.5888213304,-177.699289444,66,-2.16781226734,25.3260713035,0.817230511798,0.973827748116,0.817001109906
0.0567986160161,26.1299742947,0.190418072324,-33.2557471783,0.968988309944,38.91209045,0.808689398902,-0.86539057178,69.8050667275,-179.23733098,67,-0.549008826611,39.9227025092,0.0884323430566,0.964860690742,0.808566300156
0.0510434637994,26.2197547992,0.202200428347,-36.7567047511,0.938061515813,39.101895069,0.77889126257,-0.824803386597,63.8791221243,-167.811977159,68,0.112418596822,39.8115949947,0.0855357667069,0.935784482786,0.779013177404
0.0434605769551,26.3082032238,0.214315332655,-34.6534905243,0.905491119572,39.2500753771,0.826453416834,-0.867805813705,67.2033218918,-168.087792717,69,6.14866886817,33.5083790993,0.0819323061335,0.903436266136,0.826484025257
0.0453975744786,26.3856144452,0.213181456168,-51.3562101996,0.936453496469,39.3823601061,0.849835870818,-0.888098446973,73.1918258158,-186.73315204,70,-2.09464728117,21.1211142818,0.0835683445746,0.9346936053,0.849983843532
0.0512248112784,0.0,0.085764614682,-167.381621877,0.223363813313,-51.8012240893,-167.381621877,0.950357734334,39.5538719655,-167.381621877,26.4424301811,-0.893538730053,68.5117876533,-173.315197384,71,-3.42309287764,22.3897443699,0.85339829504,0.947928207547,0.853164334065
0.0570353947621,26.4988395921,0.263143683377,-23.8642860651,0.963290581135,39.7399623686,0.864854758917,-0.902663137139,55.11148959,-155.741758817,72,7.77363027928,32.6559068943,0.086619109205,0.960031387422,0.86485111457
0.0608567236707,0.0,0.0918232358489,-139.275140325,0.263908300848,-53.0398520969,-139.275140325,0.962437780713,39.937962108,-139.275140325,26.5437680838,-0.90221153164,58.6823058532,-163.030663815,73,-3.69924347392,18.9628327953,0.857504443816,0.959966410368,0.857257030678
0.0612960666474,26.5956189292,0.30230020043,-26.0835286018,0.979053533878,40.0858848236,0.869073935097,-0.913848959562,64.251524129,-147.398332417,74,8.10779650403,44.5104938372,0.0879086079668,0.976065490442,0.869279088648
0.0735814553172,26.6627805681,0.358985608892,-16.71078423,0.996984471752,40.2947415777,0.880585239791,-0.922267211033,44.5364054337,-134.0338758,75,9.3701659785,23.0755860067,0.0923620315731,0.994360151823,0.880721165032
0.0567837633857,26.7182760557,0.355359810325,-24.089314209,1.01212369529,40.4575453452,0.892108334482,-0.934538495945,49.1700637137,-139.365717622,76,7.03171373916,31.2539056647,0.0888812639012,1.0088460334,0.892346307336
0.0693378762202,26.7653383643,0.372838091073,-26.0607924998,1.01457412944,40.695719962,0.880801385505,-0.926127847705,41.8297490597,-121.316502002,77,5.1741097001,28.2191289464,0.0952134603036,1.01155795256,0.881083189737
0.0622692942331,0.0,0.0942998421049,-110.94184487,0.394981181518,-47.3375635911,-110.94184487,1.01797276739,40.9159582463,-110.94184487,26.8431343216,-0.931178983835,59.2043838214,-142.710949833,78,4.98277084026,21.1300582304,0.881560316255,1.01484626753,0.881474136925
0.0658060408929,26.9294204364,0.394284230076,-32.190057217,1.03160357801,41.1535762953,0.892695693395,-0.941186490078,47.7588915853,-142.236228773,79,7.92567803824,29.40000693,0.0955468331911,1.02923988528,0.892787857618
0.0700538042791,26.9544697587,0.418824387563,-32.178993601,1.05924092617,41.4260706462,0.918997447631,-0.962950660326,50.9022863901,-143.635236547,80,4.06738024919,30.5281092169,0.0980511128513,1.05582579612,0.918963069937
0.060679392622,26.9733397823,0.390850196024,-25.9445796592,1.09254538816,41.6618536147,0.954194082857,-1.00276637874,44.0745298814,-150.272007466,81,7.2896033356,19.884251377,0.0933787632876,1.09002695774,0.954521180681
0.0574192672989,26.9954624667,0.378671237452,-19.0372719553,1.10581861434,41.8953566295,0.97090612881,-1.02750148541,34.212190645,-149.868610486,82,7.54739936636,27.467759305,0.091090224404,1.10354046993,0.970827940573
0.0596094589022,26.9960206951,0.357350811222,-22.0370192009,1.1459057421,42.0928309688,1.01107896897,-1.0737380953,41.8048665395,-132.491780822,83,4.73515091714,34.6922511588,0.0915825790988,1.14357826462,1.01124793037
0.0550660634149,27.027142687,0.359660706634,-28.2688509298,1.14477740014,42.2683728948,1.00970886555,-1.06673167155,51.2479707177,-143.221810775,84,4.024399125,27.9886063698,0.0900445023844,1.14226260484,1.00962729592
0.0573561070353,27.0599385825,0.381944154284,-4.07703174517,1.16634164502,42.4785819932,1.04236766567,-1.0988569933,38.2260801821,-126.96211093,85,8.08812989443,47.4046883933,0.092498437418,1.16267710111,1.0425959949
0.0491467401093,27.1014727624,0.392077962965,-20.3601323481,1.17656296602,42.6607305349,1.07700311338,-1.12964143977,49.9202180438,-139.774279009,86,6.91006920792,49.0411859453,0.0921690096081,1.17307375609,1.07704905911
0.0538933256615,27.1561833272,0.365426129266,-18.4688810843,1.19905209793,42.8332982875,1.10201789462,-1.15194000446,47.1161589337,-122.414160661,87,7.80828947506,47.4232063298,0.0923082680155,1.1954502884,1.10202893943
0.0508491569743,27.2050796396,0.384146074788,-2.442097992,1.24263967671,42.9909360949,1.14386993239,-1.20105805631,37.7550069352,-135.394213225,88,10.1170265124,54.5580071438,0.0905345046471,1.23944234288,1.14400042522
0.0523201744032,27.2573912014,0.426081187673,2.80952441369,1.26398357753,43.1616664429,1.20147397383,-1.25643274331,36.9289597737,-111.792515182,89,12.5466897522,65.2627153382,0.0908864636931,1.26150638251,1.20153188769
0.0359769822031,27.3110229558,0.43477479028,-1.81963176934,1.275168603,43.2986475771,1.24057497029,-1.29229828823,40.343871849,-132.570535309,90,8.2918792257,59.0152523094,0.0858154115509,1.2735223548,1.24062858491
0.0449185495744,27.347952565,0.38411119183,6.49885435054,1.28318161324,43.497686811,1.24721268363,-1.29834060375,38.4565784695,-109.078134404,91,13.3701080126,74.375387089,0.0896218633064,1.28100028238,1.24730065725
0.0348325425675,27.3754351365,0.337637571617,5.11084338899,1.28312110726,43.6480059734,1.25152110936,-1.30228625504,35.0975840372,-107.932309443,92,13.1345018282,67.5375679102,0.0871274337085,1.28195771555,1.25140121095
0.0450164856585,27.4334898883,0.305114053665,16.8857700916,1.29019206823,43.8741970346,1.25627388314,-1.30972037947,37.7692941717,-127.563950103,93,17.1297513562,85.0925659009,0.0893438311903,1.28726996746,1.25653408797
0.0361268129718,0.0,0.0859131114817,-94.3222391177,0.292451709637,11.651401657,-94.3222391177,1.31931780522,43.9687647643,-94.3222391177,27.4759532169,-1.34757704105,27.3424006995,-40.5934532436,94,14.4309620179,69.7808405701,1.29678554646,1.31797946933,1.29691022842
0.0563990594988,27.5109239521,0.280875824993,1.25408883942,1.34478859036,44.126815078,1.32238714139,-1.37519162303,30.9886629178,-33.7122990636,95,10.0194009134,76.1296387988,0.091252052107,1.33836824853,1.32292421008
0.0426011878268,27.542019555,0.274694998139,10.7192199971,1.38078541509,44.2755759133,1.36319515989,-1.41262302669,31.3329056513,-43.097327929,96,12.6721341015,83.3730014231,0.0860704846945,1.3763800415,1.36326630154
0.0454078620861,27.5755619061,0.269876654617,3.96302103386,1.41551544362,44.4168529296,1.39786416351,-1.44430036732,33.1021723456,-113.780602621,97,12.6146754624,84.97354117,0.0880672212934,1.41086504913,1.39814988112
0.0382325882973,27.5898860309,0.26854545741,14.5462372492,1.45468615218,44.5575285871,1.43999028731,-1.48753148451,32.7112702859,-37.6657970443,98,15.0790797538,90.0538475184,0.0841017595412,1.45068678573,1.4400597943
0.0415171412243,27.6106775171,0.261704204429,9.38571177562,1.4827181161,44.7266500033,1.46569010338,-1.51257029703,30.0108464597,-35.3237056977,99,13.165485685,80.8597113953,0.0841327998156,1.47855990391,1.46584159782
0.0313434755154,27.6230331177,0.267058996763,18.9761692123,1.47146924231,44.8703883372,1.45712721852,-1.50005783634,32.5689892565,-30.787582578,100,17.3544485653,83.7772190449,0.0799892138451,1.46940209202,1.45716046863
0.0350714275595,27.6578021402,0.267121943158,7.47133578863,1.49949863737,45.0516747138,1.47835629013,-1.52202968835,29.760841602,-43.8158175595,101,12.8291944259,69.3058362851,0.0823613617888,1.49719907947,1.47849459699
0.0316154101579,27.7059916007,0.291549323637,11.4119698118,1.50962027903,45.1644493196,1.47107042514,-1.52047807449,18.0283955832,-23.3133682804,102,16.6360426138,54.53682268,0.0809642929908,1.50681531435,1.47101881203
0.0250359580155,27.7244999334,0.29000302599,-0.885844965083,1.4998796988,45.2522146627,1.4603409172,-1.51347624545,23.8859231947,-39.6953711885,103,11.068542495,66.5638611773,0.0778396226678,1.4978593433,1.46039669057
0.0313271567155,27.7441045523,0.328788113204,6.61819187301,1.47522092646,45.3551399812,1.43908493062,-1.4941998576,18.40661777,-29.0136244766,104,14.2086419624,45.5758711581,0.078638929047,1.47215863781,1.4393088654
0.0289028345814,27.7609810219,0.325315666965,9.43718358783,1.44562053001,45.4716324462,1.41169507691,-1.46416274793,23.1979969614,-29.4921848648,105,15.9998844936,62.5344943341,0.0781318889726,1.44298008077,1.41173346525
0.0250964527223,27.764928061,0.321114107188,5.8484613944,1.42771893159,45.5866688731,1.39751059891,-1.45172644874,25.630241478,-39.0042720093,106,17.2809431472,59.6659077147,0.0756227410422,1.42547663447,1.39774037986
0.0270954116922,27.7889107236,0.359584322198,1.43312698914,1.4376149656,45.7005419458,1.41158631354,-1.46082136538,20.267848101,-36.4831307305,107,17.720882329,48.0632850319,0.0754758179401,1.43559303177,1.41154418022
0.0226059107192,27.8236168447,0.344207416285,-6.97883520663,1.46287848971,45.8234188367,1.43602947956,-1.48426658103,25.6372532092,-58.9747225487,108,9.62772408584,38.949429822,0.0734134327218,1.46161641865,1.43601222527
0.0286731131112,27.8475736144,0.346036334115,-5.47619797145,1.42249733338,45.9677110137,1.39632725781,-1.44436813095,24.8511327172,-63.5135379617,109,10.7990421252,45.184201571,0.0760604098793,1.41968338397,1.39656105318
0.0285016398905,27.8667609359,0.336016439042,-2.29818279386,1.43802699831,46.1023724296,1.41450998995,-1.45982113502,24.8822233497,-50.9603650544,110,10.5851791802,45.750404495,0.0749938903177,1.43554938543,1.4144979178
0.0262984498283,27.8875212484,0.34005282984,0.0340762328465,1.43789942764,46.260885803,1.41179793783,-1.46105683259,19.5763988203,-44.661377387,111,12.0796905059,39.1560173413,0.0761963972532,1.43579888774,1.41184605695
0.0279733890215,27.892186543,0.328780441655,7.86231638278,1.42304552026,46.4085326519,1.39889239936,-1.4526293889,22.6452663064,-31.8488517025,112,12.1993247917,53.2021574922,0.076633338374,1.42054196876,1.39902738039
0.0257277409194,27.8867588902,0.36169036186,15.6573749008,1.43258364087,46.5358010629,1.40925294313,-1.4631970543,19.5147822398,-28.6460719198,113,16.1420808301,67.4048075655,0.0768114567355,1.43077615423,1.40940289615
0.0236716315545,27.8805565378,0.368044864639,16.7281747539,1.46991126731,46.6584291673,1.44866202921,-1.50514461577,18.6677511852,-13.6090901014,114,14.1409571078,57.6209549963,0.0745086077054,1.46796529135,1.44869990531
0.0262668430297,27.8812864061,0.37142843376,1.4596314069,1.4718796911,46.7944257521,1.45111705979,-1.50789205167,61.4948897371,-247.177855989,115,8.52495753298,43.6838968119,0.0747797570406,1.46989883704,1.45111861823
0.026316813381,27.8790819092,0.450223531535,-61.5454647565,1.48748330577,46.9743557606,1.46796442154,-1.52480837569,141.26394962,-425.885666205,116,-2.78405117438,47.165402835,0.0767329593074,1.48536250131,1.46795624362
0.0451077943695,27.8767754629,0.427478925781,-35.4244331741,1.54365009982,47.2109926232,1.51754267634,-1.58127662083,109.569362469,-373.907934017,117,-6.01310742586,51.7498438242,0.0866458015438,1.54051742478,1.51744656195
0.192242724537,0.0,0.131756404273,-348.291352669,0.401640672837,-78.0752298093,-348.291352669,1.66920275457,47.4322070169,-348.291352669,27.9365062794,-1.6820993978,160.23962583,-469.595127091,118,-18.8053671427,55.064920804,1.62630377816,1.66367716654,1.62512232442
0.120794303401,0.0,0.11761815534,-421.938061762,0.354431805907,-53.9923834532,-421.938061762,1.81716330072,47.7507355551,-421.938061762,28.0101398207,-1.82312154328,169.704784972,-505.316214024,119,-9.82981848985,52.5983796667,1.75693603416,1.81026366984,1.75706181632
0.0469857336377,0.0,0.102485481929,-286.966375633,0.4069383758,-44.9230069288,-286.966375633,1.94051426958,47.8966875871,-286.966375633,28.0454699059,-1.92908210353,131.290864857,-357.943402563,120,-7.85921515491,51.2032937816,1.85447174568,1.93677586215,1.85432108323
0.0582743768574,0.0,0.105636562313,-234.019356009,0.420803761283,-59.0019012478,-234.019356009,2.06766896403,48.0599578582,-234.019356009,28.0700959551,-2.00789068892,123.987785909,-302.466123497,121,-4.22625814335,60.0889094666,1.934068021,2.06381931389,1.93399401943
0.0775513587727,0.0,0.113317516573,-300.796913357,0.414222619986,-34.9424017231,-300.796913357,2.14250668675,48.2028153719,-300.796913357,28.1037004808,-2.06753024866,110.114226852,-294.392066206,122,1.21714505295,82.79188447,1.99575821248,2.13776448704,1.99594977433
0.0845462937349,28.1314577373,0.398840847685,-4.99255286697,2.30278062198,48.3710814765,2.13673848585,-2.21518270226,68.3797279903,-265.75796451,123,10.555502119,55.8516712551,0.124369534355,2.29671161276,2.13669941296
0.0823841624185,28.1453991565,0.355893310994,18.3830526088,2.36628250164,48.5904279315,2.20256447128,-2.28475487361,22.3100196237,-24.6743418256,124,16.5840525739,69.4850562777,0.123720526285,2.35966244631,2.20286855989
0.0813680799153,28.1721396826,0.336228472338,12.8400823624,2.34639905914,48.742453908,2.19740852696,-2.2732939953,26.6914628203,-76.0805477061,125,12.9286490177,57.1300453337,0.124467611674,2.3405565426,2.19781400258
0.0636641773285,28.2104187379,0.35593676514,12.9953492194,2.42080720203,48.880190742,2.26763209808,-2.34570318077,27.562868123,-70.6157486454,126,16.0834691532,54.0389906045,0.114571865461,2.41592455619,2.2674961983
0.0703445724349,28.2477888346,0.33006695488,18.236375365,2.52074831657,49.0437109052,2.35824407583,-2.43787248241,24.7331641857,-23.1409402155,127,16.8523423507,58.257133455,0.11812726903,2.51506284204,2.35849308618
0.0729621140699,28.2782370372,0.330011139143,8.74908839379,2.58155971535,49.2198032499,2.40717125017,-2.48988760489,23.4490828902,-43.3449904067,128,14.1149664527,51.6290269401,0.121004247387,2.57561751324,2.40696958165
0.0483687950049,28.324260064,0.320985379241,11.16001649,2.60433589934,49.367149034,2.44514742499,-2.5309727554,22.5473022882,-28.5635483793,129,15.3066036245,51.4936914607,0.110371895973,2.60074876406,2.44531354233
0.0502633855238,28.376713547,0.308925417824,19.0580102524,2.65622114233,49.5233927917,2.49429291891,-2.58222183266,21.7569582257,-43.4195905556,130,17.7630483858,51.0086494954,0.110359111368,2.652075593,2.4945079477
0.0524748830019,28.4256222696,0.306597757853,22.0691870733,2.75842122172,49.7002275575,2.57588736736,-2.67061251741,19.4224520073,-13.9688904298,131,20.491249622,58.8384579337,0.112304319127,2.75366825322,2.5761475289
0.0524355440665,28.474946706,0.310837817836,19.0830025269,2.84971130031,49.9231395567,2.66209366831,-2.75597621244,23.0527625872,-29.301317159,132,18.2755500979,62.7723648551,0.114008644306,2.84484411275,2.66221876528
0.0486905010651,28.5335433126,0.277284532674,26.0762127785,2.9241705734,50.1381708522,2.75379025851,-2.85130059458,21.7298201743,-13.7563533977,133,19.5414997207,61.0673029472,0.112762306072,2.92003960432,2.753511727
0.0429276626183,28.5867064243,0.290154232383,10.6584769589,2.93115110363,50.3204666809,2.75066572987,-2.85204368861,19.4426472009,-24.9450711157,134,16.0027734281,44.7401578239,0.111792212977,2.92757784262,2.75110653845
0.0453301165164,0.0,0.115839654976,-262.750384052,0.291538939228,26.7617182139,-262.750384052,3.01901837599,50.52460172,-262.750384052,28.6394611237,-2.89602138226,24.3168804332,-29.5617625985,135,20.2651709214,68.0547092903,2.79527581955,3.01570344309,2.79527132615
0.039636292689,28.6852728858,0.325310701681,16.8212053589,3.07401854201,50.7225724811,2.8267625595,-2.92909059913,24.7679906239,-26.5533501074,136,21.1978158429,71.6556448544,0.11154925953,3.07151598778,2.8266160205
0.0370810658291,28.7621511895,0.312245475621,6.92039638322,3.09117520327,50.9178349849,2.83931072385,-2.94557725649,28.0403233163,-46.7651324827,137,17.7852327201,58.3221060538,0.108572751884,3.08837089986,2.83952633136
0.0366400696242,28.8182061232,0.313207668904,-2.24965010493,3.12589222749,51.1015988391,2.86961929967,-2.97830902192,29.8458322348,-50.7251111124,138,15.8106924317,75.25944721,0.10942562434,3.12390245045,2.86935143253
0.0395233681427,28.8570120616,0.335467289863,12.3008506488,3.20032054621,51.2826859398,2.94474419727,-3.0548937116,29.1508334254,-50.8938859476,139,20.6948493433,53.5006335508,0.109372077462,3.19792078583,2.94502328531
0.0425234949047,28.9165059756,0.307115154708,8.35640785045,3.25910786151,51.481124303,3.0043843897,-3.12005637194,29.0794631345,-47.3118292304,140,18.5475219898,75.0890470699,0.112737748594,3.25613545133,3.00435796682
0.0387182616861,28.9699810554,0.301384300805,8.16761318503,3.14665602181,51.6572959545,2.89655070086,-3.00820701292,35.808114506,-42.3456800825,141,17.2372422348,77.3171865609,0.109143183108,3.14410347728,2.89682367997
0.0339828954466,29.0033411156,0.298880004303,5.33895929422,3.09178324924,51.800725477,2.86328282936,-2.96452277834,34.6847572569,-53.823360245,142,16.5993911309,66.0039992608,0.101470343289,3.090043712,2.86335495245
0.0334530156857,0.0,0.099854626956,-125.210430849,0.290790801278,4.31449715392,-125.210430849,3.00571982653,51.9370958209,-125.210430849,29.0535913917,-2.906569224,24.1738267613,-31.6370475561,143,14.8394534494,63.4025497914,2.8206106102,3.00412538436,2.82042690577
0.0337937355506,29.0796515374,0.277226306703,8.61151977245,2.86505955891,52.08696277,2.72113703127,-2.79921480576,40.1784034066,-97.7896219149,144,16.0443837913,124.795807334,0.0952876878408,2.86309419065,2.72115289653
0.0259302645014,29.1194307497,0.28492377173,9.50786674688,2.76797920914,52.1848085515,2.66533399867,-2.73746621746,29.9041811927,-37.9559845092,145,15.3632996081,74.8399907154,0.0895001235746,2.76720132413,2.66562345399
0.0232970743589,29.1610252106,0.287361394628,18.2854441379,2.68878628957,52.2703056067,2.5997319251,-2.66525099461,32.3702098759,-37.4127647431,146,22.9097067946,118.30170014,0.0856075803898,2.68847922713,2.59982812768
0.0191297706435,29.1956300141,0.292930420191,0.193614508308,2.52908901454,52.3221654865,2.4469824604,-2.5011375943,31.1381643671,-117.938831927,147,13.436415342,45.5673264171,0.0802341083292,2.52902565501,2.44705231775
0.0237156309953,0.0,0.0836264717817,-87.4017599517,0.342592445133,-9.73658228339,-87.4017599517,2.53210780783,52.3888908775,-87.4017599517,29.2294829317,-2.49908619242,70.1614291498,-155.66439734,148,5.00289468393,218.54632161,2.44629143536,2.53149070969,2.44621375872
0.018432356837,29.2767843909,0.314555309954,5.1382052954,2.45234117215,52.4555317397,2.36787598448,-2.41971621675,45.5458292226,-140.999037453,149,17.5261749476,110.177154026,0.0782883778347,2.45182543707,2.36788078224
0.0178370110305,29.3176183403,0.313457185832,-0.351790618329,2.43466433651,52.5085612911,2.33815831879,-2.39028159344,56.8058946683,-108.747012451,150,11.6657858435,239.544791362,0.0780086161679,2.43409776565,2.33814732842
0.0175826766369,29.3672023189,0.306058464552,-19.6333709319,2.39570367603,52.5779428292,2.30051079581,-2.3514149744,51.2741503746,-148.732941134,151,4.8960596502,64.3123695053,0.076909297022,2.39505525498,2.30065938745
0.0574736099352,0.0,0.100239334025,-221.297580621,0.315949528529,-12.5819959981,-221.297580621,2.40771740965,52.7450071123,-221.297580621,29.41157632,-2.3436119995,57.8915876989,-139.48323966,152,6.6666697026,107.196480853,2.29030058949,2.40574216953,2.29016821409
0.0514259260259,29.4479137716,0.320123624289,-13.2368698404,2.37670537368,52.8898812025,2.24279138458,-2.29499732698,56.4819559842,-149.659713927,153,9.08666047887,48.3463378921,0.0912003469948,2.37479746615,2.24293042162
0.0347973744176,29.4802821199,0.304553725858,-10.5587022982,2.30705319847,53.0245970895,2.18443727158,-2.23653205259,43.2472241877,-131.147463471,154,9.34102171827,71.1595367556,0.0833217194844,2.30539743002,2.18420019003
0.0371340901401,29.5152484368,0.339594650677,-4.68516511805,2.24897617871,53.150274041,2.11622564557,-2.16760450154,47.476628012,-143.629547408,155,12.0371770718,57.7840302174,0.0842927438704,2.24725053735,2.11623827964
0.0333866292857,29.5413520353,0.322546851554,-15.777233395,2.13358235968,53.229971578,1.99801707332,-2.04848726585,56.9304139233,-138.058165285,156,5.37724562422,78.67174284,0.0809593152417,2.13300267691,1.99794441001
0.0374053483639,0.0,0.0840533750451,-248.155296467,0.289506674007,-9.40527631491,-248.155296467,2.17629109727,53.3136508751,-248.155296467,29.5602266472,-2.08110301814,43.4281424759,-134.015845845,157,7.9665154542,48.693173035,2.03374402829,2.17496678346,2.03361870334
0.0505239143885,29.5773754019,0.296005765457,-8.95516823885,2.22397364619,53.3957546743,2.06323552353,-2.10724432054,50.3046327794,-142.126055006,158,9.19864846611,53.9155822639,0.0909158886705,2.22266046536,2.06310749733
0.0366058735814,29.5904581693,0.269043650367,-6.33954841198,2.1210706845,53.481826746,2.02386142892,-2.06470177497,43.2221950219,-132.274831824,159,11.8897080656,79.8767335916,0.0817235450458,2.12019624486,2.02387367122
0.0445532704269,0.0,0.0891182504348,-138.487882027,0.258361297237,4.09194415316,-138.487882027,2.16777793298,53.6105871029,-138.487882027,29.6134260109,-2.10290922421,45.9372396417,-49.8889648474,160,15.7029714978,229.03440299,2.06129018747,2.16683595283,2.06159044581
0.0349036826524,0.0,0.0832588823215,-146.12631038,0.274406258651,8.13416164333,-146.12631038,2.17181243652,53.7189674901,-146.12631038,29.6487167351,-2.10514493097,40.2066041187,-120.785545984,161,18.3782115054,98.3076912215,2.06158577199,2.17116332212,2.06136843371
0.0366012146427,0.0,0.0837970448399,-103.217461648,0.295023906804,8.97674856603,-103.217461648,2.17837383529,53.8184765071,-103.217461648,29.6952779544,-2.08540771638,32.0106952105,-38.8677442532,162,18.1968120783,103.941313254,2.03625060094,2.17754616208,2.03644530213
0.0265185835263,29.7289475118,0.257000656606,6.5785758585,2.0685539696,53.9022586939,1.92617107554,-1.96970766178,42.6069979238,-127.127210136,163,15.6283871662,105.954238136,0.0770711500309,2.06719907234,1.92602923671
0.0274852430757,29.7578959338,0.237069758346,17.0364523339,1.97733338139,53.9773661237,1.82936825433,-1.87006224114,29.2681831375,-37.5001590852,164,20.9671661251,76.347127366,0.0760244703463,1.97578743554,1.82925397907
0.0419450296037,29.7854434787,0.221243895443,16.9097186649,2.0187280084,54.1062341853,1.87635031323,-1.91644971189,24.2927350057,-46.2901446585,165,22.0892750258,58.3561236513,0.0837682193504,2.01701751649,1.87635661832
0.0445985088161,0.0,0.0883244845947,-29.4159969715,0.242333492706,15.4944105032,-29.4159969715,2.02956472499,54.2505257729,-29.4159969715,29.8174518138,-1.92426341677,21.3056594441,-28.2593002856,166,23.0681514703,55.6343133393,1.88177161208,2.02614049907,1.8817149153
0.0672090856191,0.0,0.0962741332434,-130.094319339,0.202640594571,10.2455756771,-130.094319339,2.09884574835,54.3814023768,-130.094319339,29.8350567114,-1.98186058814,19.8061867681,-23.974313298,167,21.8243436089,53.5520148677,1.93404147267,2.09537315523,1.93423251621
0.0574335621808,29.8349203962,0.222238324046,7.62092819826,2.15378570068,54.5201802628,1.98674293763,-2.04078940441,23.7997608343,-40.4261723111,168,19.7460329322,48.5249843756,0.0921554164085,2.15066911389,1.98630832374
0.0580028279806,29.8528004117,0.226957717226,8.00378575235,2.19476691412,54.6291423798,2.01791974037,-2.07375144608,25.1005502781,-30.5751818622,169,18.3272838867,54.7278337852,0.0935225336519,2.1924148925,2.01762861731
0.0485017713902,29.8577642893,0.231083240071,18.213912476,2.2204715406,54.7642647902,2.0531117014,-2.11259807032,23.4926730694,-37.7860278908,170,20.8930988009,54.1819457123,0.0884254440208,2.21813762591,2.05267534832
0.058814427811,0.0,0.0975469685328,-372.593866521,0.214096114323,18.0050268967,-372.593866521,2.31836061239,54.9284799985,-372.593866521,29.8812657284,-2.17811358281,22.2909081264,-19.3308876589,171,21.6058049415,55.8845255241,2.11818174447,2.31524652587,2.11819235265
0.0756139859999,29.911088005,0.216369237052,9.51553317608,2.33441234642,55.0696263326,2.09072260377,-2.15246901345,25.5553184054,-70.2072337219,172,20.7692629827,53.0748269442,0.102431146748,2.32922800615,2.09094684419
0.0668980035218,29.935128259,0.203324335033,6.37743112701,2.36266532509,55.2214932951,2.11814608105,-2.18019727949,35.3776195965,-143.595400065,173,20.5577815527,56.7099327402,0.100670338364,2.35870152999,2.11787093527
0.0756129388562,29.9632682322,0.244182028455,-27.4296263074,2.36362674374,55.3747651289,2.11874706912,-2.18476589998,77.7483529881,-224.794117047,174,15.9346424825,48.5073431645,0.102756736399,2.35765147222,2.11847665681
0.058672280277,29.9865834859,0.17895583745,7.91037003666,2.30983928448,55.5183663357,2.07881288443,-2.14577780771,24.130951933,-31.9709591803,175,16.8852182222,63.3354691206,0.0938750553252,2.30421331627,2.07879946616
0.0558153899397,30.014484468,0.184852916317,-12.4476363051,2.30116624359,55.6508268671,2.09477573028,-2.16111233135,49.3453381249,-198.62930721,176,14.4829066074,45.0781763267,0.0917637171498,2.29550798755,2.09479328903
0.0519924999983,30.0497093308,0.19339088113,2.1416764486,2.3493226108,55.7900052404,2.1290893849,-2.19708896601,41.5817741083,-179.447339874,177,20.5657489324,68.9015951149,0.0904545175035,2.34435081247,2.12885789407
0.0476310252491,30.0871159178,0.262080586153,-57.5418914899,2.38976031821,55.9347787913,2.15613864976,-2.22398795646,106.989985232,-434.058504659,178,10.2187359004,65.4388590527,0.0907032396645,2.38556018833,2.15618160873
0.0424463898344,30.133627322,0.223078958052,-38.2694970141,2.44446085571,56.0560311447,2.21471342209,-2.28245285501,102.492316345,-362.070003748,179,8.60480091634,60.0087806906,0.0894524367902,2.4412544494,2.21468614129
0.0407930292067,30.1786523662,0.179643191352,-8.87789879412,2.49927493897,56.1761005796,2.28023928923,-2.35608377292,56.8160101051,-257.037649739,180,8.29101205646,65.4042335221,0.0906928064477,2.49674059448,2.2801763287
0.0503777389782,0.0,0.0956856800544,-235.560453842,0.17759987083,-7.74938318098,-235.560453842,2.48054010852,56.2952317572,-235.560453842,30.2379864139,-2.34914861959,81.7523613499,-306.502101799,181,10.4125072551,62.5021366161,2.27494972732,2.47774360679,2.27469609187
0.116295819981,0.0,0.126482144592,-365.750982823,0.19270574079,-7.08821782994,-365.750982823,2.67972938876,56.4630014362,-365.750982823,30.3036943448,-2.3380075298,71.6099795073,-244.804568425,182,13.1280202041,60.5284240385,2.26330988342,2.67306380136,2.26316963893
0.125911757136,30.3628922481,0.175132030118,-4.26966346677,2.70744195929,56.6298553545,2.23404292601,-2.31545628157,59.59654281,-199.834267953,183,10.961888871,73.69347791,0.124185327673,2.70075672772,2.2341120905
0.133171939144,0.0,0.130298173552,-95.4697636637,0.158693180192,26.765371386,-95.4697636637,2.74151504385,56.8059190646,-95.4697636637,30.4030510337,-2.37943981601,25.6476402173,-20.4014046297,184,21.0395680981,69.7670725562,2.29606521009,2.73264937292,2.29645672194
0.12855198467,0.0,0.125270879066,-87.7398960612,0.178117331453,30.3917881681,-87.7398960612,2.89908072319,56.9650628808,-87.7398960612,30.4342212355,-2.54294241175,40.0638245298,-106.7727712,185,22.0696165345,100.564853775,2.45688708936,2.89098529676,2.45673771578
0.150411303712,30.4479784606,0.164874932759,30.9415826868,3.06546682327,57.142430359,2.56014353305,-2.65431130801,25.6253258909,-26.130117491,186,24.7928376017,86.3782592807,0.138597896924,3.0558544082,2.55932136141
0.120953697207,30.4801981073,0.147572092796,38.7819123501,3.18694537305,57.3183223651,2.69808727423,-2.79293575842,29.1598003158,-6.97455996458,187,27.8734689168,104.358509134,0.135242580349,3.1776688651,2.69755381869
0.135282206227,30.4940311454,0.162114828724,44.8271399316,3.27720017402,57.5294427834,2.75774069957,-2.85852411193,27.0460269365,-5.54605094937,188,26.3708333338,104.231311014,0.140463861166,3.26815490767,2.75713844335
0.117790610425,30.5216941065,0.159443562158,53.2221635248,3.23458742475,57.7101679874,2.70504094018,-2.80370910254,30.5689867297,-5.10195122905,189,30.0544656274,103.034485903,0.134584433738,3.22410493565,2.70471617109
0.115641934634,30.5822567738,0.156411326215,41.6419221299,3.18303319998,57.8914042744,2.67282515542,-2.77467377764,34.0041256342,-92.3767681229,190,26.768909602,88.3713134847,0.129570592455,3.17376648507,2.6725248824
0.12139979184,0.0,0.134489688398,-43.850465384,0.238642028343,59.9827165287,-43.850465384,3.21378661003,58.0878665663,-43.850465384,30.6309436866,-2.7980187042,59.2972818746,-38.5805017446,191,30.7492827699,237.279477135,2.69059470656,3.20496994748,2.6910228391
0.111300934743,30.6775443767,0.180809943156,59.0404419603,3.25164638832,58.2936907612,2.73075283107,-2.84139137749,52.4520993511,-36.2592964051,192,27.0625536231,245.564365617,0.129763808397,3.24271176357,2.73013550331
0.13548104541,0.0,0.142647030153,224.270798287,0.17619116422,47.304103216,224.270798287,3.40337092554,58.4927389114,224.270798287,30.6941354435,-2.97312831926,39.1860463639,-26.2492695213,193,26.2194771362,111.178454053,2.84868082824,3.3943736845,2.84925099764
0.132305408792,30.7113752648,0.165002139242,39.8623240321,3.46271780982,58.7343272832,2.79810659007,-2.92710323679,46.8046649076,-44.1243295362,194,24.8051283931,106.991651169,0.14222644702,3.45173133193,2.79792435521
0.145947001868,30.7401975299,0.181661348359,39.3636000742,3.4183049858,58.898387207,2.85349743957,-2.97601646289,43.4882000046,-65.8950008947,195,26.7911978637,110.48872058,0.139454668968,3.40811832793,2.85289939306
0.134423235161,30.7777975025,0.153271050226,18.0779569046,3.49746309185,59.1080393505,2.93453727009,-3.06642981883,39.0814313223,-36.2230377279,196,18.4514518582,100.602866809,0.136798416779,3.48542143475,2.93488648371
0.133010011801,30.8135587888,0.17893796002,15.4823314101,3.61039394673,59.3172418315,3.05543021673,-3.18341848514,36.9155132485,-75.7388440767,197,18.8813764079,69.3474053769,0.136049175866,3.59812895507,3.05519480784
0.12862433555,30.8628496928,0.168528465403,35.8242517746,3.71249337352,59.5080173776,3.17472897483,-3.31556374758,31.4116452795,-39.4173003235,198,24.2273395698,103.728911116,0.142484817306,3.70195996425,3.17437943275
0.108831165393,30.9158781635,0.180426929516,39.1389339245,3.78364727588,59.7090197619,3.26840367128,-3.41500279355,27.7103962138,-16.2624813884,199,25.6303999879,100.617992592,0.138185259871,3.77553446743,3.26848038747
0.120337794299,0.0,0.141596898024,-20.470066279,0.170675416735,29.7612344819,-20.470066279,3.92779834727,59.9186464805,-20.470066279,30.9692887945,-3.57339891335,28.8454516308,-28.2196373972,200,23.0002815652,106.004688622,3.42666633813,3.91888966711,3.42692393468
0.143936492962,0.0,0.150710541008,24.0198369385,0.201951729437,41.2087933065,24.0198369385,4.06225262468,60.1198065103,24.0198369385,31.0448462569,-3.71994706988,27.8595476159,-13.0360519718,201,26.9719119758,101.352121902,3.56553949635,4.0529919071,3.56514694244
0.125675327614,31.1272219287,0.231525005276,48.2096479032,4.25130885062,60.3270723988,3.74842073069,-3.91432799739,28.621577487,-12.9706219143,202,25.3083025001,104.964013902,0.1483747232,4.2450085447,3.74866164978
0.112885750134,31.2205961001,0.225881998217,10.7682820469,4.28740573414,60.5273098633,3.81082919826,-3.97847766953,34.9383796136,-48.9076225915,203,19.4943687772,95.7961812144,0.143154295666,4.27993601794,3.81090406306
0.113175879088,31.286005767,0.228876622892,21.6393835533,4.3480248334,60.6644858619,3.88175719868,-4.05292000073,37.8917606235,-42.5268745205,204,20.9507571137,85.9250786444,0.146041683549,4.3414246804,3.88117474468
0.101534738286,0.0,0.137652080621,-24.3569329742,0.213362606239,6.33302267431,-24.3569329742,4.32374386687,60.831300703,-24.3569329742,31.3641213203,-4.09261249875,28.5563393971,-48.4954986335,205,18.1922600471,70.697743342,3.94336693218,4.31516446949,3.94360848186
0.0911356604659,31.4385899601,0.245276903814,10.8448474885,4.38184594657,60.9665185188,4.10162203615,-4.23936463023,33.0210048402,-44.4552730423,206,20.9603537425,79.4401825558,0.133285953748,4.37300544819,4.10169851945
0.103100278291,31.5073820216,0.240102500615,4.79498677229,4.50168392161,61.0915948083,4.1058754527,-4.24249772194,23.4292000775,-38.9580426657,207,16.2506456653,63.5904424987,0.13640838764,4.48977176823,4.10603529172
0.10785687296,31.5825929349,0.243721642825,-10.5737542144,4.52937210349,61.2388004396,4.07054966332,-4.2157297567,35.7587706597,-73.5860728888,208,15.1483932597,74.8002434868,0.137877661185,4.51471077848,4.07058350972
0.110291839474,31.6674579951,0.26192934975,-60.2261415631,4.60346315565,61.3646786046,4.16773085015,-4.32282152284,92.4905580626,-239.427639342,209,12.9759607154,71.2719437639,0.139861674306,4.59168978497,4.16760560447
0.110020814161,31.7418147301,0.379772909271,-445.720651155,4.6558898491,61.4674194407,4.25350750542,-4.40779430357,294.173708984,-956.447455956,210,-21.8420834111,44.8409793008,0.142007075877,4.64300777826,4.25359021229
0.138774360528,31.8397878291,0.349401499817,-231.730705981,4.80555438689,61.5434076471,4.42036480507,-4.57720969557,137.667503394,-501.339092571,211,-11.4645305102,24.4246719826,0.164382515409,4.79371353728,4.4207511389
0.113341158669,0.0,0.148917779773,-81.4119249122,0.36790805002,-253.890681599,-81.4119249122,4.92022455612,61.6490033439,-81.4119249122,31.9358645312,-4.68688847947,131.184148072,-466.285479772,212,-20.0457414172,57.099579244,4.53159569489,4.91091569127,4.53206243422
0.116626544411,0.0,0.15316122183,-352.131763877,0.356911901469,-323.792662595,-352.131763877,5.01064336425,61.7685282305,-352.131763877,32.0399456768,-4.78053017288,141.961050226,-453.529140965,213,-30.4667679106,61.75529591,4.63064158288,4.99923853418,4.63001387221
0.138704248176,8.62543163667,0.163719160241,-21.3511628023,0.308336122351,-283.29826843,-38.6020260756,5.08933614274,61.8999875247,-29.9765944389,32.1438370389,-4.85106191498,138.140630555,-438.834795713,214,-25.8851207815,27.5575957606,4.69865348812,5.07766954727,4.6985005563
0.135731834037,0.0,0.161281525317,-293.070581637,0.291534240889,-255.709104719,-293.070581637,5.19780890434,62.0110990806,-293.070581637,32.2268852293,-4.96005705249,138.77272374,-513.482103038,215,-14.2231272377,39.7337673961,4.80613556044,5.18719529428,4.80602908439
0.147821344421,32.3190753626,0.304746648193,-239.641137356,5.25822002344,62.1408904978,4.84876723558,-4.99443887751,124.535493607,-550.469423821,216,-7.3549444048,-0.759747172124,0.163066267016,5.24741111761,4.84904344913
0.111262583858,32.3814655872,0.258207080479,-208.349013402,5.29920308626,62.2591735283,4.9746797288,-5.11506102039,176.147203968,-606.516716574,217,-1.10729390705,9.86236284716,0.150942721373,5.29212718948,4.97501923268
0.102943478526,32.4310402712,0.216316729262,-40.8176456692,5.39641148228,62.3713011863,5.09599526839,-5.23636463781,52.6664530412,-177.098712414,218,10.9251152634,31.2501079328,0.146252978174,5.39245623606,5.09629221104
0.10312132776,32.4760329559,0.26503627322,7.59378170559,5.52002239821,62.4875173097,5.22016089679,-5.37736774019,32.1544969534,-71.9671592212,219,14.6037992715,60.4365667638,0.155569133831,5.51753170415,5.22033945771
0.10065792133,32.5155744185,0.284529217123,-11.6527569757,5.63189869597,62.6015870586,5.32540427757,-5.50491069507,44.1364901099,-86.9743308202,220,8.56516335403,70.3373285347,0.155443523198,5.62807135155,5.3261874851
0.110056964723,32.5706581147,0.284879791486,15.2815768746,5.70565316779,62.7953811156,5.42006998213,-5.57132041323,40.2331766801,-53.4433283046,221,15.380400948,71.5582853816,0.163269007856,5.70024905324,5.42023435488
0.101863911983,32.6531535878,0.297652015981,25.8495238897,5.74489578303,62.9889518713,5.46402596877,-5.61282889413,30.7382963968,-24.6686735334,222,16.3760180698,84.3492573242,0.16221581894,5.73704756473,5.46451145224
0.100467297381,32.7221290613,0.28225419258,7.88646722371,5.78830661216,63.2129012413,5.50741542382,-5.65988165976,38.413134321,-72.0469397636,223,9.76096811814,72.893429308,0.160050231302,5.78164790195,5.50759211994
0.09592612333,32.7916698142,0.274410908465,9.42782608062,5.83565574387,63.3797388116,5.57982069852,-5.73784423178,41.5384227584,-68.0983770764,224,11.0269438971,84.0959813555,0.157639343628,5.82912403748,5.58015655889
0.0927100665078,32.8534573428,0.261141829034,3.29519525026,5.79286576794,63.5147936892,5.56118719905,-5.71936492964,35.5300614358,-73.3730476396,225,12.938385997,58.8781503003,0.157395075186,5.78626615292,5.56112139068
0.107529417898,32.8786389047,0.258943491961,-6.73099142145,5.74762160107,63.6628810659,5.53415723854,-5.68748101055,54.1500809662,-104.750162918,226,8.65791761071,80.2251800652,0.166886513278,5.74243536668,5.53437849789
0.0922632315858,32.9018065284,0.287269524328,34.2275121416,5.70336441047,63.7861954714,5.48196286119,-5.63905644982,41.5944018832,-85.3271434087,227,16.5830526308,98.8259311983,0.160416931426,5.69837008585,5.4823731952
0.0919443721517,32.9298750128,0.280778077316,23.6892819781,5.68183822508,63.9039207163,5.48090397002,-5.63544105616,40.8218874128,-62.2455396931,228,12.8662318056,82.3988305052,0.155860104557,5.67891989942,5.48045708434
0.0879672262104,32.9670285831,0.276563478927,32.3758884903,5.68751480859,64.0208335511,5.49499645801,-5.65017910146,40.8524797843,-56.4114650073,229,13.2264330325,104.689071317,0.154535129868,5.6833787242,5.49532422585
0.09208133397,33.0064238212,0.259952537992,37.3017963092,5.73476541252,64.1549719297,5.59220032964,-5.75060406369,39.2099334132,-64.5022270979,230,13.1041163317,92.8849940213,0.154734499795,5.73227484728,5.59253063351
0.0845316007383,33.0387189404,0.282946085532,48.8517481974,5.81366895384,64.2818360991,5.68052304606,-5.84044557434,20.1730960822,10.6081233963,231,12.9203597673,85.55763251,0.15356913815,5.81242217894,5.68043473974
0.069502517153,33.0679442618,0.288738079223,48.287744938,5.80959610033,64.3842578575,5.67042363701,-5.83491055151,15.9347538277,20.1226891939,232,10.779497298,81.5937539809,0.147011787384,5.80763018857,5.67106654081
0.0715787191439,33.0897558207,0.312053339851,50.6791027185,5.80541316483,64.4888320615,5.67229352709,-5.83965740576,19.1822680302,11.666459099,233,11.2291532016,86.581117501,0.149493068834,5.80373983998,5.67219419018
0.0684883686674,33.0978454876,0.290194665915,36.7204159516,5.77486779665,64.5991487596,5.65067709328,-5.80984765705,35.1499205278,-84.2252212516,234,9.67710353158,83.1179383879,0.147607491059,5.77310540205,5.65092092466
0.0699784638259,33.1184940726,0.268168293175,48.8048775133,5.79147065979,64.7149641466,5.67871407589,-5.83304003011,17.2481405536,0.893502783149,235,12.7385355258,72.2415482432,0.14937110864,5.79031620988,5.67874786234
0.0676496518644,33.1544279794,0.291454461876,35.068914085,5.83225335362,64.8170339408,5.72973413343,-5.88009395692,24.0331068259,-55.6804596598,236,9.58277132425,76.9473106988,0.150110580713,5.83099089224,5.7300487587
0.0868089479247,0.0,0.153758293682,-203.232070932,0.245976053842,40.0804006547,-203.232070932,5.90863349775,64.9302320183,-203.232070932,33.2068628122,-5.97324115436,25.7543173876,-28.595170103,237,13.1585592586,80.1920730072,5.83828895023,5.90672963675,5.83803943336
0.0783773760473,33.2970132509,0.253568386562,43.9710660727,5.88787336281,65.0347381865,5.83208490353,-5.96411176635,20.3592188774,-2.21857467851,238,14.380251768,79.5467066541,0.150885272199,5.88617845602,5.83213536645
0.0629515171885,33.3484229384,0.23486771158,44.990637548,5.89578688356,65.1162391724,5.85627057699,-5.9799743868,21.1075185378,1.84947632791,239,13.9423792035,82.3690899841,0.143218953814,5.89454295958,5.85641049682
0.0615289265885,33.3965021631,0.230385643454,40.114671911,5.8734098301,65.1659568496,5.84128011719,-5.95610752626,20.1169179209,3.06946787395,240,18.9433133613,81.3229473932,0.145224412768,5.87235372619,5.84108881092
0.063274114302,33.4264662069,0.225615793597,28.3730553765,5.85129890407,65.2626733043,5.81498458428,-5.92791024809,21.3887914885,-29.2986940585,241,20.3826160344,83.8548781448,0.146536187071,5.84965355065,5.81546612179
0.0537310157148,33.4572018736,0.222416312314,24.4582320076,5.84478556257,65.3460615482,5.81234092699,-5.92045914811,17.9786593674,-9.9558896194,242,14.2369324293,55.6612198199,0.141529544187,5.84401280725,5.81226719994
0.053555901392,33.4691032388,0.237368153409,16.9524050069,5.85782867647,65.4309310046,5.82652387399,-5.93162481494,27.9029607082,-70.2127154183,243,12.5008221175,84.2492199856,0.13947170394,5.85629157553,5.82668717481
0.0478240193134,33.4941063453,0.255692315561,19.2537442073,5.8472321556,65.5208538275,5.81994555541,-5.92725989583,30.1737496706,-26.7699991301,244,13.6709612129,97.1249569141,0.136349784542,5.84660498499,5.81988120361
0.0502027608078,0.0,0.137172062595,-45.645084927,0.256761255042,21.064822806,-45.645084927,5.90755086087,65.6031707845,-45.645084927,33.5169641333,-5.98184963532,28.3978614288,-46.239695648,245,12.6604795006,68.3080169295,5.87915867698,5.90661308571,5.87887485758
0.0669393674893,33.5351590341,0.254574303916,16.4115956216,5.97582584257,65.684676829,5.94889120699,-6.04890594441,27.0800345517,-35.3728897686,246,17.1525946005,87.0857733102,0.138713338598,5.97402749056,5.94879719533
0.073081455004,33.570962093,0.260695653007,20.7190877307,5.91098233318,65.7779440933,5.88186723469,-5.97831849957,28.7797347861,-44.3229719505,247,14.3854596109,70.90746337,0.138714294382,5.90680724769,5.88221280437
0.069467123829,33.6021664115,0.265784859572,26.7392688374,5.92704309795,65.8647778412,5.89863072549,-5.99142911341,26.4993192583,-33.5992605735,248,14.6653878082,83.1220118595,0.141905336213,5.92412193693,5.89863317426
0.0700290577679,33.6404786155,0.240532645321,17.1094979791,5.98982629123,65.9491018982,5.96284636286,-6.04920210987,17.0370737606,-8.160037261,249,14.0019088337,60.4506685544,0.137632792223,5.98630476816,5.96287192755
0.0683218853653,33.6852626518,0.276777473232,25.4304108051,6.06640805316,66.035696838,6.04173516794,-6.12675229404,15.8925170936,-19.8397542424,250,15.0271134936,54.1309288777,0.137453495608,6.06373691381,6.04202643583
0.0915265235002,0.0,0.144938183595,-95.5637659832,0.285548536773,12.1542365943,-95.5637659832,6.15230502184,66.1430444282,-95.5637659832,33.7165286884,-6.20388834872,25.0632858031,-51.7994076035,251,13.9738535298,56.9869371582,6.11645068804,6.14697884377,6.11675906877
0.0857884236134,33.7434078486,0.266832391158,18.0078119683,6.17714147029,66.2606641167,6.14373648089,-6.22936723003,19.9409798704,-37.9012645922,252,10.059924425,53.7825376226,0.144122427169,6.17295304718,6.1433357591
0.0795676876515,33.7767533471,0.280711807376,11.9491109666,6.19815505631,66.3861696704,6.17210718277,-6.25367814693,18.4623871419,-40.7058654169,253,6.87006317087,38.132188928,0.140057470834,6.1944550543,6.17230300198
0.0728291747483,33.8137223959,0.271860243188,11.5113204159,6.27081331466,66.5141887659,6.24378463466,-6.32455093973,11.7075600357,-17.5054491575,254,9.34938677548,42.1867629041,0.13644750215,6.26807798431,6.24394108315
0.0705461772236,33.8496844086,0.304331899534,15.4191802382,6.29260518906,66.628012014,6.26592815436,-6.34857590561,22.3163646916,-33.7839535895,255,10.722112558,54.8013958527,0.135731135193,6.29110847082,6.26572747441
0.0848687322353,33.9199348659,0.296065619537,3.81234454629,6.3322575568,66.7612061493,6.3020366112,-6.38945780929,28.343251077,-77.7201787334,256,5.96218756555,59.5145047034,0.14507094141,6.33015110048,6.30190641138
0.0746807564427,33.9578418146,0.323936849926,4.18213711026,6.36285468676,66.9161530573,6.33126505451,-6.41659007965,25.037267623,-49.1311198621,257,2.34220053985,50.5586992576,0.143019881142,6.36082341705,6.33107567812
0.0862313359253,34.0013578985,0.322114445127,2.52333325281,6.43017838173,67.0277304567,6.39665889228,-6.48236752494,15.7685656598,-46.3692574462,258,6.27674934248,23.6880038608,0.149445936612,6.42867492127,6.39662684232
0.0668347567195,34.033914381,0.323520065372,-4.28265861572,6.47602558932,67.1614218454,6.44339918469,-6.52885083508,49.5283692888,-250.078535437,259,5.82669079301,43.0005638793,0.139825619695,6.4741642384,6.44348534156
0.0773504410156,0.0,0.14229129411,-243.576880283,0.324396527349,11.8160758275,-243.576880283,6.51503813615,67.2916442524,-243.576880283,34.0669369559,-6.57065754983,17.6678406567,-24.7024689695,260,6.58270013596,42.457154752,6.48537657528,6.51348603303,6.48570488158
0.093971183604,34.1200624632,0.34148218677,-8.17762203686,6.53350327259,67.4111294172,6.50994309328,-6.60021783971,35.2735187321,-160.033786709,261,2.11689763615,44.1867023713,0.151058978353,6.53010948048,6.51026916251
0.0877677551111,34.1529295025,0.320882986307,-0.45635148165,6.52395511355,67.5397463594,6.49941298257,-6.59406161066,23.2019224802,-86.2246892966,262,-1.32302867827,32.1249513325,0.147503756669,6.52007798927,6.49935317891
0.0907441033908,34.1905832461,0.337855763577,7.781280269,6.57464314514,67.65326645,6.55107135775,-6.63865258342,20.9893489065,-85.1666834613,263,3.27546437624,32.2729000651,0.149273543698,6.57257974027,6.55108684349
0.118561784445,34.2322138189,0.308995829735,6.52659249775,6.612142228,67.7436037579,6.5850534478,-6.6677390444,46.2542742621,-109.788072921,264,2.0070933073,53.8814611705,0.15995111491,6.60912231292,6.58499937028
0.161954479925,34.2755804217,0.311134054745,21.5751141213,6.62645015999,67.8562513311,6.58655035785,-6.66992160593,29.4752501418,-65.8290343537,265,6.69412021498,75.7072575857,0.178931817976,6.61965218679,6.58628365789
0.253243794717,0.0,0.199925867351,-60.6132249291,0.311161934061,21.7783574837,-60.6132249291,6.58789598106,67.9458140227,-60.6132249291,34.2958537949,-6.62566997558,40.5730035628,-66.7787947074,266,9.09997941505,87.1008284138,6.5417906895,6.5742392231,6.54122298702
0.23910579056,0.0,0.19114638242,-78.1629376893,0.324536602808,3.12016078977,-78.1629376893,6.63818901035,68.072871051,-78.1629376893,34.3264466946,-6.68569482124,32.8887235228,-64.1653747328,267,1.4459832949,59.6948985608,6.59738073451,6.62496398122,6.59723470849
0.224117434345,0.0,0.201692245067,-236.776193075,0.341460464688,-7.50489632395,-236.776193075,6.6935627818,68.2004729472,-236.776193075,34.3724075436,-6.74049419958,54.287412273,-225.699292951,268,-1.12849214733,57.56354157,6.64057843794,6.6793471465,6.64041017553
0.173992038311,34.4089548822,0.304756079,15.7395247016,6.72511583026,68.332191415,6.67039216721,-6.76429201633,37.2901466524,-93.084518081,269,4.52847798772,53.7675040761,0.183024505949,6.7122731366,6.67087104611
0.176663093183,35.6094761069,0.183977129624,-49.3554200695,0.453132911238,-5.6560469371,-120.574372283,6.77434327861,68.4635546408,-84.9648961764,34.4545024847,-6.80998119393,73.9852724818,-197.309164849,270,-10.9302482309,143.316877974,6.72171250269,6.76410797226,6.72140300616
0.263315324451,34.4980693036,0.344400885035,-10.228459857,6.88894550666,68.5802697121,6.82976973625,-6.9284560175,86.3578307012,-252.872428035,271,-11.4189655259,82.8195199155,0.210502651966,6.87455047574,6.82929130786
0.252068725798,0.0,0.208649053245,-176.638864709,0.34493030094,4.19706373583,-176.638864709,6.94648533512,68.7270539612,-176.638864709,34.5531267805,-6.98496731583,58.9251293474,-167.679017969,272,-0.682292672652,78.3893924981,6.88677288826,6.93336688418,6.88648341632
0.224669935631,34.59558785,0.314665451323,-30.9322236271,7.01446181595,68.8774532981,6.95037936556,-7.05077489478,76.2274028695,-192.942793189,273,-17.8648605974,55.3439033345,0.200186346156,7.00041687483,6.95039999661
0.195313300618,0.0,0.191874755539,-44.6216575247,0.369291896858,-59.1274712991,-44.6216575247,7.07237129371,69.0045586343,-44.6216575247,34.6251446274,-7.10210194872,85.867711523,-226.083063265,274,-21.3221251554,113.512899994,7.00097086289,7.06027173657,7.00053664194
