MeanKL,AveragePolicyStd,AverageDiscountedReturn,Entropy,Perplexity,LossBefore,LossAfter,dLoss,MeanKLBefore,AverageReturn,NumTrajs,Iteration,StdReturn,MinReturn,ExplainedVariance,MaxReturn
0.0,1.0,-160.81979915,2.83787706641,17.0794684453,-1.5540391168799853e-17,-1.5540391168799853e-17,0.0,0.0,-306.047344381,45,0,155.630828394,-641.807655081,1.40909506285e-12,-92.1371227493
0.0,1.0,-149.887349797,2.83787706641,17.0794684453,-1.1074985509450948e-17,-1.1074985509450948e-17,0.0,0.0,-296.3278316,43,1,162.566432495,-700.41349995,0.429177988666,-48.5409217846
0.0,1.0,-173.720838301,2.83787706641,17.0794684453,-5.7129829740574095e-18,-5.7129829740574095e-18,0.0,0.0,-340.241408495,43,2,156.797582016,-718.982700363,0.432954199629,-117.46615476
0.0,1.0,-169.074928267,2.83787706641,17.0794684453,1.9163107435821187e-17,1.9163107435821187e-17,0.0,0.0,-326.637215197,43,3,135.889860256,-603.999013253,0.34212009731,-83.1414985562
0.0,1.0,-170.24499379,2.83787706641,17.0794684453,-7.37560392604443e-17,-7.37560392604443e-17,0.0,0.0,-326.932822226,44,4,163.145557044,-607.403955602,0.529747115638,-82.2104426156
0.0,1.0,-152.656260854,2.83787706641,17.0794684453,3.1050946987777604e-17,3.1050946987777604e-17,0.0,0.0,-289.321922933,45,5,155.476279268,-660.872081134,0.0208567327999,-101.120305232
0.0,1.0,-173.771323899,2.83787706641,17.0794684453,-2.0583948624261443e-17,-2.0583948624261443e-17,0.0,0.0,-339.588573271,42,6,136.762396144,-660.226436554,0.156496633922,-108.662378094
0.0,1.0,-140.653980193,2.83787706641,17.0794684453,6.480597855792896e-17,6.480597855792896e-17,0.0,0.0,-270.028167165,42,7,121.952123046,-538.645365923,0.141883397777,-23.1134651419
0.0,1.0,-173.473971083,2.83787706641,17.0794684453,1.439305220661945e-17,1.439305220661945e-17,0.0,0.0,-336.908043145,42,8,158.234181697,-646.524480679,0.434265798127,-99.6026327853
0.0,1.0,-159.988880942,2.83787706641,17.0794684453,-3.8188129959688834e-17,-3.8188129959688834e-17,0.0,0.0,-310.265554183,42,9,147.588163716,-612.422563591,0.259235213321,-14.4836862824
0.0,1.0,-162.953209632,2.83787706641,17.0794684453,1.1889851355383836e-17,1.1889851355383836e-17,0.0,0.0,-330.926117401,40,10,165.153372592,-649.576531765,0.505128947328,-40.2644785274
0.0,1.0,-156.362322452,2.83787706641,17.0794684453,6.060671213250573e-17,6.060671213250573e-17,0.0,0.0,-302.710062542,42,11,155.910039249,-610.595691156,0.31430664186,-16.7417337394
0.0,1.0,-176.540721114,2.83787706641,17.0794684453,2.138113830601839e-17,2.138113830601839e-17,0.0,0.0,-347.907165321,41,12,155.915279592,-654.19210578,0.515406506712,-123.195069138
0.0,1.0,-169.531463707,2.83787706641,17.0794684453,-9.633659627826984e-18,-9.633659627826984e-18,0.0,0.0,-308.540257404,48,13,138.77842429,-619.729576026,0.308524328545,-90.1219072254
0.0,1.0,-179.736228653,2.83787706641,17.0794684453,1.4599758657421591e-18,1.4599758657421591e-18,0.0,0.0,-341.73272781,43,14,149.41313837,-616.348865498,0.474159898356,-66.3665468037
0.0,1.0,-178.475856737,2.83787706641,17.0794684453,1.1027792645891797e-19,1.1027792645891797e-19,0.0,0.0,-338.58264764,43,15,139.120073533,-624.746002915,0.507449915329,-41.1176146856
0.0,1.0,-187.700160128,2.83787706641,17.0794684453,-6.727035084563666e-17,-6.727035084563666e-17,0.0,0.0,-373.017508683,39,16,160.854744467,-648.504858051,0.425368617483,-85.8929331797
0.0,1.0,-154.006269795,2.83787706641,17.0794684453,-6.264216716642814e-17,-6.264216716642814e-17,0.0,0.0,-298.16653828,42,17,151.25896422,-570.989728014,0.426346285448,-70.960382979
0.0,1.0,-168.249247099,2.83787706641,17.0794684453,-2.3321293626925114e-17,-2.3321293626925114e-17,0.0,0.0,-327.082070716,39,18,137.707015436,-550.662099944,0.338378754985,-56.3726923598
0.0,1.0,-157.593683228,2.83787706641,17.0794684453,-4.6555097318885685e-18,-4.6555097318885685e-18,0.0,0.0,-320.214319799,40,19,157.82151766,-634.881780711,0.45314521556,-67.1106181599
0.0,1.0,-181.645835258,2.83787706641,17.0794684453,4.677063343729166e-18,4.677063343729166e-18,0.0,0.0,-348.162439124,43,20,148.685952817,-610.128643228,0.208373535655,-114.281507919
0.0,1.0,-169.73794909,2.83787706641,17.0794684453,2.4593293052745214e-17,2.4593293052745214e-17,0.0,0.0,-332.20505138,41,21,161.202185308,-687.468842636,0.383056157732,-17.9352393395
0.0,1.0,-181.211390975,2.83787706641,17.0794684453,3.2369011582184467e-17,3.2369011582184467e-17,0.0,0.0,-351.126908665,42,22,193.624058565,-730.294177634,0.423268361065,-36.4640544232
0.0,1.0,-152.122878349,2.83787706641,17.0794684453,-7.734381863069411e-19,-7.734381863069411e-19,0.0,0.0,-291.530726978,42,23,162.085698969,-680.300750858,0.23493669685,-60.4141045347
0.0,1.0,-165.662132389,2.83787706641,17.0794684453,-1.7209009781602588e-17,-1.7209009781602588e-17,0.0,0.0,-332.780322831,41,24,127.815818901,-609.343304691,0.208092797722,-109.976748199
0.0,1.0,-149.438290742,2.83787706641,17.0794684453,5.591300429808421e-18,5.591300429808421e-18,0.0,0.0,-295.515330303,41,25,166.757384703,-605.314592365,0.547497535154,-77.1952702279
0.0,1.0,-147.615592936,2.83787706641,17.0794684453,-1.4571335549071554e-17,-1.4571335549071554e-17,0.0,0.0,-288.797501701,41,26,156.040662471,-618.574683775,0.404182743144,-38.6709268042
0.0,1.0,-145.932988044,2.83787706641,17.0794684453,7.772100901605375e-18,7.772100901605375e-18,0.0,0.0,-263.601137821,44,27,129.147308684,-539.496325342,-0.322043331917,-63.9213711969
0.0,1.0,-179.997308766,2.83787706641,17.0794684453,-1.609136066281181e-17,-1.609136066281181e-17,0.0,0.0,-347.599545745,43,28,141.540886778,-614.66709072,0.323073134063,-106.779291241
0.0,1.0,-158.221186014,2.83787706641,17.0794684453,-8.350818391511254e-18,-8.350818391511254e-18,0.0,0.0,-300.091153634,43,29,141.482403707,-627.253591405,0.245913389839,5.0743278535
0.0,1.0,-167.513066351,2.83787706641,17.0794684453,1.2709922790522985e-17,1.2709922790522985e-17,0.0,0.0,-326.579021265,41,30,180.224222325,-696.176323455,0.510638704464,-45.5631400701
0.0,1.0,-168.842880007,2.83787706641,17.0794684453,3.5999737346076774e-17,3.5999737346076774e-17,0.0,0.0,-320.317904452,42,31,139.151588235,-572.314823318,0.251634072291,-105.05627362
0.0,1.0,-169.297567515,2.83787706641,17.0794684453,1.0231195992809661e-17,1.0231195992809661e-17,0.0,0.0,-330.452996194,43,32,155.731903957,-661.498182237,0.118507557773,-55.5722114487
0.0,1.0,-156.124335066,2.83787706641,17.0794684453,4.063793915623262e-17,4.063793915623262e-17,0.0,0.0,-300.698773796,43,33,172.000596183,-634.118164562,0.504918817325,-93.1913888857
0.0,1.0,-152.436481548,2.83787706641,17.0794684453,-6.870564077182391e-17,-6.870564077182391e-17,0.0,0.0,-295.560436451,43,34,138.219146242,-641.501035126,0.425392754896,-26.6882612878
0.0,1.0,-170.099776833,2.83787706641,17.0794684453,-1.048482853946844e-17,-1.048482853946844e-17,0.0,0.0,-310.430631014,47,35,152.494643342,-566.477549758,0.398433942541,-12.8852993917
0.0,1.0,-185.787000362,2.83787706641,17.0794684453,1.2576640674230503e-17,1.2576640674230503e-17,0.0,0.0,-356.90251045,44,36,179.954908029,-691.678163981,0.430723968446,-56.8176479239
0.0,1.0,-183.5273219,2.83787706641,17.0794684453,-2.024283944285868e-17,-2.024283944285868e-17,0.0,0.0,-352.187858766,43,37,159.427402145,-666.505505015,0.428730005299,-89.5033102877
0.0,1.0,-187.376235211,2.83787706641,17.0794684453,6.599828411921943e-17,6.599828411921943e-17,0.0,0.0,-369.118972932,41,38,158.109098266,-661.297259979,0.293902953285,-12.14037407
0.0,1.0,-167.61803402,2.83787706641,17.0794684453,4.852559809840982e-18,4.852559809840982e-18,0.0,0.0,-331.000806103,43,39,153.57930336,-638.984228721,0.519900461641,-96.6588863612
0.0,1.0,-213.537085804,2.83787706641,17.0794684453,-2.976964820006322e-17,-2.976964820006322e-17,0.0,0.0,-392.819459378,45,40,144.060856214,-720.287402553,0.324341139299,-119.91834435
0.0,1.0,-167.761288163,2.83787706641,17.0794684453,-6.272678093340065e-17,-6.272678093340065e-17,0.0,0.0,-327.853123411,42,41,147.270534354,-579.374442527,0.49353672293,-89.618508623
0.0,1.0,-175.155374357,2.83787706641,17.0794684453,-1.0156141372123547e-17,-1.0156141372123547e-17,0.0,0.0,-343.42555394,42,42,171.15185214,-666.267938806,0.491388558516,-32.0654231639
0.0,1.0,-157.636870641,2.83787706641,17.0794684453,6.954219068357575e-18,6.954219068357575e-18,0.0,0.0,-309.598994074,43,43,158.986440285,-722.593685384,0.444498797762,-51.0186317437
0.0,1.0,-155.405549047,2.83787706641,17.0794684453,1.558493558656982e-17,1.558493558656982e-17,0.0,0.0,-290.593526829,44,44,132.664428678,-549.573768831,0.442219602004,-48.4843871604
0.0,1.0,-164.889061739,2.83787706641,17.0794684453,-9.844651838648581e-17,-9.844651838648581e-17,0.0,0.0,-318.167518572,43,45,125.554107055,-599.241719654,0.278512456803,-120.629485097
0.0,1.0,-164.083086976,2.83787706641,17.0794684453,6.408313138663081e-19,6.408313138663081e-19,0.0,0.0,-329.422684342,40,46,158.570382135,-624.531448822,0.244795621728,-70.0987818111
0.0,1.0,-148.285402527,2.83787706641,17.0794684453,3.56124722534071e-18,3.56124722534071e-18,0.0,0.0,-301.582808963,41,47,127.067810277,-591.539577252,0.101393328312,-85.7827967142
0.0,1.0,-166.213487233,2.83787706641,17.0794684453,1.784726591692325e-17,1.784726591692325e-17,0.0,0.0,-320.271110966,43,48,187.064176954,-680.078033125,0.546848694294,-8.14735487227
0.0,1.0,-189.931068344,2.83787706641,17.0794684453,1.9260666341401755e-17,1.9260666341401755e-17,0.0,0.0,-371.579412804,42,49,147.524311611,-657.769215269,0.326624289177,-123.577156615
0.0,1.0,-162.552383484,2.83787706641,17.0794684453,-6.165609376020819e-19,-6.165609376020819e-19,0.0,0.0,-330.639073472,41,50,150.200292208,-641.353468132,0.33998704986,-100.394193983
0.0,1.0,-153.360654893,2.83787706641,17.0794684453,-4.2732092056217965e-17,-4.2732092056217965e-17,0.0,0.0,-301.517948992,41,51,137.887627644,-591.939609975,0.175813602658,-105.632596924
0.0,1.0,-197.823727808,2.83787706641,17.0794684453,-1.8485254899907507e-18,-1.8485254899907507e-18,0.0,0.0,-372.101891798,44,52,150.48978784,-642.424358449,0.278014223134,-89.9200445035
0.0,1.0,-161.818931682,2.83787706641,17.0794684453,-2.8504611946924667e-17,-2.8504611946924667e-17,0.0,0.0,-319.2131186,39,53,176.683618951,-667.667654543,0.431824719878,84.378580989
0.0,1.0,-149.385777227,2.83787706641,17.0794684453,9.6932900575979e-19,9.6932900575979e-19,0.0,0.0,-295.279130503,42,54,161.691109873,-648.860459119,0.286899828766,-56.0205043942
0.0,1.0,-178.127458618,2.83787706641,17.0794684453,3.25678683230841e-17,3.25678683230841e-17,0.0,0.0,-336.424641795,44,55,141.947759734,-611.563674424,0.298029770878,-89.7970742444
0.0,1.0,-150.588278966,2.83787706641,17.0794684453,3.148393651922086e-18,3.148393651922086e-18,0.0,0.0,-293.094051815,43,56,128.943426436,-566.449200334,0.116731554859,-77.093619509
0.0,1.0,-159.878057469,2.83787706641,17.0794684453,2.6357465975437185e-17,2.6357465975437185e-17,0.0,0.0,-305.975863518,44,57,141.9325503,-718.737233918,0.227991634085,-108.818672956
0.0,1.0,-168.07425059,2.83787706641,17.0794684453,-4.114707975362777e-18,-4.114707975362777e-18,0.0,0.0,-342.535060343,42,58,145.406297006,-685.770909546,0.23200217941,-112.937854702
0.0,1.0,-167.201785305,2.83787706641,17.0794684453,-2.8887892630793875e-17,-2.8887892630793875e-17,0.0,0.0,-327.762708558,42,59,164.307188281,-655.304299174,0.582976107876,-55.6440121662
0.0,1.0,-183.564095053,2.83787706641,17.0794684453,-6.044959688026481e-17,-6.044959688026481e-17,0.0,0.0,-355.591312945,41,60,168.187262725,-629.47963567,0.496310573946,-91.4707404282
0.0,1.0,-178.43548632,2.83787706641,17.0794684453,3.899658373995863e-18,3.899658373995863e-18,0.0,0.0,-342.207794186,41,61,140.240056799,-565.241010052,0.454222715892,-100.192574699
0.0,1.0,-137.890150464,2.83787706641,17.0794684453,7.45061174342841e-18,7.45061174342841e-18,0.0,0.0,-273.85724796,43,62,155.685712401,-670.665785522,0.460687229404,-71.7353374343
0.0,1.0,-174.117775439,2.83787706641,17.0794684453,1.0243539968563369e-17,1.0243539968563369e-17,0.0,0.0,-325.628001118,42,63,160.086529022,-579.763469059,0.136955982565,-29.3785898467
0.0,1.0,-178.383123284,2.83787706641,17.0794684453,-1.7629463056916423e-17,-1.7629463056916423e-17,0.0,0.0,-348.947525744,42,64,143.789525158,-600.181622721,0.257901517625,-61.745372358
0.0,1.0,-191.531843634,2.83787706641,17.0794684453,3.616260965510671e-17,3.616260965510671e-17,0.0,0.0,-349.387162675,44,65,146.075529147,-619.649946816,0.44506528698,-88.457431915
0.0,1.0,-159.348823303,2.83787706641,17.0794684453,2.2368446071091563e-17,2.2368446071091563e-17,0.0,0.0,-305.562103649,44,66,147.592509519,-657.272619178,0.250393501544,-90.3590485117
0.0,1.0,-187.035085334,2.83787706641,17.0794684453,-1.765644784461056e-17,-1.765644784461056e-17,0.0,0.0,-348.680896982,45,67,167.420779257,-664.868766434,0.440218246816,-74.0945685661
0.0,1.0,-163.591295917,2.83787706641,17.0794684453,1.5922328743097163e-17,1.5922328743097163e-17,0.0,0.0,-298.936041454,47,68,147.876601912,-673.251073923,0.438469668192,-55.2209634649
0.0,1.0,-181.700153748,2.83787706641,17.0794684453,3.1311694381123786e-17,3.1311694381123786e-17,0.0,0.0,-346.781846967,44,69,167.556612978,-656.517155115,0.544063499689,-72.1421784796
0.0,1.0,-173.462157162,2.83787706641,17.0794684453,-1.773044783532902e-17,-1.773044783532902e-17,0.0,0.0,-339.044047402,43,70,168.657919237,-648.257640997,0.469185258519,-83.0326989457
0.0,1.0,-178.957295419,2.83787706641,17.0794684453,-2.0117812664730782e-17,-2.0117812664730782e-17,0.0,0.0,-336.931880924,45,71,162.282126544,-646.657020355,0.511775301245,-40.7831885239
0.0,1.0,-180.86359687,2.83787706641,17.0794684453,-7.050341421513843e-18,-7.050341421513843e-18,0.0,0.0,-346.141324611,44,72,150.702606148,-696.717593785,0.50579338044,-102.331873826
0.0,1.0,-173.969524107,2.83787706641,17.0794684453,-5.484989946040532e-17,-5.484989946040532e-17,0.0,0.0,-346.114847879,40,73,159.751281594,-733.591077123,0.525144394088,-20.0608584921
0.0,1.0,-175.284020735,2.83787706641,17.0794684453,3.37081086723735e-17,3.37081086723735e-17,0.0,0.0,-343.611404852,42,74,169.698284037,-660.732096897,0.560756096178,-109.618096064
0.0,1.0,-162.666711669,2.83787706641,17.0794684453,-8.189408496901912e-18,-8.189408496901912e-18,0.0,0.0,-318.198677684,42,75,158.49613923,-665.025130248,-0.222798084045,-85.6163392793
0.0,1.0,-169.460266075,2.83787706641,17.0794684453,-4.146287462973558e-18,-4.146287462973558e-18,0.0,0.0,-314.657839404,45,76,147.271866198,-604.45047533,0.321279460343,-73.8460065586
0.0,1.0,-192.818982875,2.83787706641,17.0794684453,1.0324269820552449e-17,1.0324269820552449e-17,0.0,0.0,-370.409459315,43,77,140.036887864,-615.495616289,0.491293544391,-109.786644417
0.0,1.0,-167.406137557,2.83787706641,17.0794684453,-1.0880514109677015e-17,-1.0880514109677015e-17,0.0,0.0,-316.910345396,45,78,175.782599958,-648.008507936,0.46466502596,-28.6279514942
0.0,1.0,-163.125568641,2.83787706641,17.0794684453,3.63181023295637e-18,3.63181023295637e-18,0.0,0.0,-317.129024347,42,79,160.749936174,-644.618789474,0.0553433020366,-84.0519950245
0.0,1.0,-169.083528076,2.83787706641,17.0794684453,-2.9412728394078903e-17,-2.9412728394078903e-17,0.0,0.0,-320.852102374,43,80,168.079248014,-647.687835234,0.547239385799,-128.184978124
0.0,1.0,-192.572355448,2.83787706641,17.0794684453,2.666592731664909e-18,2.666592731664909e-18,0.0,0.0,-372.577492179,42,81,146.867225915,-646.692497246,0.304378183651,-96.5913584224
0.0,1.0,-168.29646002,2.83787706641,17.0794684453,-6.6091213051743806e-18,-6.6091213051743806e-18,0.0,0.0,-319.255644608,43,82,149.908877585,-638.053495771,0.432897243186,-42.6223111588
0.0,1.0,-171.331474795,2.83787706641,17.0794684453,-7.192566473883444e-18,-7.192566473883444e-18,0.0,0.0,-324.299701704,43,83,166.147284252,-772.804478663,0.432901409029,-45.7306869837
0.0,1.0,-161.591935086,2.83787706641,17.0794684453,3.237234462892164e-17,3.237234462892164e-17,0.0,0.0,-309.769026008,44,84,148.234582646,-593.197044474,0.565201336721,-45.2835366786
0.0,1.0,-155.331262096,2.83787706641,17.0794684453,1.2398780541443792e-17,1.2398780541443792e-17,0.0,0.0,-311.004929413,40,85,148.106805144,-602.11058735,0.416873388733,-45.6800778724
0.0,1.0,-174.345167602,2.83787706641,17.0794684453,-4.171956086324346e-17,-4.171956086324346e-17,0.0,0.0,-338.236689384,43,86,152.979396207,-638.169081101,0.47103704376,-122.233372079
0.0,1.0,-161.929785267,2.83787706641,17.0794684453,4.960224939121183e-18,4.960224939121183e-18,0.0,0.0,-332.546634446,40,87,153.119759546,-638.474752065,0.526603876122,-67.6121956607
0.0,1.0,-178.218647592,2.83787706641,17.0794684453,1.59235174846636e-17,1.59235174846636e-17,0.0,0.0,-341.494734844,43,88,155.491439311,-617.993187476,0.511179235333,-94.4309695681
0.0,1.0,-167.115921737,2.83787706641,17.0794684453,8.106363664999916e-18,8.106363664999916e-18,0.0,0.0,-312.843283203,43,89,153.74547413,-609.433011341,0.458479431087,-16.2054826457
0.0,1.0,-176.624576998,2.83787706641,17.0794684453,1.768972705512381e-18,1.768972705512381e-18,0.0,0.0,-337.627079878,41,90,167.786261548,-640.28532893,0.345867925922,-51.1480369003
0.0,1.0,-183.197809663,2.83787706641,17.0794684453,-4.225650398241494e-17,-4.225650398241494e-17,0.0,0.0,-328.613312497,48,91,160.544799072,-668.334094929,0.555726619435,-89.1244074962
0.0,1.0,-183.320167794,2.83787706641,17.0794684453,-2.4680794376425413e-17,-2.4680794376425413e-17,0.0,0.0,-353.4090743,42,92,139.27438684,-658.780775028,0.318944211132,-97.7750193767
0.0,1.0,-168.851614718,2.83787706641,17.0794684453,-9.440203225772495e-18,-9.440203225772495e-18,0.0,0.0,-324.685757995,43,93,138.804599121,-564.561731226,0.482474469207,-56.9234104195
0.0,1.0,-192.369743704,2.83787706641,17.0794684453,-6.330361902454274e-17,-6.330361902454274e-17,0.0,0.0,-365.344619094,45,94,157.262655531,-663.854104134,0.357406739997,-83.7259360639
0.0,1.0,-163.957109316,2.83787706641,17.0794684453,-3.537197048263982e-17,-3.537197048263982e-17,0.0,0.0,-323.551458302,41,95,162.31659754,-622.858614784,0.483597895232,-73.4510916738
0.0,1.0,-159.370437137,2.83787706641,17.0794684453,-2.5808384778354406e-17,-2.5808384778354406e-17,0.0,0.0,-318.303567035,42,96,155.801151104,-614.008903415,0.367252735259,-76.9284591706
0.0,1.0,-175.264770413,2.83787706641,17.0794684453,-2.890618746433096e-17,-2.890618746433096e-17,0.0,0.0,-346.82678277,41,97,149.508277119,-619.585568063,0.360361048992,-99.4276960225
0.0,1.0,-159.538029224,2.83787706641,17.0794684453,-3.899301225044926e-17,-3.899301225044926e-17,0.0,0.0,-308.770569973,42,98,158.747168682,-645.262133172,0.571660011762,-83.7375371781
0.0,1.0,-174.6286688,2.83787706641,17.0794684453,-3.498222598388988e-17,-3.498222598388988e-17,0.0,0.0,-335.274962126,41,99,155.431299413,-617.618337541,0.409564207838,-6.00219777602
0.0,1.0,-164.578533083,2.83787706641,17.0794684453,1.1677525135341277e-17,1.1677525135341277e-17,0.0,0.0,-320.068935011,43,100,164.862129304,-662.364206412,0.379005192127,-86.5535451454
0.0,1.0,-175.298577192,2.83787706641,17.0794684453,5.750104416785421e-18,5.750104416785421e-18,0.0,0.0,-336.569576869,44,101,171.465665823,-651.490413146,0.61854651284,-2.52201963168
0.0,1.0,-174.321502404,2.83787706641,17.0794684453,3.0202988440849393e-17,3.0202988440849393e-17,0.0,0.0,-338.641567911,41,102,142.052113283,-672.826272666,-0.103059342116,-110.864764099
0.0,1.0,-174.820525115,2.83787706641,17.0794684453,-1.5315312335333472e-17,-1.5315312335333472e-17,0.0,0.0,-358.090982174,40,103,176.664315407,-676.361855812,0.58011648761,-108.956238367
0.0,1.0,-173.4912101,2.83787706641,17.0794684453,-2.6893095042302543e-18,-2.6893095042302543e-18,0.0,0.0,-339.498214672,41,104,170.855344025,-697.417027483,0.392187365461,-69.4115189683
0.0,1.0,-166.77803263,2.83787706641,17.0794684453,1.1383219751963438e-17,1.1383219751963438e-17,0.0,0.0,-305.993672819,43,105,163.411002148,-611.293036098,-0.121352106771,27.3913992373
0.0,1.0,-189.639043307,2.83787706641,17.0794684453,3.166885864548835e-17,3.166885864548835e-17,0.0,0.0,-359.708047096,44,106,162.65101792,-741.102741913,0.190159193135,-48.6858600175
0.0,1.0,-167.374768001,2.83787706641,17.0794684453,-2.773825003784138e-17,-2.773825003784138e-17,0.0,0.0,-325.790858466,42,107,155.698235285,-604.63823921,0.443258119137,-84.2323048713
0.0,1.0,-158.935238947,2.83787706641,17.0794684453,-3.3394282298882915e-18,-3.3394282298882915e-18,0.0,0.0,-299.031823591,43,108,143.55233722,-587.377272467,0.332809249142,-60.939949419
0.0,1.0,-184.958441326,2.83787706641,17.0794684453,1.9328664862091766e-17,1.9328664862091766e-17,0.0,0.0,-366.96597309,41,109,161.5177822,-647.392870618,0.460082452827,-99.8394374291
0.0,1.0,-186.120423064,2.83787706641,17.0794684453,8.626271841198659e-18,8.626271841198659e-18,0.0,0.0,-347.894228399,46,110,174.496538994,-714.414279132,0.59136870683,-75.5686213318
0.0,1.0,-171.82814194,2.83787706641,17.0794684453,4.898649399587714e-18,4.898649399587714e-18,0.0,0.0,-331.178093544,42,111,142.902773532,-598.864129871,0.0678586653275,-83.4378598735
0.0,1.0,-183.583240147,2.83787706641,17.0794684453,6.539707229307604e-17,6.539707229307604e-17,0.0,0.0,-345.379937855,44,112,132.639060974,-610.205872877,0.458941624681,-140.15692928
0.0,1.0,-171.945411242,2.83787706641,17.0794684453,9.809634730639656e-18,9.809634730639656e-18,0.0,0.0,-326.369732064,44,113,167.070616374,-655.454585841,0.381577870812,-82.1157899299
0.0,1.0,-179.269699943,2.83787706641,17.0794684453,2.9874843704506985e-17,2.9874843704506985e-17,0.0,0.0,-343.186035939,42,114,174.309129859,-675.421554787,0.388961135941,-97.9186480287
0.0,1.0,-160.062344159,2.83787706641,17.0794684453,-1.1803858180029546e-17,-1.1803858180029546e-17,0.0,0.0,-309.581511059,43,115,159.529190682,-612.5930837,0.410307644792,-90.79489602
0.0,1.0,-168.98500643,2.83787706641,17.0794684453,2.705195162143502e-18,2.705195162143502e-18,0.0,0.0,-314.065366599,45,116,168.665531397,-641.828281332,0.502182512416,-50.4025599757
0.0,1.0,-186.682489371,2.83787706641,17.0794684453,-2.5626616031480835e-17,-2.5626616031480835e-17,0.0,0.0,-364.096915598,43,117,143.745922734,-637.855074581,0.363103427483,-129.746577231
0.0,1.0,-188.377917388,2.83787706641,17.0794684453,1.9934306293797775e-17,1.9934306293797775e-17,0.0,0.0,-373.526962213,40,118,162.518348843,-674.428202427,0.545485487439,-104.982281833
0.0,1.0,-160.551984955,2.83787706641,17.0794684453,5.15386989591325e-18,5.15386989591325e-18,0.0,0.0,-307.312487044,42,119,153.861671295,-623.292054841,0.309669539627,-77.0493441943
0.0,1.0,-183.42679174,2.83787706641,17.0794684453,7.975344987398945e-18,7.975344987398945e-18,0.0,0.0,-337.444598678,45,120,157.382878608,-598.742624943,0.28656182535,-42.0119241499
0.0,1.0,-166.873368365,2.83787706641,17.0794684453,-6.092855436855217e-18,-6.092855436855217e-18,0.0,0.0,-328.276846486,42,121,139.409892852,-600.410115871,0.214030668712,-98.8649846295
0.0,1.0,-176.032278958,2.83787706641,17.0794684453,-6.661338147750939e-18,-6.661338147750939e-18,0.0,0.0,-346.896321105,41,122,185.208274426,-668.626335276,0.473356508463,-52.0772203459
0.0,1.0,-180.776603052,2.83787706641,17.0794684453,-1.901720094405823e-17,-1.901720094405823e-17,0.0,0.0,-358.393390009,37,123,150.149436362,-614.562606791,-2.62760119725,2.71202781881
0.0,1.0,-165.276631251,2.83787706641,17.0794684453,-8.364095932709747e-17,-8.364095932709747e-17,0.0,0.0,-318.285990317,42,124,163.772095822,-634.420672659,0.39901310951,-18.5066215871
0.0,1.0,-170.866016526,2.83787706641,17.0794684453,1.438030690998234e-17,1.438030690998234e-17,0.0,0.0,-327.517414505,42,125,146.819703867,-638.845245249,0.401344519464,-15.4249415635
0.0,1.0,-163.465183693,2.83787706641,17.0794684453,3.148106397215959e-17,3.148106397215959e-17,0.0,0.0,-323.575267019,42,126,137.757103377,-536.311904947,0.304614830943,-56.0335964272
0.0,1.0,-161.791363532,2.83787706641,17.0794684453,-1.6514567491299203e-18,-1.6514567491299203e-18,0.0,0.0,-318.713504309,42,127,171.446584113,-700.619187385,0.449400841268,-120.043842771
0.0,1.0,-170.351682936,2.83787706641,17.0794684453,-2.960458775558754e-18,-2.960458775558754e-18,0.0,0.0,-321.89007655,42,128,176.675202709,-748.472147288,0.512322614522,-79.9628121951
0.0,1.0,-175.861721677,2.83787706641,17.0794684453,-3.618905386365609e-17,-3.618905386365609e-17,0.0,0.0,-333.656800614,42,129,152.242545445,-678.484798768,0.501491406387,-76.7258849433
0.0,1.0,-151.466697713,2.83787706641,17.0794684453,-5.543253577492621e-18,-5.543253577492621e-18,0.0,0.0,-288.326109662,45,130,153.039026109,-614.145934923,0.431905536133,-79.1098169018
0.0,1.0,-166.190577791,2.83787706641,17.0794684453,1.434128956171003e-17,1.434128956171003e-17,0.0,0.0,-324.102628046,43,131,144.219264802,-619.740610173,0.496134889508,-108.060942873
0.0,1.0,-157.034846186,2.83787706641,17.0794684453,1.4282700818665902e-17,1.4282700818665902e-17,0.0,0.0,-296.993685433,43,132,183.24741908,-686.333823696,0.509637575572,-49.1046057703
0.0,1.0,-156.773141309,2.83787706641,17.0794684453,8.232004631427261e-18,8.232004631427261e-18,0.0,0.0,-301.116524397,39,133,168.945729938,-604.66748122,0.344682587434,70.4020781582
0.0,1.0,-154.290856359,2.83787706641,17.0794684453,1.2020562871558794e-17,1.2020562871558794e-17,0.0,0.0,-299.05101603,43,134,145.138658396,-543.652031075,0.372829264401,-69.8332604448
0.0,1.0,-174.981807334,2.83787706641,17.0794684453,2.003847201828373e-17,2.003847201828373e-17,0.0,0.0,-344.973537645,39,135,165.43693336,-722.75308317,-0.0215477090791,94.8330912842
0.0,1.0,-163.001981379,2.83787706641,17.0794684453,9.798477133837746e-18,9.798477133837746e-18,0.0,0.0,-313.127053986,42,136,157.69539475,-601.615310513,0.386149002252,-15.1404525991
0.0,1.0,-179.524234698,2.83787706641,17.0794684453,1.0156956190154518e-17,1.0156956190154518e-17,0.0,0.0,-329.904187844,45,137,152.281172176,-699.323505116,0.48825374938,-84.3638362299
0.0,1.0,-152.859905243,2.83787706641,17.0794684453,2.0108350619449688e-17,2.0108350619449688e-17,0.0,0.0,-292.841960759,44,138,149.05984588,-731.520577511,-0.0562952730028,-84.6014668902
0.0,1.0,-172.319909165,2.83787706641,17.0794684453,-1.791056181337685e-17,-1.791056181337685e-17,0.0,0.0,-331.03966065,43,139,166.63633687,-765.776056384,0.379617356229,-112.676245239
0.0,1.0,-155.043693533,2.83787706641,17.0794684453,2.6320532898088377e-18,2.6320532898088377e-18,0.0,0.0,-298.853375844,44,140,136.255619308,-581.667499199,0.318851995641,-87.8941293376
0.0,1.0,-155.034169657,2.83787706641,17.0794684453,8.684301806318975e-18,8.684301806318975e-18,0.0,0.0,-300.536529574,43,141,154.840929642,-659.537583224,0.371524726354,-79.9711864849
0.0,1.0,-162.318301817,2.83787706641,17.0794684453,3.09393645101612e-17,3.09393645101612e-17,0.0,0.0,-313.925497053,43,142,166.163924766,-638.507543359,0.307784626784,-50.7398514149
0.0,1.0,-193.852610863,2.83787706641,17.0794684453,2.7394405591659276e-17,2.7394405591659276e-17,0.0,0.0,-373.372309013,44,143,140.682627035,-705.31636949,0.507011509914,-91.9130561138
0.0,1.0,-137.568332762,2.83787706641,17.0794684453,-4.452013551010475e-18,-4.452013551010475e-18,0.0,0.0,-271.63640467,41,144,175.59155463,-671.888845137,-0.234114253689,18.3220190168
0.0,1.0,-154.578864742,2.83787706641,17.0794684453,8.586306230221565e-18,8.586306230221565e-18,0.0,0.0,-310.144299194,37,145,197.342151754,-676.961606416,0.155880405637,46.4853767836
0.0,1.0,-172.541377057,2.83787706641,17.0794684453,1.3801688273474497e-17,1.3801688273474497e-17,0.0,0.0,-331.378543804,44,146,167.276304062,-738.059055261,0.257554828624,-121.249584651
0.0,1.0,-148.947487788,2.83787706641,17.0794684453,-3.9895184323012424e-17,-3.9895184323012424e-17,0.0,0.0,-288.146474615,44,147,127.365743055,-571.371909075,-0.072089579854,-76.6577969866
0.0,1.0,-152.415891141,2.83787706641,17.0794684453,-1.1701946505266379e-17,-1.1701946505266379e-17,0.0,0.0,-301.157007805,40,148,176.272173703,-649.73000837,0.360537537279,99.8481487225
0.0,1.0,-143.251818305,2.83787706641,17.0794684453,-5.185274409962805e-17,-5.185274409962805e-17,0.0,0.0,-284.416348415,40,149,161.354515974,-671.545275964,0.249860051334,-11.3822752633
0.0,1.0,-174.577965286,2.83787706641,17.0794684453,1.5612511283791264e-17,1.5612511283791264e-17,0.0,0.0,-327.328443901,44,150,146.997843673,-599.915889357,0.200111591461,-24.154636522
0.0,1.0,-165.621799912,2.83787706641,17.0794684453,-4.6661947565692975e-18,-4.6661947565692975e-18,0.0,0.0,-331.377908211,41,151,175.53463123,-619.240514909,0.396271766591,-33.514769873
0.0,1.0,-165.875500812,2.83787706641,17.0794684453,1.7301550116674023e-17,1.7301550116674023e-17,0.0,0.0,-313.643988092,43,152,146.669280373,-616.072433378,0.422551893802,-78.9677614621
0.0,1.0,-196.066865346,2.83787706641,17.0794684453,1.5073380981087043e-18,1.5073380981087043e-18,0.0,0.0,-380.989311621,40,153,134.006496509,-632.289651591,0.100707806514,-120.859967645
0.0,1.0,-180.861891368,2.83787706641,17.0794684453,-1.7115824441289256e-17,-1.7115824441289256e-17,0.0,0.0,-343.007979195,45,154,175.365351664,-658.423954811,0.547350352155,-78.6112416174
0.0,1.0,-165.804127038,2.83787706641,17.0794684453,-7.491183748478074e-18,-7.491183748478074e-18,0.0,0.0,-326.378558575,42,155,174.778831285,-644.357298724,0.389740397808,-77.7699555634
0.0,1.0,-159.669471376,2.83787706641,17.0794684453,-1.6609419631508896e-17,-1.6609419631508896e-17,0.0,0.0,-319.377448009,41,156,175.688910898,-672.170115487,0.208554568437,-94.2051339024
0.0,1.0,-188.244138076,2.83787706641,17.0794684453,-3.974078225014586e-17,-3.974078225014586e-17,0.0,0.0,-361.753652091,42,157,161.829497358,-709.486683724,0.359971101946,-48.0323821862
0.0,1.0,-127.971287438,2.83787706641,17.0794684453,-2.704282959508297e-17,-2.704282959508297e-17,0.0,0.0,-255.349673375,41,158,140.719757176,-573.935230413,0.346848193498,-34.1672976504
0.0,1.0,-154.042367648,2.83787706641,17.0794684453,-3.224203249122928e-17,-3.224203249122928e-17,0.0,0.0,-295.881001586,44,159,158.704538072,-626.741945463,0.413522128054,-2.5714189131
0.0,1.0,-152.34264651,2.83787706641,17.0794684453,3.5707548029506597e-17,3.5707548029506597e-17,0.0,0.0,-308.38187832,41,160,152.275616414,-591.451001855,-0.172741611847,-61.8085518908
0.0,1.0,-142.802963044,2.83787706641,17.0794684453,-8.598357856725573e-17,-8.598357856725573e-17,0.0,0.0,-283.037862379,42,161,143.033782945,-530.861591541,0.41691154981,0.136141171311
0.0,1.0,-166.990368351,2.83787706641,17.0794684453,1.42598781888181e-17,1.42598781888181e-17,0.0,0.0,-317.176845865,43,162,156.003317833,-626.583823992,0.366747637593,-109.798138361
0.0,1.0,-176.916313364,2.83787706641,17.0794684453,1.739614855552898e-17,1.739614855552898e-17,0.0,0.0,-331.128367921,44,163,177.128047128,-684.604878335,0.635663065218,-99.5053597798
0.0,1.0,-164.704336498,2.83787706641,17.0794684453,-2.2964919790146217e-17,-2.2964919790146217e-17,0.0,0.0,-335.015226568,40,164,125.063166507,-574.644336933,0.116775486785,-94.1574912014
0.0,1.0,-157.356431908,2.83787706641,17.0794684453,-1.3715685048043436e-16,-1.3715685048043436e-16,0.0,0.0,-303.070809546,44,165,167.934451538,-650.999877485,0.571682167029,-62.9061255982
0.0,1.0,-172.078667232,2.83787706641,17.0794684453,-4.417562319243979e-17,-4.417562319243979e-17,0.0,0.0,-324.221541319,41,166,161.732148908,-628.523279939,-0.115020213243,58.8959567117
0.0,1.0,-197.269595993,2.83787706641,17.0794684453,2.4109248130188482e-17,2.4109248130188482e-17,0.0,0.0,-375.923626766,43,167,159.327571522,-715.793208238,0.362380932611,-5.69913421256
0.0,1.0,-166.154576049,2.83787706641,17.0794684453,-1.8177559204078718e-17,-1.8177559204078718e-17,0.0,0.0,-318.093169456,44,168,130.74434577,-565.194005986,0.30757692331,-25.1847150895
0.0,1.0,-174.090103457,2.83787706641,17.0794684453,3.433427737278977e-17,3.433427737278977e-17,0.0,0.0,-326.755570468,43,169,158.381468322,-722.213470551,0.493579418495,-9.73303017692
0.0,1.0,-139.301325989,2.83787706641,17.0794684453,2.8568100461449294e-17,2.8568100461449294e-17,0.0,0.0,-277.323467608,42,170,138.820830629,-602.423700388,0.386510498404,-93.06365696
0.0,1.0,-164.318840281,2.83787706641,17.0794684453,1.435728383199696e-17,1.435728383199696e-17,0.0,0.0,-319.754959077,42,171,146.445064224,-613.280724516,0.431551384842,-109.32629327
0.0,1.0,-156.956303835,2.83787706641,17.0794684453,-1.3097985087404547e-17,-1.3097985087404547e-17,0.0,0.0,-308.611713073,42,172,158.796895433,-679.266054491,0.464996394031,-46.3151819957
0.0,1.0,-175.162273228,2.83787706641,17.0794684453,-1.4730231776353428e-18,-1.4730231776353428e-18,0.0,0.0,-321.550689948,46,173,151.663216477,-618.908598846,0.546689923428,-54.8994693557
0.0,1.0,-173.795333918,2.83787706641,17.0794684453,3.752789399793892e-18,3.752789399793892e-18,0.0,0.0,-328.423175605,44,174,144.491278947,-613.824654028,-0.00763870777879,-105.118429504
0.0,1.0,-165.307958461,2.83787706641,17.0794684453,-1.533464774032529e-17,-1.533464774032529e-17,0.0,0.0,-308.333745028,46,175,164.334052876,-654.153164989,0.549288893412,-95.5573754345
0.0,1.0,-170.262599111,2.83787706641,17.0794684453,-2.2277343715315092e-17,-2.2277343715315092e-17,0.0,0.0,-322.634586426,44,176,167.195617312,-617.388362541,0.474442567234,-14.6867487701
0.0,1.0,-175.014057816,2.83787706641,17.0794684453,2.3806329958886906e-17,2.3806329958886906e-17,0.0,0.0,-346.243018433,41,177,170.725321822,-646.268046271,0.511221953474,-78.0096119753
0.0,1.0,-162.812166284,2.83787706641,17.0794684453,-3.7080679941711065e-17,-3.7080679941711065e-17,0.0,0.0,-299.59683167,46,178,131.78068726,-577.903370127,0.411207834379,-125.846302379
0.0,1.0,-175.988121021,2.83787706641,17.0794684453,-1.0101730532748188e-17,-1.0101730532748188e-17,0.0,0.0,-335.767016307,42,179,140.676449902,-568.045359953,0.287373085894,-85.4522321587
0.0,1.0,-156.317172301,2.83787706641,17.0794684453,2.644602523892926e-17,2.644602523892926e-17,0.0,0.0,-310.317310472,41,180,148.082983602,-561.790434465,0.166220863419,-78.5885776548
0.0,1.0,-150.701100555,2.83787706641,17.0794684453,1.7686518215637353e-17,1.7686518215637353e-17,0.0,0.0,-293.736085419,42,181,170.030220801,-644.901856769,0.530054284172,-48.2053271052
0.0,1.0,-151.260084436,2.83787706641,17.0794684453,8.815793830167145e-18,8.815793830167145e-18,0.0,0.0,-285.064504622,44,182,154.466137037,-617.694358227,0.337596205272,-41.4875815952
0.0,1.0,-182.64795322,2.83787706641,17.0794684453,-6.501568657862655e-18,-6.501568657862655e-18,0.0,0.0,-338.353512132,45,183,162.90244859,-621.946089685,0.428629932921,-84.1877315304
0.0,1.0,-180.226071875,2.83787706641,17.0794684453,5.6173641350377765e-18,5.6173641350377765e-18,0.0,0.0,-347.133723134,43,184,155.551142648,-700.453242647,0.277444747668,-89.9508393178
0.0,1.0,-165.332267853,2.83787706641,17.0794684453,-1.1555116829365136e-17,-1.1555116829365136e-17,0.0,0.0,-321.377456803,42,185,151.806626936,-617.09245844,0.53120563654,-100.245055317
0.0,1.0,-167.91785023,2.83787706641,17.0794684453,-2.7007381838164134e-17,-2.7007381838164134e-17,0.0,0.0,-309.650816706,45,186,134.568119892,-620.314570285,0.622757935325,-88.0086927757
0.0,1.0,-171.659060881,2.83787706641,17.0794684453,-2.84741001323057e-17,-2.84741001323057e-17,0.0,0.0,-330.615998924,42,187,143.522136557,-599.019184342,0.215217352631,-50.8998951884
0.0,1.0,-185.335810142,2.83787706641,17.0794684453,2.562897441917687e-17,2.562897441917687e-17,0.0,0.0,-360.819892291,41,188,152.640112602,-631.760319549,0.386048382804,-83.161983096
0.0,1.0,-165.195773791,2.83787706641,17.0794684453,2.149211929836696e-17,2.149211929836696e-17,0.0,0.0,-311.955917401,44,189,146.744871526,-659.751404639,0.406721818583,-92.9543586078
0.0,1.0,-189.193131978,2.83787706641,17.0794684453,-1.2646441976328794e-17,-1.2646441976328794e-17,0.0,0.0,-352.083542587,45,190,137.567008453,-614.036230191,0.580245843079,-120.413223124
0.0,1.0,-172.101866802,2.83787706641,17.0794684453,1.3989623460478163e-17,1.3989623460478163e-17,0.0,0.0,-326.991817076,43,191,139.523858696,-635.960559489,0.366173752615,-44.5544579315
0.0,1.0,-179.426417942,2.83787706641,17.0794684453,-3.399752035231371e-19,-3.399752035231371e-19,0.0,0.0,-330.946654996,46,192,138.982132532,-629.034693985,0.38186140599,-67.5303364071
0.0,1.0,-184.05189444,2.83787706641,17.0794684453,7.23358273143119e-18,7.23358273143119e-18,0.0,0.0,-361.974140554,42,193,168.845780764,-668.545757946,0.394963994496,-88.8889992655
0.0,1.0,-167.321695152,2.83787706641,17.0794684453,-5.088407437347995e-18,-5.088407437347995e-18,0.0,0.0,-320.129999968,43,194,163.64342889,-626.189874475,0.451888931462,-67.0846061094
0.0,1.0,-139.792377865,2.83787706641,17.0794684453,-1.165904741323865e-17,-1.165904741323865e-17,0.0,0.0,-280.288624578,39,195,143.392714306,-552.708987019,-19.6200769783,4.14020318183
0.0,1.0,-161.338499214,2.83787706641,17.0794684453,6.620605407725053e-17,6.620605407725053e-17,0.0,0.0,-299.431354038,44,196,155.657115021,-643.354591228,0.304162879495,-24.633314717
0.0,1.0,-168.59593448,2.83787706641,17.0794684453,1.9146143860164347e-17,1.9146143860164347e-17,0.0,0.0,-327.687927425,44,197,146.849221275,-650.444864085,0.381641972746,-102.709094733
0.0,1.0,-146.176283377,2.83787706641,17.0794684453,-2.780406301999862e-17,-2.780406301999862e-17,0.0,0.0,-274.99079892,42,198,149.950446034,-543.560549338,0.291531072891,28.3462961989
0.0,1.0,-163.855143357,2.83787706641,17.0794684453,-4.402570011008532e-18,-4.402570011008532e-18,0.0,0.0,-314.473127968,42,199,136.026974054,-608.495513546,0.388867148,-84.0924503785
0.0,1.0,-159.563793127,2.83787706641,17.0794684453,1.3031877184505256e-17,1.3031877184505256e-17,0.0,0.0,-305.382608937,41,200,159.508855795,-627.531175495,0.605933770982,-51.2006360608
0.0,1.0,-181.470661104,2.83787706641,17.0794684453,-1.231884736191443e-16,-1.231884736191443e-16,0.0,0.0,-355.894031028,42,201,176.171274993,-669.170642622,0.240630990286,-17.7767876928
0.0,1.0,-179.191430278,2.83787706641,17.0794684453,-8.248344066386899e-18,-8.248344066386899e-18,0.0,0.0,-346.329825423,43,202,134.978361804,-605.340512121,0.283168871436,-110.862930285
0.0,1.0,-143.627607983,2.83787706641,17.0794684453,-6.244833562693546e-18,-6.244833562693546e-18,0.0,0.0,-287.77076827,39,203,148.714647115,-604.624772438,-0.0395584840812,-96.9518570906
0.0,1.0,-163.972851208,2.83787706641,17.0794684453,-3.792691602618984e-17,-3.792691602618984e-17,0.0,0.0,-303.410077348,45,204,153.012365503,-643.75568433,0.467999496907,-108.242535958
0.0,1.0,-176.752585684,2.83787706641,17.0794684453,-2.2098774467999176e-17,-2.2098774467999176e-17,0.0,0.0,-343.587823154,41,205,144.351355346,-663.789594369,0.329141702901,-61.5652795139
0.0,1.0,-194.408368535,2.83787706641,17.0794684453,7.340999197001407e-18,7.340999197001407e-18,0.0,0.0,-363.56365155,44,206,140.847119662,-703.030709409,0.345783807695,-108.863450245
0.0,1.0,-172.42520447,2.83787706641,17.0794684453,3.664199028157487e-17,3.664199028157487e-17,0.0,0.0,-328.897213081,45,207,157.105176715,-668.016176521,0.302023606298,-94.992347096
0.0,1.0,-159.999489286,2.83787706641,17.0794684453,-4.183477246528604e-17,-4.183477246528604e-17,0.0,0.0,-313.668603868,42,208,145.816520243,-574.538101843,0.410375627126,-81.9378395068
0.0,1.0,-166.973200528,2.83787706641,17.0794684453,1.0320292421745866e-18,1.0320292421745866e-18,0.0,0.0,-323.11840066,43,209,169.964176022,-639.047981564,0.488007383209,-99.9422219726
0.0,1.0,-149.778802545,2.83787706641,17.0794684453,-4.1588485005159394e-17,-4.1588485005159394e-17,0.0,0.0,-291.49653433,42,210,158.881067887,-641.561265278,0.523488762059,-81.2777229397
0.0,1.0,-180.63236161,2.83787706641,17.0794684453,3.192363688572883e-17,3.192363688572883e-17,0.0,0.0,-339.212287821,46,211,155.104927324,-613.602113857,0.303911166395,-97.3756639442
0.0,1.0,-192.628998972,2.83787706641,17.0794684453,-1.9437733632922697e-17,-1.9437733632922697e-17,0.0,0.0,-360.624159611,46,212,166.775501974,-637.389455977,0.473968735242,-63.0004015877
0.0,1.0,-171.710246806,2.83787706641,17.0794684453,2.581754751318061e-17,2.581754751318061e-17,0.0,0.0,-332.734448619,43,213,157.711151223,-587.834330034,-0.0323206854638,-20.6156767758
0.0,1.0,-149.228108355,2.83787706641,17.0794684453,-2.876653462136719e-17,-2.876653462136719e-17,0.0,0.0,-294.997360505,41,214,154.753237823,-650.224895111,0.446713874891,-18.8656170488
0.0,1.0,-169.953159747,2.83787706641,17.0794684453,1.8549620617341675e-17,1.8549620617341675e-17,0.0,0.0,-345.872067274,40,215,157.452274279,-685.312160108,0.29232457014,-52.5836917941
0.0,1.0,-155.219728727,2.83787706641,17.0794684453,1.6857470777409366e-17,1.6857470777409366e-17,0.0,0.0,-286.033066408,45,216,160.302877484,-626.385105007,0.423753732786,-64.6974685251
0.0,1.0,-154.355581611,2.83787706641,17.0794684453,-1.1580542350307307e-17,-1.1580542350307307e-17,0.0,0.0,-293.166278414,44,217,143.281175631,-550.620540769,0.408778004511,-51.9306585143
0.0,1.0,-176.309345003,2.83787706641,17.0794684453,-6.677625038087738e-18,-6.677625038087738e-18,0.0,0.0,-324.299964073,44,218,165.454570717,-652.658199234,0.367365711937,72.3609353744
0.0,1.0,-133.803201936,2.83787706641,17.0794684453,-8.273798381808827e-17,-8.273798381808827e-17,0.0,0.0,-266.088411401,42,219,155.179444057,-662.257417315,0.245788788264,18.1744677188
0.0,1.0,-178.733285521,2.83787706641,17.0794684453,2.8891823767217466e-17,2.8891823767217466e-17,0.0,0.0,-356.483203101,41,220,170.070208439,-651.469712157,0.367982174441,-32.305292358
0.0,1.0,-162.581216683,2.83787706641,17.0794684453,1.8376838364733795e-17,1.8376838364733795e-17,0.0,0.0,-310.584514972,43,221,154.872598818,-631.382410024,0.478345124439,-57.2831261401
0.0,1.0,-161.029932093,2.83787706641,17.0794684453,4.559550274314101e-18,4.559550274314101e-18,0.0,0.0,-304.934193177,44,222,153.358546664,-616.674117252,0.302240281652,-49.9105650193
0.0,1.0,-141.474946963,2.83787706641,17.0794684453,5.313385851301051e-17,5.313385851301051e-17,0.0,0.0,-283.14113828,42,223,125.618777301,-569.407657765,0.17725184,-55.6925046832
0.0,1.0,-170.169119496,2.83787706641,17.0794684453,2.442381862110217e-17,2.442381862110217e-17,0.0,0.0,-344.408705016,41,224,137.68646068,-680.30757483,0.325519925228,-107.932016922
0.0,1.0,-170.686854525,2.83787706641,17.0794684453,9.983528060807641e-18,9.983528060807641e-18,0.0,0.0,-339.991626923,41,225,170.493476753,-700.791424605,0.451212231048,-79.5142992041
0.0,1.0,-175.512050594,2.83787706641,17.0794684453,6.516349374175534e-17,6.516349374175534e-17,0.0,0.0,-347.131414705,42,226,162.439729147,-693.032210741,0.592263378446,-89.0510999359
0.0,1.0,-169.383948912,2.83787706641,17.0794684453,1.657833030014592e-17,1.657833030014592e-17,0.0,0.0,-327.133977366,42,227,156.28911423,-591.201788492,0.377475050364,-52.0241133836
0.0,1.0,-163.256961102,2.83787706641,17.0794684453,-4.401192384919702e-18,-4.401192384919702e-18,0.0,0.0,-306.036872706,45,228,145.635922551,-601.051182712,0.305576747996,-77.6877517125
0.0,1.0,-162.034242339,2.83787706641,17.0794684453,6.286344058685032e-19,6.286344058685032e-19,0.0,0.0,-313.545975263,43,229,148.86510081,-621.037521865,0.45015940325,-95.9706942815
0.0,1.0,-193.331556256,2.83787706641,17.0794684453,2.1174268882229787e-18,2.1174268882229787e-18,0.0,0.0,-368.907261003,43,230,167.735058968,-726.406644183,0.495550870719,-54.0634933029
0.0,1.0,-161.092742895,2.83787706641,17.0794684453,2.8047009159593016e-17,2.8047009159593016e-17,0.0,0.0,-313.383845895,43,231,145.98924524,-648.883257641,0.295524322506,-51.5958674096
0.0,1.0,-164.441519972,2.83787706641,17.0794684453,-3.51046674204626e-17,-3.51046674204626e-17,0.0,0.0,-323.095077116,42,232,154.796171074,-577.307368901,0.472367599793,-11.7718181076
0.0,1.0,-179.801987198,2.83787706641,17.0794684453,1.529012904489292e-17,1.529012904489292e-17,0.0,0.0,-342.889395103,43,233,138.633879151,-580.084578127,0.411463415658,-84.4114886809
0.0,1.0,-184.869162905,2.83787706641,17.0794684453,-5.702048727750918e-17,-5.702048727750918e-17,0.0,0.0,-351.064314395,44,234,143.850602579,-561.346401812,0.485594926445,-75.6333569402
0.0,1.0,-158.14122243,2.83787706641,17.0794684453,4.529009380711447e-17,4.529009380711447e-17,0.0,0.0,-295.809901336,45,235,136.58075959,-570.140586247,0.287461170265,-65.8953172947
0.0,1.0,-172.13637936,2.83787706641,17.0794684453,-2.7291618107796374e-17,-2.7291618107796374e-17,0.0,0.0,-329.423686317,44,236,144.937625452,-650.84415674,0.297679325415,-25.0412420237
0.0,1.0,-158.717963533,2.83787706641,17.0794684453,-9.607434554777576e-18,-9.607434554777576e-18,0.0,0.0,-301.65378852,43,237,155.051194252,-628.32909125,0.295043371144,-99.7368498621
0.0,1.0,-157.071593425,2.83787706641,17.0794684453,1.111040968896737e-17,1.111040968896737e-17,0.0,0.0,-293.15299393,45,238,158.695922402,-705.334677476,0.493477853834,-66.1272748542
0.0,1.0,-155.907890909,2.83787706641,17.0794684453,2.846725704167068e-18,2.846725704167068e-18,0.0,0.0,-296.413857699,42,239,150.608754307,-615.612626493,0.244902682345,-97.8612938356
0.0,1.0,-192.060109696,2.83787706641,17.0794684453,7.741881137904305e-18,7.741881137904305e-18,0.0,0.0,-364.093309233,43,240,144.110927034,-599.893311473,0.426447023137,-103.082056501
0.0,1.0,-187.036266866,2.83787706641,17.0794684453,2.1111201826488544e-17,2.1111201826488544e-17,0.0,0.0,-356.081863784,43,241,160.363933529,-691.238405128,0.404968773688,-70.4649417345
0.0,1.0,-189.632225054,2.83787706641,17.0794684453,3.721303101058395e-17,3.721303101058395e-17,0.0,0.0,-354.108941664,45,242,147.110843981,-594.881329375,0.494540894634,-88.922117103
0.0,1.0,-168.244313962,2.83787706641,17.0794684453,-5.026193408886059e-17,-5.026193408886059e-17,0.0,0.0,-341.061302504,40,243,164.771727341,-664.758754442,0.0348319836767,-74.2082100157
0.0,1.0,-161.156745517,2.83787706641,17.0794684453,1.6881473388135943e-17,1.6881473388135943e-17,0.0,0.0,-304.672881692,43,244,161.71109396,-636.39015585,0.464831878432,-47.3619958777
0.0,1.0,-174.897639117,2.83787706641,17.0794684453,-1.6382781896479898e-18,-1.6382781896479898e-18,0.0,0.0,-335.661772811,44,245,158.402514643,-648.736621004,0.64125228447,-90.8305647298
0.0,1.0,-161.668479251,2.83787706641,17.0794684453,2.2814578136967657e-17,2.2814578136967657e-17,0.0,0.0,-309.890451151,39,246,166.474029124,-610.425220957,-0.153038496622,43.2983033032
0.0,1.0,-161.66001556,2.83787706641,17.0794684453,-4.0610430661196604e-17,-4.0610430661196604e-17,0.0,0.0,-318.08270376,44,247,156.144206699,-634.849036579,0.343550976804,-113.281472369
0.0,1.0,-190.143565308,2.83787706641,17.0794684453,-3.256008995009021e-17,-3.256008995009021e-17,0.0,0.0,-362.499636813,44,248,136.801946241,-680.38441949,0.45273355108,-118.119435388
0.0,1.0,-169.627947805,2.83787706641,17.0794684453,-3.3719301313990725e-17,-3.3719301313990725e-17,0.0,0.0,-328.219058815,43,249,148.491751774,-622.852113142,0.423862990042,-91.2472885236
0.0,1.0,-171.513075279,2.83787706641,17.0794684453,-2.7157752585063202e-17,-2.7157752585063202e-17,0.0,0.0,-329.761848203,42,250,165.820795914,-709.115099961,0.627867124679,-71.5731569257
0.0,1.0,-172.918109076,2.83787706641,17.0794684453,-3.2612801348363975e-17,-3.2612801348363975e-17,0.0,0.0,-326.859066194,45,251,130.962959816,-561.596030412,0.273721820392,-64.8473934471
0.0,1.0,-158.006648622,2.83787706641,17.0794684453,-7.914433909737975e-18,-7.914433909737975e-18,0.0,0.0,-315.011106492,39,252,142.978484624,-643.308787962,0.412860595636,-100.702241682
0.0,1.0,-164.809793564,2.83787706641,17.0794684453,-1.4235746620317606e-17,-1.4235746620317606e-17,0.0,0.0,-315.500848682,44,253,162.079205738,-668.598578151,0.440453136144,-33.3245464628
0.0,1.0,-153.676268924,2.83787706641,17.0794684453,2.2636691068598773e-17,2.2636691068598773e-17,0.0,0.0,-297.819036547,44,254,137.578473095,-644.111741113,-0.0990563416081,-32.6297352143
0.0,1.0,-133.482238761,2.83787706641,17.0794684453,1.6651966895296612e-17,1.6651966895296612e-17,0.0,0.0,-254.270520093,41,255,166.895272063,-662.812124479,-0.304097192855,79.7190943918
0.0,1.0,-175.806271886,2.83787706641,17.0794684453,1.0165565659719176e-17,1.0165565659719176e-17,0.0,0.0,-342.753638792,40,256,152.50897599,-649.271174545,0.341601074355,-85.0941113744
0.0,1.0,-169.196572482,2.83787706641,17.0794684453,3.8188913729031784e-17,3.8188913729031784e-17,0.0,0.0,-323.413482906,44,257,160.671312033,-609.11714946,0.593109179614,-87.4777402615
0.0,1.0,-171.832737495,2.83787706641,17.0794684453,1.1808685730787296e-17,1.1808685730787296e-17,0.0,0.0,-338.877064606,39,258,144.615666577,-648.299543144,-6.80880206897,-56.4078935073
0.0,1.0,-180.143565461,2.83787706641,17.0794684453,-2.2093410770356134e-17,-2.2093410770356134e-17,0.0,0.0,-343.2362606,40,259,176.426353783,-677.807940106,0.471279552354,23.4375283654
0.0,1.0,-178.36026041,2.83787706641,17.0794684453,-4.648115431897905e-17,-4.648115431897905e-17,0.0,0.0,-340.381384946,42,260,181.789444422,-685.666725392,0.530735465413,72.4234897459
0.0,1.0,-181.833148192,2.83787706641,17.0794684453,-4.623689109819054e-17,-4.623689109819054e-17,0.0,0.0,-349.669037688,44,261,149.192593293,-676.599830453,0.188041629865,-100.371870606
0.0,1.0,-174.742613547,2.83787706641,17.0794684453,1.796829809349199e-17,1.796829809349199e-17,0.0,0.0,-344.569764068,42,262,140.525136068,-654.708211253,0.400842906775,-104.941474502
0.0,1.0,-151.684003873,2.83787706641,17.0794684453,3.526794614430351e-17,3.526794614430351e-17,0.0,0.0,-294.783014974,43,263,143.483911689,-597.705156771,0.378279431671,-79.2398417584
0.0,1.0,-138.223102079,2.83787706641,17.0794684453,-2.3007551025239508e-17,-2.3007551025239508e-17,0.0,0.0,-275.016992916,42,264,152.804518074,-617.621362405,0.240942983413,-31.6684201239
0.0,1.0,-185.665367522,2.83787706641,17.0794684453,-6.406544001952632e-17,-6.406544001952632e-17,0.0,0.0,-339.122798635,45,265,141.596410002,-558.707549352,0.432699751506,-33.5608180919
0.0,1.0,-153.154245187,2.83787706641,17.0794684453,1.408391071709178e-17,1.408391071709178e-17,0.0,0.0,-294.481404651,41,266,147.458509502,-549.841768244,0.399553818272,-92.6514436113
0.0,1.0,-150.555131613,2.83787706641,17.0794684453,-3.296017918300402e-17,-3.296017918300402e-17,0.0,0.0,-293.852927026,43,267,154.096390249,-627.974463136,0.573457561633,-86.0033597201
0.0,1.0,-156.174401247,2.83787706641,17.0794684453,1.3908665456830608e-17,1.3908665456830608e-17,0.0,0.0,-306.601203978,42,268,156.522983711,-572.504519368,0.489870480399,-8.16853617006
0.0,1.0,-160.391378356,2.83787706641,17.0794684453,4.7159976321896207e-17,4.7159976321896207e-17,0.0,0.0,-299.125333725,45,269,167.113977885,-659.877972261,0.492956680786,-98.0677685345
0.0,1.0,-168.267653756,2.83787706641,17.0794684453,1.5442540839813231e-18,1.5442540839813231e-18,0.0,0.0,-333.471551039,42,270,165.458934452,-618.22966097,0.181521557228,-100.170087973
0.0,1.0,-175.90268779,2.83787706641,17.0794684453,1.437452422650937e-17,1.437452422650937e-17,0.0,0.0,-347.697529061,39,271,149.53256198,-719.92090182,-9.49459071159,-80.165276382
0.0,1.0,-175.344353363,2.83787706641,17.0794684453,1.9903310608456883e-18,1.9903310608456883e-18,0.0,0.0,-336.20114004,44,272,142.078963992,-599.512818646,0.375004090604,-41.4821932175
0.0,1.0,-151.76089828,2.83787706641,17.0794684453,9.013934182298295e-18,9.013934182298295e-18,0.0,0.0,-292.562364225,44,273,134.459430987,-606.353204149,0.235291359826,-94.6368410842
0.0,1.0,-165.911109353,2.83787706641,17.0794684453,-2.87082063060403e-17,-2.87082063060403e-17,0.0,0.0,-322.79186025,43,274,157.448767692,-644.276361596,0.427771747444,-45.326398714
0.0,1.0,-174.250619837,2.83787706641,17.0794684453,-9.978774205764907e-18,-9.978774205764907e-18,0.0,0.0,-336.939388225,43,275,168.121999,-667.077619261,0.388511873321,-43.7096235479
0.0,1.0,-141.38207807,2.83787706641,17.0794684453,-1.0628911529694842e-17,-1.0628911529694842e-17,0.0,0.0,-282.769186269,41,276,164.09942151,-590.317257754,0.476850715626,-36.9210078687
0.0,1.0,-165.604083295,2.83787706641,17.0794684453,-1.5168106357700272e-18,-1.5168106357700272e-18,0.0,0.0,-315.195582193,43,277,172.788561916,-624.715004398,0.568172508224,-51.836452683
0.0,1.0,-193.49320041,2.83787706641,17.0794684453,4.97434443562574e-17,4.97434443562574e-17,0.0,0.0,-381.142302281,41,278,187.345493819,-755.381710464,0.444740156619,8.75282692281
0.0,1.0,-160.781660457,2.83787706641,17.0794684453,5.5165814720792574e-17,5.5165814720792574e-17,0.0,0.0,-304.691562679,44,279,142.660114171,-629.219035346,-0.0342770223823,-96.7930891734
0.0,1.0,-171.124635615,2.83787706641,17.0794684453,1.917321394589973e-17,1.917321394589973e-17,0.0,0.0,-329.081206206,42,280,178.686351901,-675.385670412,0.29466060349,-32.5965307286
0.0,1.0,-165.095894612,2.83787706641,17.0794684453,-1.0586680940056125e-17,-1.0586680940056125e-17,0.0,0.0,-327.588021651,42,281,137.835369275,-633.622824146,0.496489545262,-81.3269872046
0.0,1.0,-166.593194403,2.83787706641,17.0794684453,-2.5561077096044132e-17,-2.5561077096044132e-17,0.0,0.0,-317.860366751,42,282,176.385315752,-713.346233919,0.458597554558,-48.0461561247
0.0,1.0,-168.886434939,2.83787706641,17.0794684453,2.315919773726678e-17,2.315919773726678e-17,0.0,0.0,-321.502109704,44,283,169.039282226,-698.286109267,0.549350574299,-40.4036356628
0.0,1.0,-162.920951885,2.83787706641,17.0794684453,6.620471042550013e-18,6.620471042550013e-18,0.0,0.0,-327.203755535,42,284,156.983720064,-653.764672756,0.477132913134,-101.365422116
0.0,1.0,-177.702472498,2.83787706641,17.0794684453,-7.952362607961357e-17,-7.952362607961357e-17,0.0,0.0,-331.750728411,42,285,156.054133658,-667.026214817,0.458977751239,6.87354603466
0.0,1.0,-176.066759911,2.83787706641,17.0794684453,1.3949305241916078e-17,1.3949305241916078e-17,0.0,0.0,-335.824282539,45,286,166.508931754,-621.002646231,0.492129042329,-93.8896375784
0.0,1.0,-148.926704908,2.83787706641,17.0794684453,5.158224854238705e-17,5.158224854238705e-17,0.0,0.0,-301.891865324,39,287,158.622906029,-598.196491168,-0.0563951357708,-56.4102854921
0.0,1.0,-161.700101783,2.83787706641,17.0794684453,4.882405130510285e-17,4.882405130510285e-17,0.0,0.0,-309.819680061,44,288,155.359507523,-742.807798859,0.43075754151,-104.162680611
0.0,1.0,-143.511267636,2.83787706641,17.0794684453,-3.564627215505631e-17,-3.564627215505631e-17,0.0,0.0,-277.981516908,43,289,146.914888867,-661.361486124,0.365616329681,-85.1883536499
0.0,1.0,-180.566827797,2.83787706641,17.0794684453,-2.3720981351560137e-17,-2.3720981351560137e-17,0.0,0.0,-344.024259171,44,290,156.934446186,-609.291839181,0.297424389752,-45.4051018918
0.0,1.0,-170.437452379,2.83787706641,17.0794684453,2.2204460492503132e-17,2.2204460492503132e-17,0.0,0.0,-322.152306106,44,291,168.801120098,-637.076479492,0.504190497302,-95.5216417715
0.0,1.0,-176.966857477,2.83787706641,17.0794684453,-1.0422054084919948e-17,-1.0422054084919948e-17,0.0,0.0,-340.171581247,42,292,148.741145923,-576.21374177,0.257217294781,-45.5103383512
0.0,1.0,-186.206329163,2.83787706641,17.0794684453,8.2606489896158e-18,8.2606489896158e-18,0.0,0.0,-359.140749084,41,293,163.539703427,-646.307392771,0.431967503316,-89.0734915754
0.0,1.0,-156.601727078,2.83787706641,17.0794684453,-7.019450071301866e-17,-7.019450071301866e-17,0.0,0.0,-290.982233374,44,294,147.151008379,-593.058090349,0.655509535898,-83.8290273426
0.0,1.0,-167.350650826,2.83787706641,17.0794684453,5.248226897161578e-17,5.248226897161578e-17,0.0,0.0,-323.824602398,42,295,136.658418632,-621.199135282,0.219018854154,-102.967420758
0.0,1.0,-177.670622428,2.83787706641,17.0794684453,5.5302262329046544e-17,5.5302262329046544e-17,0.0,0.0,-349.925570537,41,296,164.450408656,-605.732104439,0.486607069209,-91.751633376
0.0,1.0,-174.577588511,2.83787706641,17.0794684453,-1.3812310288979474e-17,-1.3812310288979474e-17,0.0,0.0,-337.429213412,43,297,171.222993086,-692.768294628,0.512539927346,9.07458384321
0.0,1.0,-179.610781048,2.83787706641,17.0794684453,-2.337810934421869e-17,-2.337810934421869e-17,0.0,0.0,-344.387397634,45,298,172.831842147,-707.290999293,0.547967287046,-31.5418776354
0.0,1.0,-179.992117258,2.83787706641,17.0794684453,5.1951866565381864e-18,5.1951866565381864e-18,0.0,0.0,-339.080857321,45,299,165.044975324,-618.936721347,0.485603510006,-71.3553076545
0.0,1.0,-159.862152617,2.83787706641,17.0794684453,4.821101710684124e-18,4.821101710684124e-18,0.0,0.0,-324.100557468,41,300,154.566583812,-637.608357459,0.505675093359,-103.859194575
0.0,1.0,-173.374384725,2.83787706641,17.0794684453,-5.1255845375251416e-17,-5.1255845375251416e-17,0.0,0.0,-337.855118683,42,301,165.790337653,-661.634670734,0.614608849468,-93.0546920702
0.0,1.0,-149.946633212,2.83787706641,17.0794684453,-1.585467575613814e-17,-1.585467575613814e-17,0.0,0.0,-288.166033502,44,302,151.29019675,-614.913000965,0.451933542187,-82.4920925927
0.0,1.0,-163.354802945,2.83787706641,17.0794684453,-3.3835628034376704e-17,-3.3835628034376704e-17,0.0,0.0,-307.881131224,44,303,125.212998428,-572.634827713,0.0479731210374,-98.5116690388
0.0,1.0,-166.718178531,2.83787706641,17.0794684453,2.1097211762391095e-17,2.1097211762391095e-17,0.0,0.0,-312.982625261,45,304,168.424149367,-597.579376606,0.213709236513,-79.4965301136
0.0,1.0,-161.216970241,2.83787706641,17.0794684453,2.4817157622863205e-17,2.4817157622863205e-17,0.0,0.0,-299.796287854,45,305,162.37421081,-676.550143848,0.412086203656,-20.2036340131
0.0,1.0,-175.794532545,2.83787706641,17.0794684453,-5.25757303741928e-18,-5.25757303741928e-18,0.0,0.0,-340.619594218,41,306,176.309711904,-669.091524018,0.495862396302,-29.0944250126
0.0,1.0,-154.332562667,2.83787706641,17.0794684453,-1.5383267747518196e-17,-1.5383267747518196e-17,0.0,0.0,-288.255755198,45,307,161.625256992,-617.691078737,0.381378954104,-71.0838669854
0.0,1.0,-165.000835201,2.83787706641,17.0794684453,1.0033592230388501e-18,1.0033592230388501e-18,0.0,0.0,-318.020506977,40,308,158.231976907,-680.562350213,0.177171363875,36.6798743475
0.0,1.0,-160.560453248,2.83787706641,17.0794684453,7.51995025808057e-17,7.51995025808057e-17,0.0,0.0,-312.114719142,44,309,165.604561043,-636.21676404,0.444316714389,-66.4729328682
0.0,1.0,-161.584657378,2.83787706641,17.0794684453,3.678737126738961e-17,3.678737126738961e-17,0.0,0.0,-314.916104308,44,310,167.412314935,-627.097444983,0.588207280338,-68.403902872
0.0,1.0,-153.207762616,2.83787706641,17.0794684453,5.291057898319492e-18,5.291057898319492e-18,0.0,0.0,-291.266018204,41,311,170.484110552,-581.893504104,-0.378352720216,38.6576118499
0.0,1.0,-175.541215891,2.83787706641,17.0794684453,-1.0446766923504927e-17,-1.0446766923504927e-17,0.0,0.0,-336.456265348,43,312,158.149067294,-656.885917106,0.393426018592,-103.055716015
0.0,1.0,-171.795773083,2.83787706641,17.0794684453,2.194274538744261e-17,2.194274538744261e-17,0.0,0.0,-342.803861822,40,313,172.602032151,-671.260988296,0.125632816762,-12.0681113811
0.0,1.0,-180.816640448,2.83787706641,17.0794684453,-1.7437080995575636e-17,-1.7437080995575636e-17,0.0,0.0,-331.650513703,45,314,155.813536462,-587.795888562,0.555084166096,-46.0296883729
0.0,1.0,-170.777055344,2.83787706641,17.0794684453,-4.5936869155971793e-17,-4.5936869155971793e-17,0.0,0.0,-321.432862031,44,315,156.925210228,-624.129264034,0.615214736152,-100.404860168
0.0,1.0,-208.034031802,2.83787706641,17.0794684453,-9.084383604136861e-18,-9.084383604136861e-18,0.0,0.0,-381.860719751,45,316,138.763913562,-630.319538199,0.507989507438,-108.66411026
0.0,1.0,-157.021744957,2.83787706641,17.0794684453,-1.5822885303740737e-17,-1.5822885303740737e-17,0.0,0.0,-287.483240629,45,317,146.866255872,-618.583085017,0.447579227692,-77.8775683331
0.0,1.0,-164.355795639,2.83787706641,17.0794684453,-1.4728150891051908e-17,-1.4728150891051908e-17,0.0,0.0,-323.265068287,42,318,170.669835353,-629.281843492,0.580618445154,-99.6298862784
0.0,1.0,-175.907195145,2.83787706641,17.0794684453,-1.9508204575556322e-17,-1.9508204575556322e-17,0.0,0.0,-350.45018488,41,319,158.564323401,-609.007817239,0.487661795023,-95.7186360059
0.0,1.0,-168.163572907,2.83787706641,17.0794684453,2.6971403219053523e-17,2.6971403219053523e-17,0.0,0.0,-326.415712424,42,320,165.287141287,-623.54522918,0.511931058208,-78.2879983862
0.0,1.0,-159.833250282,2.83787706641,17.0794684453,-1.8803482744019587e-18,-1.8803482744019587e-18,0.0,0.0,-316.939615705,41,321,168.863445776,-564.714150859,0.359606241831,-9.23779914673
0.0,1.0,-143.729205042,2.83787706641,17.0794684453,-6.515694812253718e-17,-6.515694812253718e-17,0.0,0.0,-289.243592082,43,322,138.716647533,-584.823580912,0.296546237435,-105.1225284
0.0,1.0,-182.505430827,2.83787706641,17.0794684453,2.000034125243848e-18,2.000034125243848e-18,0.0,0.0,-334.934416347,44,323,177.210685489,-697.726994736,-0.0663712875696,52.2509919616
0.0,1.0,-156.681832061,2.83787706641,17.0794684453,-1.9164564115553297e-17,-1.9164564115553297e-17,0.0,0.0,-300.735285692,44,324,129.251544149,-572.522791719,0.302596708592,-77.4955620109
0.0,1.0,-143.839742509,2.83787706641,17.0794684453,-4.7853013291076844e-17,-4.7853013291076844e-17,0.0,0.0,-273.394232019,40,325,147.31651203,-559.473095657,0.105091741506,54.0522652386
0.0,1.0,-165.663581214,2.83787706641,17.0794684453,1.3572139919941286e-17,1.3572139919941286e-17,0.0,0.0,-319.878992521,43,326,143.839514876,-625.142139162,0.374730129023,-81.2506880701
0.0,1.0,-163.171501203,2.83787706641,17.0794684453,3.0805865865622366e-17,3.0805865865622366e-17,0.0,0.0,-302.431458852,45,327,155.32271091,-642.400177102,0.296914230778,-45.8470493932
0.0,1.0,-145.127896803,2.83787706641,17.0794684453,3.039916966650683e-17,3.039916966650683e-17,0.0,0.0,-276.320184894,44,328,122.146608195,-524.933529328,0.292701321842,-81.8056116267
0.0,1.0,-166.427160263,2.83787706641,17.0794684453,-1.1981020349322609e-17,-1.1981020349322609e-17,0.0,0.0,-313.476196258,44,329,170.534382262,-656.255449638,0.537105362725,-44.8548346876
0.0,1.0,-185.147328397,2.83787706641,17.0794684453,-1.8081630815577728e-17,-1.8081630815577728e-17,0.0,0.0,-363.04038855,42,330,151.096511947,-659.115911814,0.327304110632,-105.399319975
0.0,1.0,-161.157883498,2.83787706641,17.0794684453,-7.598122805649638e-18,-7.598122805649638e-18,0.0,0.0,-299.439714357,46,331,139.481585336,-653.688415724,0.0624780515003,-10.4430261386
0.0,1.0,-168.503270158,2.83787706641,17.0794684453,3.8371621721384986e-17,3.8371621721384986e-17,0.0,0.0,-314.202415866,45,332,150.209382002,-616.015737291,0.305674258668,-97.3387727923
0.0,1.0,-162.758738595,2.83787706641,17.0794684453,-2.253691364023333e-17,-2.253691364023333e-17,0.0,0.0,-320.164489958,42,333,158.616107139,-583.533343072,0.303630148619,-91.528980619
0.0,1.0,-164.643552551,2.83787706641,17.0794684453,1.8661483239740754e-17,1.8661483239740754e-17,0.0,0.0,-330.122358915,42,334,152.654379257,-645.513315494,0.301523674466,-36.026399824
0.0,1.0,-196.880456925,2.83787706641,17.0794684453,-1.5054799397037379e-18,-1.5054799397037379e-18,0.0,0.0,-381.168515309,41,335,150.439884228,-654.176009828,0.325008888417,-23.7551991012
0.0,1.0,-179.489246561,2.83787706641,17.0794684453,1.884800452020355e-17,1.884800452020355e-17,0.0,0.0,-355.206508654,40,336,140.009255809,-631.316310551,0.199745726134,-84.816670278
0.0,1.0,-170.602407459,2.83787706641,17.0794684453,-2.0107711537677706e-18,-2.0107711537677706e-18,0.0,0.0,-325.543693838,45,337,168.488082494,-702.52936133,0.499452966433,-84.8458049722
0.0,1.0,-145.446121183,2.83787706641,17.0794684453,-3.504764675416615e-17,-3.504764675416615e-17,0.0,0.0,-279.601439047,43,338,174.870037823,-629.394324092,0.283173193889,-13.1450832952
0.0,1.0,-172.913445574,2.83787706641,17.0794684453,-9.270210849058306e-18,-9.270210849058306e-18,0.0,0.0,-347.705421031,40,339,147.381218687,-654.694222486,0.386101046963,-109.044447939
0.0,1.0,-175.849914199,2.83787706641,17.0794684453,1.845814141926061e-18,1.845814141926061e-18,0.0,0.0,-347.484058836,42,340,183.885419991,-637.954318301,0.473113662994,-91.9022534333
0.0,1.0,-159.628973017,2.83787706641,17.0794684453,-5.138691212207936e-17,-5.138691212207936e-17,0.0,0.0,-306.013538784,43,341,121.000107992,-562.046364917,-0.0957701944458,-92.1376208063
0.0,1.0,-160.361087381,2.83787706641,17.0794684453,2.0343066466356958e-17,2.0343066466356958e-17,0.0,0.0,-302.958422265,44,342,152.26008289,-586.802648455,0.444822417474,-15.064710315
0.0,1.0,-196.540702312,2.83787706641,17.0794684453,-2.7575209465664815e-17,-2.7575209465664815e-17,0.0,0.0,-367.27473305,43,343,167.190434733,-698.614311283,0.524216721271,-91.4319473598
0.0,1.0,-151.076953378,2.83787706641,17.0794684453,6.613633252161577e-18,6.613633252161577e-18,0.0,0.0,-286.099223136,45,344,146.877798185,-579.618765372,0.274555747613,-74.6433189009
0.0,1.0,-172.238766043,2.83787706641,17.0794684453,8.022717646315076e-17,8.022717646315076e-17,0.0,0.0,-335.704291687,42,345,156.845949686,-652.463497705,0.587911485425,-90.0375452683
0.0,1.0,-167.99870548,2.83787706641,17.0794684453,1.3117168450256461e-17,1.3117168450256461e-17,0.0,0.0,-324.300437189,43,346,128.42629729,-557.689282842,-0.572460313199,-108.242266584
0.0,1.0,-188.305925904,2.83787706641,17.0794684453,3.089316242435218e-17,3.089316242435218e-17,0.0,0.0,-350.679542663,45,347,172.615259717,-683.81624803,0.427600976953,-104.474648509
0.0,1.0,-187.047563497,2.83787706641,17.0794684453,-3.503662405128699e-18,-3.503662405128699e-18,0.0,0.0,-355.189267354,45,348,156.706992084,-647.054424877,0.436883596864,-104.276464287
0.0,1.0,-169.668277888,2.83787706641,17.0794684453,2.7273329305509624e-17,2.7273329305509624e-17,0.0,0.0,-327.598686263,42,349,163.995593299,-632.887168143,0.427678049737,-5.05236399499
0.0,1.0,-186.947292981,2.83787706641,17.0794684453,-5.3474258308623924e-17,-5.3474258308623924e-17,0.0,0.0,-363.657033393,43,350,156.075374232,-701.561562135,0.624753423199,-103.931976882
0.0,1.0,-176.464675107,2.83787706641,17.0794684453,-2.529885477516454e-17,-2.529885477516454e-17,0.0,0.0,-329.227351593,45,351,157.5164076,-685.353371493,0.669275222215,-77.2565748678
0.0,1.0,-160.134203037,2.83787706641,17.0794684453,-3.718579144672484e-17,-3.718579144672484e-17,0.0,0.0,-313.335156483,42,352,161.144307428,-631.435468282,0.0783356917482,-25.5815955826
