PolicyRegParamNorm,AverageDiscountedReturn,AverageAction,MaxReturn,StdReturn,AverageAbsY,StdEsReturn,AverageReturn,AverageQLoss,AverageY,AverageQ,Epoch,QFunRegParamNorm,MinReturn,AverageAbsQYDiff,MaxEsReturn,AverageAbsQ,AverageEsReturn,AveragePolicySurr,MinEsReturn
17.0328451235,-268.590630149,0.448340239713,-122.931860515,85.2090476289,0.475636220158,107.30504539,-561.924333369,0.306463263307,-0.457581648716,-0.456099612856,0,18.3194353929,-663.808610529,0.178636319636,-229.736338549,0.457732238816,-337.472300227,0.307447632082,-483.894487184
18.1454348515,-46.7238535581,0.122918125367,128.695255921,75.8108887162,0.491126121917,27.8159135926,-165.856497971,0.178519848695,-0.465366416836,-0.465170359607,1,22.8843218593,-282.994190055,0.132766133637,-204.34060462,0.470799435973,-232.156518212,0.259466945489,-259.972431805
19.5538439365,-5.82863610349,0.114586362288,-2.07669223178,29.0723131597,0.487721337536,68.1604490997,-55.3349846923,0.180909025702,-0.43405596294,-0.436503738892,2,27.7009279778,-115.982102196,0.145582262166,-120.259496638,0.456577736412,-188.419945737,0.249992882947,-256.580394837
20.3626054294,-20.6798022723,0.199555996121,57.7664056167,108.21543739,0.492416835106,0.0,-40.6447851294,0.093622727085,-0.389889183477,-0.391498625727,3,31.1965903833,-475.038504726,0.123143306558,-42.6082987464,0.470023575265,-42.6082987464,0.127262831195,-42.6082987464
21.2254686746,-142.626325691,0.348130646917,102.413308083,208.801098194,1.1655568436,118.739622138,-262.764443875,0.223299754414,-1.0051379571,-1.00580641464,4,34.1648832664,-763.295386287,0.151709170796,-797.697705431,1.14786855617,-916.437327569,0.789010201699,-1035.17694971
22.2282354795,4.63221413438,0.122242418367,31.8179131809,26.9072362984,1.68504383366,0.0,-9.72236558162,0.308651995232,-1.46655759389,-1.46871246122,5,37.0404435032,-77.824971402,0.175190022912,-411.013763644,1.66433283265,-411.013763644,1.25200225357,-411.013763644
23.0104059524,6.74506979737,0.122177392531,62.8886397614,27.0395853192,1.50207291655,0.0,0.424264866877,0.2415332069,-1.19338036438,-1.19604737655,6,39.5032774154,-52.4771565905,0.164156408152,21.6117416697,1.48693933864,21.6117416697,0.960951102086,21.6117416697
23.7557260199,7.13641658078,0.11880039318,64.7553020679,36.6218176651,1.37056881909,0.0,1.07738744592,0.163372966419,-0.947799772026,-0.94984304694,7,41.3031114013,-135.374417949,0.147542326309,26.2802880734,1.35952535969,26.2802880734,0.732810407494,26.2802880734
24.5509318717,10.1040047992,0.130559262371,53.3761588181,27.1565251782,1.29901636094,0.0,9.98178396524,0.117509076402,-0.749873320426,-0.751982400039,8,42.7057080908,-50.6834398217,0.132676663461,-9.99750285629,1.29109637709,-9.99750285629,0.549861883688,-9.99750285629
25.3335105701,8.76612231828,0.149397758682,71.8828208501,30.6029482892,1.29729252975,0.0,2.98966333797,0.102707614948,-0.587751061941,-0.589619230549,9,44.1431302723,-57.0250860791,0.129143289639,89.4737655276,1.28902329767,89.4737655276,0.391569391019,89.4737655276
26.0398653822,4.12369560164,0.159650490775,51.6821620492,33.5003058991,1.27461725134,0.0,-21.3530861531,0.0748879969382,-0.409493044517,-0.410477368926,10,45.4700499895,-90.6914177998,0.122251613075,13.1888130992,1.26778982424,13.1888130992,0.229622740658,13.1888130992
26.697023316,-3.66559993498,0.176152241967,45.9204702184,129.697506461,1.28995381424,0.0,-83.9854979347,0.0549317603095,-0.279952589075,-0.28128182425,11,46.5215980443,-459.99255358,0.110561846187,6.80197877794,1.28348895997,6.80197877794,0.12108335984,6.80197877794
27.3219521686,8.23882564802,0.197357945729,24.0184044054,48.2778595507,1.31605856235,0.0,-27.0073465322,0.0581823579593,-0.176823865331,-0.177815061165,12,47.59248044,-267.38876981,0.11608394483,52.1879304424,1.31036643483,52.1879304424,0.0260632812905,52.1879304424
27.7750964904,8.6454852784,0.20785484706,15.5889467811,15.9463100508,1.33840383742,0.0,-10.0846221255,0.0467894857263,-0.0767338716968,-0.077773083422,13,48.4621576841,-56.8441229186,0.108280903041,2.45388433075,1.33324162093,2.45388433075,-0.0558717653288,2.45388433075
28.1815453457,7.2117350915,0.212568107274,22.6199431344,16.4561212403,1.36637984806,0.0,-15.3389643321,0.0514280665024,-0.005350088406,-0.00613380097041,14,49.3501567841,-55.6252180594,0.110721001064,27.2873884344,1.36150648728,27.2873884344,-0.113547177991,27.2873884344
28.5140326472,0.548944452022,0.215191702441,-7.91490236424,83.244952515,1.39252407712,0.0,-77.9681839081,0.030241873972,0.0798844550536,0.0789757653568,15,50.0876525107,-334.101388184,0.100767284536,38.3549458355,1.38884799104,38.3549458355,-0.190275903684,38.3549458355
28.7957170522,-2.95566498138,0.213184062638,-1.40819125742,127.17444129,1.40441206373,0.0,-112.362513413,0.0422777964272,0.155121658906,0.154411585411,16,50.9206192515,-432.963124425,0.107198430025,-8.38762444349,1.400506809,-8.38762444349,-0.262328534552,-8.38762444349
29.1702215426,-12.7236425079,0.209176026152,-11.1119830956,101.921400445,1.40086946993,0.0,-134.726916717,0.0294043546852,0.263089840071,0.262389809376,17,51.5709124527,-353.639801029,0.100529647382,-19.6968860958,1.39708023119,-19.6968860958,-0.356259835419,-19.6968860958
29.5459921532,-11.3339587208,0.191946565901,-40.275556349,66.246040404,1.43924302565,0.0,-128.06234037,0.0328847201074,0.381985457626,0.381173632382,18,52.2489560251,-263.428774649,0.103797406701,-211.979910825,1.43582572188,-211.979910825,-0.46987442251,-211.979910825
29.919785541,-13.8972423102,0.196349661134,-9.95761744354,76.9007324234,1.46514590113,0.0,-99.4282773855,0.0255263188906,0.437659281903,0.436930943261,19,52.6588948506,-258.088454783,0.0992758032519,6.75039986649,1.46196378015,6.75039986649,-0.522330471542,6.75039986649
30.2461997784,-29.4918143383,0.195880362679,-23.097699636,70.8687187917,1.42196255595,0.0,-163.690235857,0.0378259795678,0.5129772981,0.512531804025,20,53.0301541744,-282.232847555,0.10110255772,-106.239175824,1.41795510695,-106.239175824,-0.590804215156,-106.239175824
30.5516044781,-37.3398409802,0.230336550338,-5.84230002961,70.3837946242,1.15785545692,0.0,-189.496384409,0.0248260436519,0.902402386275,0.901923970663,21,53.3197413865,-287.314592503,0.0925942369466,-0.922035599021,1.15507046763,-0.922035599021,-0.957141078764,-0.922035599021
30.914004814,-72.7703707747,0.240691339563,-25.9792401581,32.1504942335,1.09648970996,27.8146835279,-194.843681779,0.0199618829705,1.03298737156,1.03256769014,22,53.5352020672,-281.867313225,0.0888729021793,-175.445056688,1.09440639679,-203.259740216,-1.07977273922,-231.074423744
31.40365878,-72.2134442997,0.252626237948,-90.6607307506,24.6672322935,1.121942756,1.34418716714,-182.008229972,0.0319904175346,1.01654202476,1.01598271743,23,53.9060409028,-234.110857205,0.0953882614114,-158.915171772,1.1191988454,-160.575408449,-1.07268283662,-162.207380479
31.6697933402,-66.0064446683,0.220608710986,-39.7665004925,25.9541973931,1.1849609576,20.0064875979,-176.569598386,0.0449237705659,0.925799133984,0.925286137972,24,54.4118141739,-223.234962088,0.103621236981,-159.254454142,1.18177622364,-180.526967193,-0.972844764518,-207.318701439
32.0055825324,-97.4386242531,0.449389070414,-143.103886098,50.9419440462,1.1987490882,0.0,-220.193329912,0.0540699035265,0.881122998561,0.88033311145,25,54.8786677941,-397.10937482,0.104945133993,-178.335849697,1.19302722298,-178.335849697,-0.931966511196,-178.335849697
32.3191391898,-76.5866969313,0.464802402767,-59.0810964857,50.781116322,1.21949928531,0.606448931557,-190.909443165,0.0727242069737,0.836039384916,0.835150959975,26,55.4197468993,-440.554523708,0.112028498636,-172.918252995,1.21309805661,-173.524701926,-0.886181473805,-174.131150858
32.6637338261,-77.8666275612,0.259186487564,3.35801889757,227.306264845,1.26508107829,0.0,-301.224908906,0.0860644299667,0.780754488777,0.779989556465,27,56.2531858502,-1157.08184755,0.119732255015,-208.229530137,1.25906236984,-208.229530137,-0.851593566964,-208.229530137
32.9896182833,-40.3262275804,0.294250644933,-59.3386654286,79.6797058584,1.36350956701,0.0,-204.145940488,0.275095172534,0.630498242999,0.630723079462,28,57.040152582,-431.543859371,0.14302606417,-1016.84680481,1.3553983299,-1016.84680481,-0.707334606579,-1016.84680481
33.4092859067,-25.9650375464,0.321053213623,5.12378180276,97.50917554,1.47764919423,0.0,-197.974734448,0.208778517012,0.509596761867,0.50865509015,29,57.7882589039,-428.550346294,0.134711128582,26.6740904273,1.47066547636,26.6740904273,-0.588928880315,26.6740904273
33.7926306708,-66.3085992714,0.300493186222,-121.312159552,55.2200672698,1.54953712005,17.4925043945,-211.365080072,0.256011149438,0.551240287172,0.550781651851,30,58.7653415005,-316.208096102,0.143228941675,-39.6524190732,1.54247894131,-57.1449234677,-0.655332926731,-74.6374278622
34.1977144805,-28.9781457277,0.239940631032,31.0054208789,88.3491484266,1.66941669725,29.218239837,-160.972653798,0.170900356611,0.5978263718,0.597012832202,31,59.8433786934,-261.980555031,0.14016403245,-133.150830591,1.66205164445,-172.910785251,-0.717800240844,-202.533339901
34.6884152871,-7.72131804956,0.263500988411,46.8610698,75.8425673513,1.77353782222,0.0,-122.437824164,0.154803324935,0.597520521883,0.596869786795,32,60.815355738,-273.254132846,0.14011452822,-218.764764678,1.76730798176,-218.764764678,-0.719127670746,-218.764764678
35.2298918579,-24.9562049977,0.381608460493,-2.31031229257,49.5828586697,1.89493977897,0.0,-161.705568357,0.126899540589,0.638411800194,0.638502766902,33,61.7906312446,-261.144272233,0.139163695475,8.89021629325,1.88969429854,8.89021629325,-0.792830995691,8.89021629325
35.7588556309,-8.57547996659,0.243843236979,11.0521204429,82.8120648922,1.97403289922,0.0,-123.234080727,0.0945533896548,0.700699708556,0.70036154379,34,62.7834674964,-316.270773773,0.136568135164,20.8894720894,1.96848007508,20.8894720894,-0.876778403044,20.8894720894
36.1210347851,6.43778702811,0.233795446963,18.2764292646,48.02580975,2.05369919682,0.0,-38.5316326763,0.0660209588765,0.795066048456,0.794377357815,35,63.5522754896,-133.348893024,0.128974712877,-43.8765384048,2.04920836711,-43.8765384048,-0.96608345436,-43.8765384048
36.4891893066,-6.19319372422,0.196326024937,54.4546170459,108.453802201,2.189675693,0.0,-107.613690909,0.0542421700666,0.90654832744,0.905811600439,36,64.3293850317,-337.78460385,0.127154630442,53.0516201892,2.18547633421,53.0516201892,-1.08059430383,53.0516201892
36.7086366895,9.32191661459,0.299405273031,68.0604011943,53.5101481404,2.33090889447,0.0,-49.709267825,0.0468192856954,1.05778351468,1.05749294263,37,65.2933072879,-211.29071366,0.127081161183,-11.0910944094,2.32739474508,-11.0910944094,-1.23832801622,-11.0910944094
36.9886858849,15.28240192,0.313122150985,70.6476866876,45.324657691,2.45214292152,0.0,-21.2040132607,0.0472878107624,1.18790648405,1.18748649496,38,66.1246029975,-80.0115281144,0.12865453683,-38.2720681977,2.44744852852,-38.2720681977,-1.36664345485,-38.2720681977
37.2563846499,9.28135995954,0.380490160084,78.1049255997,55.3376787333,2.53647140566,0.0,-47.9490843038,0.0470006511911,1.30035166912,1.30009555866,39,66.9534469851,-188.639886498,0.129911616666,21.1912351096,2.5323733108,21.1912351096,-1.46706603118,21.1912351096
37.5521942254,9.14741871136,0.376056966408,34.2068609583,35.6522437118,2.64886334263,0.0,-37.7403555922,0.0587308554418,1.49746032682,1.49748253384,40,67.6624712132,-144.842342028,0.135681890432,-46.0989702599,2.64371961919,-46.0989702599,-1.64086849099,-46.0989702599
37.7247561081,3.97442218976,0.347280004873,201.970717947,200.187543134,2.66925404437,0.0,-130.260687239,0.048811817328,1.75781510332,1.75752098445,41,68.1934180651,-475.928396505,0.13309314754,158.44814765,2.66385824355,158.44814765,-1.8933598794,158.44814765
37.9256101773,-25.0328473496,0.317136157495,81.7930667998,274.350929038,2.79296554619,0.0,-263.545820001,0.039908547507,1.92634807884,1.92608741023,42,68.7948195647,-689.991935073,0.129002012962,-57.3090007346,2.78938785937,-57.3090007346,-2.05379186982,-57.3090007346
38.0746677457,-26.7363773268,0.305925100468,41.4708249235,261.758523137,2.83353630283,0.0,-318.992283495,0.0345180560402,2.06559800308,2.06538298262,43,69.4393115173,-766.704889388,0.124291732821,43.076871016,2.83091397418,43.076871016,-2.18405582406,43.076871016
38.2669162724,-62.3862239944,0.389463341107,-119.641062661,142.752913291,2.91097942498,0.0,-562.406514834,0.0362837568205,2.22688690678,2.22653095021,44,69.9598272127,-742.959307115,0.124611996177,115.711522092,2.90828497709,115.711522092,-2.34541661439,115.711522092
38.4578468436,-45.9520883407,0.372662287363,-18.4204998545,160.042347286,2.96258786374,0.0,-524.956675998,0.0475291538275,2.60279437714,2.60243612777,45,70.4513639939,-680.023328461,0.120499023666,77.4427312303,2.95982638234,77.4427312303,-2.71423226316,77.4427312303
38.5991791267,-56.8107120297,0.379551565522,-9.43598244898,136.984563095,3.04078176996,0.0,-573.637720081,0.0315270579209,2.73718477996,2.73654930647,46,70.9828173883,-731.852534803,0.116943366362,17.2074050445,3.03920049743,17.2074050445,-2.83953274322,17.2074050445
38.7374519243,-6.67766100507,0.355897334939,75.4023716433,101.553391458,3.11431910881,0.0,-145.855624269,0.0336477680912,2.82946597874,2.82893604214,47,71.5392054426,-316.635466184,0.115829504475,-70.0731757414,3.11267416317,-70.0731757414,-2.93026640749,-70.0731757414
38.9349475383,17.2903900672,0.303000241138,60.9679679988,25.4795654468,3.13916765538,0.0,18.1294672315,0.0309483037338,2.99436150826,2.99395986634,48,71.9936039704,-38.6605799696,0.110016749872,37.9597888793,3.13830481706,37.9597888793,-3.09143034666,37.9597888793
39.1870346695,12.7895792467,0.2709728058,56.4305133835,53.08058744,3.18526792937,0.0,-16.9126921695,0.0252876789698,3.14297235553,3.14265250145,49,72.3529732228,-168.185321942,0.105000525344,92.8172529731,3.18478938348,92.8172529731,-3.23772191162,92.8172529731
39.4281894197,11.6478476037,0.323609545463,76.138783146,57.3609104415,3.26046903836,0.0,-6.76615490705,0.0272863274333,3.24740180568,3.24703517917,50,72.7747682388,-149.476215071,0.105006894246,81.3601686407,3.25990428187,81.3601686407,-3.34177192653,81.3601686407
39.6664922989,-0.634912815912,0.314383142057,63.3637156582,53.5233727286,3.37052977947,0.0,-24.0500521549,0.0266353123291,3.35831855877,3.35817896843,51,73.1831994517,-172.352149103,0.10264949911,73.3493655822,3.37040991258,73.3493655822,-3.45156960245,73.3493655822
39.8665250396,0.728707212908,0.270913248724,50.0526627697,64.5833350906,3.51671859209,0.0,-29.840044466,0.0290543284211,3.50305335981,3.50278468712,52,73.6360030503,-201.751009639,0.103334623306,58.4363068927,3.51620056759,58.4363068927,-3.59059490972,58.4363068927
40.0720885574,-8.98966676179,0.32391249437,60.4785585524,66.1768481226,3.62288700302,0.0,-52.0676882048,0.0230512880136,3.6024306033,3.60227853959,53,74.0572407446,-210.427529307,0.0973568803164,-10.5202312112,3.62241089669,-10.5202312112,-3.68840179955,-10.5202312112
40.2496142243,4.45003435458,0.34424236,91.5171184917,46.1864222469,3.71558603056,0.0,0.80196990709,0.0226205177425,3.69817969492,3.6978252792,54,74.6012904427,-88.131986325,0.0976002375101,128.464504215,3.71513731,128.464504215,-3.77536894396,128.464504215
40.4991212583,9.01560214043,0.253061467378,86.1578232693,94.2388220536,3.7951606529,0.0,-29.138528019,0.0376958868846,3.72158466479,3.7209595576,55,75.250824233,-326.293129693,0.110112893202,113.837900366,3.7933860822,113.837900366,-3.80380415195,113.837900366
40.7533979178,14.2849817965,0.215877770497,78.9181400033,37.8312517505,3.82235279351,0.0,11.4131924809,0.027306358909,3.7333521156,3.73259903889,56,75.7200313079,-126.64334926,0.102155397813,33.1854775158,3.82149800006,33.1854775158,-3.81395614852,33.1854775158
40.9588676249,18.5136968662,0.248530181098,94.952863248,73.8631285364,3.89251466407,0.0,-0.98187856408,0.0266746490328,3.8145558746,3.81382510277,57,76.2388005117,-273.140460111,0.100403396031,66.9679658258,3.89160322931,66.9679658258,-3.88659380772,66.9679658258
41.0884624671,15.4774892069,0.239445226256,61.0590377494,63.0756823986,3.94498022769,149.847415494,-12.6408983991,0.0271550238522,3.86893394373,3.86848576107,58,76.8431568677,-254.61028016,0.102131839089,18.0072223625,3.9438363668,-131.840193132,-3.94020570365,-281.687608626
41.3092801353,13.1033927456,0.288252038058,88.1486563522,112.874860039,4.01186014846,0.0,-50.296509898,0.0430027929836,3.93285118071,3.93250312228,59,77.321104578,-354.674383275,0.110457091599,47.450404193,4.00930577689,47.450404193,-4.00937432864,47.450404193
41.498050767,0.389953311031,0.273077349482,45.7833024338,88.432648238,3.98874851636,0.0,-62.1707888954,0.0370466165193,3.90905187875,3.9088745956,60,77.8724101462,-246.361053668,0.107140950173,-23.278032275,3.98535304829,-23.278032275,-3.98982339519,-23.278032275
41.6044905501,5.05308387935,0.320062177279,54.1666534693,54.1092086039,3.98107692187,0.0,-22.3313424275,0.0333165902212,3.90944346129,3.90927677218,61,78.450073493,-202.782437221,0.104769664432,19.8208207659,3.97887842153,19.8208207659,-3.9953665343,19.8208207659
41.7348582131,9.70599557533,0.24067340073,72.3259112195,51.2090992432,3.92808064293,0.0,-12.3569640458,0.0380475472915,3.8552504959,3.85499273205,62,79.0986755047,-141.286044842,0.10607719538,16.8711140909,3.92544542639,16.8711140909,-3.93961885891,16.8711140909
41.8854667289,5.01904488999,0.283918933878,63.2152720932,68.2733820734,3.88369855552,0.0,-17.29955817,0.0333509739838,3.82279884781,3.82261081185,63,79.7479233867,-286.183554557,0.10297402169,-24.6470260124,3.88215093015,-24.6470260124,-3.91023880463,-24.6470260124
42.0716709402,8.87063109577,0.361039227186,168.234538859,71.7054595625,3.95225137054,26.7078185378,-13.2786451858,0.0441858682001,3.89478374903,3.89489029201,64,80.6458747375,-206.076830545,0.111432971283,3.53162104594,3.95033682551,-23.1761974919,-3.98300002338,-49.8840160297
42.2610450186,12.5185561795,0.289122232556,81.500691806,46.9170597314,4.0670294189,0.0,-8.91810074083,0.0426235765109,4.00146118079,4.0014958734,65,81.4152431821,-175.241324429,0.112205314481,167.439842376,4.06490931013,167.439842376,-4.09199899763,167.439842376
42.384725528,13.752046578,0.243085887017,174.234627049,65.7713381139,4.08287297986,0.0,-7.88074354069,0.0356901201508,4.02024704468,4.01995108938,66,82.1038746868,-242.822586059,0.108366955381,-3.32226908608,4.08109127706,-3.32226908608,-4.10674717583,-3.32226908608
42.5090100895,10.6577784064,0.294395079112,54.893889176,57.7632565456,4.13322160693,0.0,-20.3911520038,0.0302383744345,4.06686119366,4.06665961536,67,82.8727794705,-225.112713988,0.104842071675,83.8924270675,4.1318441397,83.8924270675,-4.14844710463,83.8924270675
42.6962929397,12.6269761396,0.292517128546,29.2031753885,70.8823915655,4.18687167889,0.0,-46.9555745936,0.0437105052625,4.11490386371,4.11437881798,68,83.6204018571,-247.301864329,0.114094039261,33.8674105134,4.18480784112,33.8674105134,-4.18983286312,33.8674105134
42.8461088959,15.9360954559,0.31160963067,159.900916589,78.6800204015,4.22256647905,0.0,-16.7045216489,0.0327479604681,4.14326038327,4.14294814057,69,84.3045956491,-228.528582333,0.107644200065,28.7411670482,4.22146870183,28.7411670482,-4.22167921824,28.7411670482
42.9519159648,18.4009366282,0.284831690634,71.7992355761,48.1276423491,4.23063538147,0.0,-10.3537643643,0.0304884968228,4.15133134172,4.15109545817,70,84.9549761047,-111.791766851,0.105826251745,64.8516365978,4.22966667556,64.8516365978,-4.23219574964,64.8516365978
43.0622994184,13.5188499397,0.302967642047,157.611851016,75.2475702857,4.2441655028,0.0,-7.32328276704,0.0322287932475,4.15129397786,4.15096697377,71,85.5445512324,-222.098296246,0.10635698625,82.3886240375,4.24265784997,82.3886240375,-4.23101724065,82.3886240375
43.2179805569,7.17811780268,0.280957961823,50.5435481429,71.3436847043,4.3267534936,0.0,-36.1714077836,0.0343140121878,4.23407478093,4.23398723244,72,86.1804984918,-205.561027097,0.106298010324,77.0522941584,4.32583457913,77.0522941584,-4.31338476778,77.0522941584
43.3916557458,12.7159429134,0.25850904911,92.8819881332,58.1248740966,4.38873650922,0.0,-26.60709951,0.0372073047109,4.27753009372,4.27768072911,73,86.827931331,-234.794712134,0.110105957244,25.6551869541,4.38850228964,25.6551869541,-4.35777013846,25.6551869541
43.554209444,8.48729270319,0.222519831491,55.5076289577,100.030692334,4.42997098516,0.0,-53.4469913878,0.0375452345813,4.30922516537,4.30895687953,74,87.3779893139,-328.751774685,0.109558123618,79.0033240876,4.42954411256,79.0033240876,-4.38939633656,79.0033240876
43.7346252501,-1.32242320931,0.229378085305,36.1140905248,110.091231591,4.44131945395,0.0,-85.0625096035,0.0295666491506,4.3402823624,4.33993142864,75,87.8185176853,-345.455027259,0.102045696806,3.28928386143,4.44093572657,3.28928386143,-4.42223322621,3.28928386143
43.9268850967,0.862162033518,0.223283203676,53.0777194391,151.163021309,4.54271208929,0.0,-103.712801433,0.0312544375364,4.47748426228,4.47728706495,76,88.3156791203,-558.686887081,0.100318544636,39.675226223,4.54200320416,39.675226223,-4.55851062346,39.675226223
44.1217223077,-3.3720502681,0.199584643311,26.8143654785,137.983080229,4.65799738226,0.0,-114.406492118,0.0269873518081,4.60129567571,4.6010732094,77,88.8077449142,-437.75717614,0.097287456316,66.5963192377,4.65698023531,66.5963192377,-4.68221794673,66.5963192377
44.2949808234,-1.33859887941,0.206655555606,41.4407539515,158.402430749,4.81304022345,0.0,-130.876700454,0.026153458356,4.75256402114,4.75227605587,78,89.2584644629,-500.58341494,0.0970565024823,132.313379496,4.81194854897,132.313379496,-4.82999030106,132.313379496
44.4491484037,7.61134582495,0.226036744568,44.1720043156,149.086088374,4.91936876076,0.0,-92.4045503932,0.0279999393688,4.86149171119,4.86125375624,79,89.7426664197,-447.710369658,0.100298784623,65.7627240276,4.91861183315,65.7627240276,-4.93772958991,65.7627240276
44.6174744726,11.7855255306,0.255292076159,179.935906156,153.766599176,5.06302326656,0.0,-61.5996180543,0.0301887277645,5.00830694157,5.00781075863,80,90.1492491259,-497.690298883,0.100610622107,54.5156494864,5.06212137178,54.5156494864,-5.0828584761,54.5156494864
44.7715470353,18.9095253179,0.184001874107,81.5851410425,56.9847709726,4.96960775213,0.0,-6.60194923935,0.0296769100853,4.93815026098,4.93795937363,81,90.4410648888,-193.865117859,0.0992063936013,85.8141859689,4.96915733012,85.8141859689,-5.00477691287,85.8141859689
44.8751166842,7.82039207779,0.263076593117,142.320650129,159.088401965,4.95098255766,0.0,-91.0365049356,0.0281635471194,4.92608695792,4.92536097501,82,90.7726085237,-387.400629423,0.0960159803456,61.3155652608,4.9503282526,61.3155652608,-4.98590775234,61.3155652608
45.0636632439,12.5954251413,0.22983625007,87.1820841808,129.952186221,5.03271705344,0.0,-57.5691941517,0.0265510020324,5.00566836267,5.00485116945,83,91.1345236024,-402.273517175,0.0940957470437,55.1192860543,5.03193692339,55.1192860543,-5.06458005124,55.1192860543
45.297162387,11.2067014323,0.21421397947,152.312989142,124.835021883,5.08516012414,0.0,-72.1976269586,0.0373461688056,5.04033466093,5.04003368771,84,91.5337047674,-437.199530797,0.10309156724,-30.1886627549,5.08433945133,-30.1886627549,-5.10179348808,-30.1886627549
45.5301356513,15.3281171614,0.210912465309,79.9787825705,29.8341191927,5.07088453302,0.0,0.633311804791,0.0299197981546,5.030670341,5.03012753801,85,91.9031482571,-71.2503736864,0.0964981720497,65.4528291786,5.07022715978,65.4528291786,-5.09254320582,65.4528291786
45.76397194,15.051079153,0.190742086859,105.83371854,42.2061775183,5.09758520762,0.0,-11.476113688,0.0298402142861,5.05892416761,5.05798522379,86,92.2635942571,-113.354688558,0.097277695662,-5.98682164431,5.09666164737,-5.98682164431,-5.1208588922,-5.98682164431
46.025042314,12.8217698088,0.243135782552,81.0138858906,88.1506750727,5.1272908939,0.0,-36.4356633877,0.032954417352,5.08980616525,5.08911127226,87,92.5940534833,-375.074018471,0.100620938722,60.6727739521,5.12630237181,60.6727739521,-5.15214551038,60.6727739521
46.2373073432,13.0726407262,0.235416124206,95.5898342251,73.5168801419,5.13002620377,0.0,-11.8242567463,0.0312069280419,5.09180033074,5.0913908915,88,92.8252650665,-181.250644839,0.100865358689,75.9675224737,5.1295959999,75.9675224737,-5.15415437522,75.9675224737
46.5252661373,8.25658710033,0.318202519718,163.328542897,116.091515095,5.18377213347,0.0,-63.2429953135,0.0334547102104,5.14902488087,5.14827655187,89,93.0482901572,-353.911076224,0.0997649948145,123.580501119,5.18298945791,123.580501119,-5.2097460883,123.580501119
46.7585963701,-41.7163319706,0.26399151535,33.4977974218,148.408726709,5.21874698539,68.4498798596,-218.09371,0.0399997729756,5.18675156356,5.18557561108,90,93.2691966291,-520.04656283,0.103187736973,122.0668327,5.21765111577,53.6169528402,-5.24039969257,-14.8329270193
46.9422707331,6.1280737547,0.228624843091,62.5037083594,71.3398120922,5.26358419336,0.0,-74.9065815205,0.0599926179249,5.22677190105,5.22580043078,91,93.4573713264,-194.4190743,0.11179622495,7.77687819968,5.26189655806,7.77687819968,-5.28108249572,7.77687819968
47.1751282806,-35.6600658639,0.309539749776,63.0490974347,85.3459001572,5.31789580508,0.0,-148.517674845,0.0453659400001,5.27777479341,5.27735198729,92,93.7354548579,-417.918559775,0.106740762688,30.7098806981,5.31708667683,30.7098806981,-5.33751671796,30.7098806981
47.4049489974,-52.125896042,0.309432688696,49.0722020611,147.954060328,5.28609517552,0.0,-231.479789035,0.0325091391351,5.24541971188,5.24565252293,93,94.0576293767,-503.412404422,0.101239946357,-191.368022955,5.28536714717,-191.368022955,-5.3045565767,-191.368022955
47.6818733043,-21.391369435,0.231969241619,48.2734341451,131.621360864,5.3057193794,0.0,-125.019614806,0.0431227563715,5.25190184819,5.25282538335,94,94.3442590364,-440.76328408,0.107256649194,-6.90255266491,5.3047950801,-6.90255266491,-5.31389568673,-6.90255266491
48.0292732189,-20.8292799041,0.222616030655,84.1327681202,126.13122662,5.29389627491,0.0,-110.950268411,0.0492964860434,5.23808820109,5.23903376678,95,94.6087038886,-531.896685003,0.107058660297,-174.655957502,5.2921495986,-174.655957502,-5.30124124851,-174.655957502
48.3225639284,-5.2091009394,0.227458780173,41.9665149881,89.4565823671,5.28064875565,0.0,-56.2752469407,0.0893915937181,5.21032818757,5.21316760554,96,94.8255244743,-230.079784781,0.109867110395,-2.71543469922,5.27621693222,-2.71543469922,-5.27074440297,-2.71543469922
48.5910837612,-26.3606439406,0.278184389868,-7.23045651734,58.0053219215,5.30492165368,0.0,-124.974430416,0.0883651392507,5.23835547948,5.2402269868,97,95.1218740055,-343.429105592,0.113125285069,37.1733829826,5.30005425079,37.1733829826,-5.29411065642,37.1733829826
48.7879555837,-42.1667248833,0.27426903395,7.68844411633,93.686955788,5.34354037962,0.0,-145.161850052,0.091957802895,5.27065795685,5.27281239234,98,95.435724157,-438.865153417,0.112340832725,80.4977818,5.33861403196,80.4977818,-5.32570815538,80.4977818
48.9624700597,-4.32807908831,0.243283853405,150.255934741,71.9785590595,5.38813502111,159.979494589,-46.1184078388,0.114940501287,5.31434520776,5.3158671567,99,95.8636785293,-333.742838286,0.12174816544,-101.064224193,5.38095637949,-261.043718782,-5.37188559573,-421.023213371
49.0989029545,-1.0636465514,0.311361504118,123.446282603,56.7014857418,5.4388406163,0.0,-13.6909746657,0.127642376692,5.3505038216,5.35349637417,100,96.2252592895,-140.032035541,0.115871080932,-37.6204099254,5.43043034163,-37.6204099254,-5.41274435035,-37.6204099254
49.2389818421,1.71125139713,0.277498539772,160.373885271,73.1544202674,5.40219424324,0.0,-15.6471909162,0.148639705087,5.34206927815,5.34527238336,101,96.5900707664,-163.991541554,0.124457390985,25.1430464217,5.39198726911,25.1430464217,-5.39881052559,25.1430464217
49.3954679866,-24.1526919729,0.344928154104,211.335843116,177.87344172,5.4064047494,0.0,-120.315672127,0.152137369356,5.34417656288,5.34795113824,102,96.9730095634,-457.719794864,0.128015656318,168.867047036,5.39633811512,168.867047036,-5.40844693664,168.867047036
49.6079139987,11.1196172225,0.285946779827,183.070085628,46.8334241577,5.45226204206,0.0,18.0372847147,0.153695716504,5.38211533843,5.38528802003,103,97.3654814481,-101.232878705,0.129767297233,-75.9872546717,5.44140111749,-75.9872546717,-5.44950948951,-75.9872546717
49.7949784077,-34.5593594825,0.335263369776,51.8993091854,152.309746289,5.47639021412,79.4047062632,-147.704096306,0.159706071955,5.3997281764,5.40354548444,104,98.0215752102,-454.4224408,0.135394853133,45.6073783108,5.46391552893,-33.7973279524,-5.46811367279,-113.202034216
49.9471792107,-9.61734428315,0.439853517416,207.96111072,84.2352041812,5.47915151369,0.0,-30.5101066187,0.184799271691,5.38053189653,5.38685731995,105,98.5854700448,-260.109209209,0.142192617931,-102.309931388,5.4659635604,-102.309931388,-5.45572891558,-102.309931388
50.1328991542,-20.6934670672,0.389120003207,64.6605377355,150.861791837,5.42641186993,49.9658726152,-133.51438488,0.142113455279,5.31470960046,5.31915841545,106,98.9095783339,-541.664377143,0.135880228625,-10.6247985608,5.41590778337,-60.590671176,-5.39205035384,-110.556543791
50.3456657065,-4.98570966095,0.497697667249,197.540774242,118.456435329,5.42879957124,69.2952165809,-26.7518470073,0.176658798157,5.30677229461,5.31191762799,107,99.3328613307,-338.640184248,0.153662479184,-161.246180564,5.41790285878,-230.541397145,-5.3910986796,-299.836613726
50.5307750123,3.11802215043,0.358922975733,84.3301849662,63.4529076802,5.47717837921,46.0254108774,-38.2447662225,0.175662633949,5.31117361039,5.31605295102,108,99.7487637732,-224.700855406,0.155596353025,-131.143292709,5.46643517168,-177.168703586,-5.4003652703,-223.194114464
50.7074619885,6.64656649689,0.403521877463,95.8589812448,39.1190683752,5.59688970663,0.0,-13.8566955557,0.173898341863,5.39515074929,5.4010070837,109,100.107956289,-107.731941263,0.156604255772,49.0096042021,5.58426793279,49.0096042021,-5.4831902076,49.0096042021
50.9041411845,-7.30538296964,0.430008035325,256.020738647,81.1394147309,5.69281924489,0.0,-27.3512335598,0.162320434684,5.48720393464,5.49230388465,110,100.548622202,-254.486569801,0.156150248448,130.383322373,5.6777677095,130.383322373,-5.57227795021,130.383322373
51.1549330334,-15.5555235463,0.436756734031,143.161670174,88.8056803793,5.7566445097,0.0,-34.6388728758,0.161793890914,5.55727733987,5.56340677787,111,101.05864365,-334.303502423,0.155140263244,-68.7951997961,5.73950774839,-68.7951997961,-5.64736493954,-68.7951997961
51.3405435171,-42.3227501186,0.571962340577,56.7904405502,77.9092009443,5.83578665754,0.0,-75.8902112145,0.12771658642,5.62846382021,5.6329656383,112,101.478549469,-250.991987065,0.148900973536,54.4312387867,5.82098052681,54.4312387867,-5.71234950585,54.4312387867
51.5689568243,-9.40390731919,0.545934553209,232.506246025,69.7163425257,5.92066127619,0.0,-26.1954882877,0.109544101836,5.68748815918,5.69149794838,113,101.934122011,-223.823974003,0.147110030759,53.3418183742,5.90922588442,53.3418183742,-5.76874314181,53.3418183742
51.8317439269,5.06685850377,0.357203616046,107.846673475,47.0230617036,6.0118170047,115.503715417,-3.53978288716,0.157042169106,5.74762213551,5.75243694977,114,102.392153621,-114.655571542,0.154032586402,-68.6955731943,5.99749818811,-184.199288612,-5.82454707291,-299.703004029
52.061134707,0.717891410804,0.411611528379,71.2571904376,76.5767509912,6.06700039058,0.0,-32.2926366415,0.196116649114,5.76545262792,5.77132322536,115,102.889246267,-260.250764237,0.167121048845,-368.85063496,6.0490993726,-368.85063496,-5.85347245571,-368.85063496
52.2584689374,-11.0519579608,0.378558941281,65.0206045933,92.6537517591,6.20239667304,0.0,-73.0982038921,0.15817804611,5.86706925271,5.86942288394,116,103.534465067,-309.227321818,0.161390241711,36.9875588306,6.18772747328,36.9875588306,-5.95581768244,36.9875588306
52.4355428237,-50.7263716507,0.479604263172,32.5170247472,178.367227776,6.3264905299,55.6400039023,-221.141074904,0.166218377864,5.90391535691,5.9064739344,117,104.190846299,-598.021499736,0.169870628313,-144.733731793,6.30985924666,-200.373735695,-5.98975909682,-256.013739598
52.637642513,-43.486231919,0.412973349199,47.0212838468,160.74746766,6.38880411139,103.253386253,-158.641060566,0.138041572881,5.8894621969,5.89413311098,118,104.849980234,-423.867333066,0.163887481257,-39.7702517638,6.37355198431,-143.023638017,-5.97605424002,-246.277024269
52.7982836335,-59.7094350397,0.462672437703,58.7842277406,153.073807693,6.43908976759,0.967629408211,-184.62311408,0.160941761723,5.83453732065,5.84080940129,119,105.329415412,-425.256789294,0.169127384156,-340.306296717,6.42261218653,-341.273926125,-5.92125844882,-342.241555534
52.9665648539,-28.5619388699,0.467146299467,70.6826566944,120.817190603,6.51555769581,0.0,-128.665874132,0.134353328376,5.80116045317,5.80739849818,120,105.989461714,-395.818269418,0.162715894566,-118.747559296,6.50018444067,-118.747559296,-5.89546849272,-118.747559296
53.1195177912,-8.99242931868,0.470131631391,23.959267483,51.1920119481,6.62409170607,0.0,-47.0164069464,0.152735000536,5.86530140653,5.87176098166,121,106.556765736,-214.207362552,0.174507364439,-47.2153144492,6.60760633301,-47.2153144492,-5.96388813253,-47.2153144492
53.3294679152,-0.486085929916,0.427279019754,49.4143335178,42.3312114689,6.62182942708,0.0,-19.7078050858,0.166598312272,5.83031011246,5.83575278576,122,107.135233686,-122.519112447,0.195359148273,-195.076008391,6.60684537821,-195.076008391,-5.9418124441,-195.076008391
53.5181925312,-70.9460363748,0.512595267086,28.3968615029,189.547670612,6.69643461617,0.0,-152.332825891,0.156556587815,5.87616610897,5.88299975115,123,107.672168378,-514.556838745,0.191644711766,-178.59026042,6.68276002614,-178.59026042,-5.99829005951,-178.59026042
53.6995864738,-77.8049610589,0.497122205514,50.0400574003,254.497580403,6.66075555728,0.0,-181.012826684,0.16651397675,5.83930156805,5.84739555287,124,108.323776611,-637.146954075,0.197908934988,-546.321468766,6.64548036605,-546.321468766,-5.96600105132,-546.321468766
53.8640096122,-12.3242547998,0.539358140265,43.2608259634,62.1645411036,6.6724756441,180.12318616,-44.7989903219,0.134496550241,5.94050848682,5.9481463771,125,108.968913492,-249.066535534,0.189684633984,-41.8641318806,6.65972610591,-221.98731804,-6.0542307185,-402.1105042
54.0391183507,-6.34599146485,0.49189139628,38.467021332,92.0363305433,6.60361777145,0.0,-60.637911834,0.142777452542,5.78610323911,5.79435207455,126,109.568045572,-392.874338893,0.197885410556,-30.6544923096,6.59085622012,-30.6544923096,-5.89613973452,-30.6544923096
54.1778211611,-29.9576383358,0.469337912666,70.7411184348,230.722878601,6.57837085636,0.0,-252.889055064,0.169494459386,5.71839073638,5.72605644928,127,110.269334128,-675.671831874,0.215507976617,-190.112341298,6.56472265748,-190.112341298,-5.82668653746,-190.112341298
54.3019830711,-23.9763344298,0.516064790058,39.248816854,246.851339463,6.51462753054,7.86782884654,-229.195072803,0.206297656076,5.54346195596,5.5497801545,128,110.826519487,-732.71059181,0.225475782191,-41.0221844346,6.49776694991,-48.8900132812,-5.65727176053,-56.7578421277
54.4138443332,-59.6797969494,0.527525369987,-6.87088429526,182.688317829,6.49602939306,0.0,-277.789212725,0.224428572154,5.39356264868,5.40019166985,129,111.437610049,-559.209898807,0.238104002676,-184.214457701,6.47770940409,-184.214457701,-5.5304579638,-184.214457701
54.6310582471,-22.52648572,0.541360553965,24.0986229572,169.628831223,6.54242112098,20.4634001947,-159.683267757,0.258383845239,5.35421000176,5.35971446892,130,112.009723052,-666.556979959,0.247907664139,-73.5239475301,6.52401404858,-93.9873477248,-5.50788654672,-114.45074792
54.8030182616,9.4945456997,0.436185690664,80.2950258334,66.8594033011,6.5830242001,0.0,9.08909636959,0.259915498416,5.40824226739,5.41447403074,131,112.564329369,-307.777852639,0.243056360638,-29.5470302813,6.56120053823,-29.5470302813,-5.57404753372,-29.5470302813
54.9634052636,28.523782346,0.306122982793,118.496511904,63.6113191282,6.59263427445,0.0,51.9574946702,0.199892953423,5.53009065846,5.53472650696,132,113.072007415,-199.976339118,0.235575123068,33.0759926078,6.57582292859,33.0759926078,-5.70611977559,33.0759926078
55.133169123,22.0974014918,0.292197856955,95.7849045197,30.0738876476,6.59445842976,0.0,54.0171400728,0.189581993735,5.50450717392,5.50917671861,133,113.522781972,-57.163968914,0.233410040315,-164.575013481,6.57659856779,-164.575013481,-5.68911667787,-164.575013481
55.2898939404,21.2873525891,0.307485630552,99.8940063713,27.0770034092,6.61172272167,0.0,51.4148824973,0.250423730916,5.6010535301,5.60613646282,134,113.99892685,-26.1828224472,0.246872913216,80.0841520798,6.58795675644,80.0841520798,-5.7908183428,80.0841520798
55.4269042441,18.5759841614,0.284812427525,78.6591951225,26.3965254943,6.72031032834,0.0,37.4884746582,0.271095903223,5.78413779031,5.78710413958,135,114.506843252,-40.8790823618,0.254695994045,-65.173011674,6.69803174071,-65.173011674,-5.96196358356,-65.173011674
55.6126726964,-2.09010966468,0.417392022595,98.1592557274,192.401410982,6.77383563195,0.0,-96.2402817548,0.264706995305,5.94257127264,5.94257319858,136,114.871154437,-619.094604554,0.2457786843,64.9302003982,6.75586977491,64.9302003982,-6.11724084188,64.9302003982
55.8233941941,-24.0937029389,0.448351193108,90.0870536213,234.348934525,6.78017409174,0.0,-180.663391958,0.241521108196,5.98551760368,5.98677144212,137,115.326915117,-586.116600291,0.244315689531,-96.2595205002,6.763464629,-96.2595205002,-6.1706590603,-96.2595205002
55.9935905539,-0.707949190466,0.438114172304,83.3179104939,217.517478717,7.00840682682,0.0,-120.815477874,0.280194168218,6.17014895275,6.17163620651,138,115.743983833,-593.612121745,0.257572127747,-252.946070039,6.98945040148,-252.946070039,-6.32735428524,-252.946070039
56.1341972995,-4.807628679,0.43815329228,92.0815038194,137.157280116,7.21393281509,0.0,-65.0615335036,0.277400682909,6.26015920164,6.26217424696,139,116.228287778,-421.604760127,0.245525617093,-187.708128073,7.19441084383,-187.708128073,-6.41016343146,-187.708128073
56.2525860089,5.09280385089,0.451070043112,186.090035096,96.6463870343,7.34036440293,223.396642683,4.2986481932,0.339828192556,6.33051306779,6.33112635781,140,116.902777317,-329.1085972,0.256195309874,-62.8949627542,7.32130762154,-286.291605437,-6.47453865273,-509.68824812
56.3861152536,-6.43829100432,0.415712316296,132.498871121,117.468974365,7.41493070809,0.0,-60.3887720371,0.34983461028,6.386629153,6.38746730018,141,117.433783317,-314.781907932,0.256586227184,-342.010624057,7.39382916736,-342.010624057,-6.53124872643,-342.010624057
56.5217818729,7.70271642956,0.505797202589,83.8474549998,140.508693069,7.4743911659,0.0,-47.2742102196,0.296729321193,6.3630398475,6.36566977176,142,117.92987289,-548.258946282,0.250662303788,-250.953602692,7.45491516339,-250.953602692,-6.49808388509,-250.953602692
56.5997623857,-10.3268373353,0.520121670122,130.776441136,207.137545864,7.58493169257,2.86664530935,-87.7295872648,0.3252815827,6.46158451844,6.46055415135,143,118.444143884,-845.610754339,0.256276226853,-122.525435502,7.56709638972,-125.392080811,-6.59111477959,-128.25872612
56.6730507802,-21.981868333,0.455432394757,131.204600402,191.5448298,7.64162222814,0.0,-103.627955576,0.361776602771,6.48172787859,6.48054248748,144,118.784765058,-744.133667514,0.258099918842,114.455457732,7.62122462236,114.455457732,-6.61244425806,114.455457732
56.8278124715,-53.697341216,0.442034414452,104.552096301,321.395313112,7.65704079954,0.705829208439,-202.948875463,0.278667029279,6.46435246291,6.4653668718,145,119.117476342,-717.24692831,0.252571673205,-138.465379674,7.63948937536,-139.171208882,-6.58775399606,-139.877038091
56.9776026494,-7.79999256007,0.416085515271,70.1717939105,224.988617035,7.70857210568,0.0,-105.29768083,0.32501262631,6.45059007047,6.45044456158,146,119.498274533,-855.882140775,0.262323762283,-322.41420144,7.68905196152,-322.41420144,-6.57265441885,-322.41420144
57.0936079016,-4.99954086129,0.372518941213,193.094195731,246.658443798,7.62897521689,0.0,-66.3661823184,0.324504700474,6.29637756703,6.29868036614,147,119.808796538,-726.706733265,0.267732488236,-649.185149282,7.60824276969,-649.185149282,-6.43372426677,-649.185149282
57.2043325482,1.75073086656,0.436032319753,185.870416843,273.791524461,7.69126792435,0.0,-50.7402770207,0.320819773579,6.28968004567,6.29207158039,148,120.128816598,-818.858683384,0.265854798673,-12.1163292016,7.67215380667,-12.1163292016,-6.43329601732,-12.1163292016
57.3410694198,-24.5434561281,0.461282758124,86.1166675759,350.576305478,7.63861405172,359.169336163,-216.303337743,0.294720259654,6.13095430403,6.13615264759,149,120.503778709,-953.190022636,0.265143031976,78.0612496433,7.61799553948,-281.108086519,-6.28103508013,-640.277422682
57.4895266134,-25.061783952,0.461629444508,191.303875987,314.342114436,7.73428069802,0.0,-203.488828541,0.3007822354,6.13861472997,6.14383832293,150,120.874689364,-903.534240821,0.269255345812,1.79164593141,7.71307652341,1.79164593141,-6.28109793043,1.79164593141
57.6435905473,-16.7373699407,0.38547027917,90.6102174828,155.23068082,7.72832954184,0.0,-60.3512734853,0.367095232878,6.02833934128,6.03346421156,151,121.330097875,-464.639564893,0.278228364763,-395.813999715,7.70367022896,-395.813999715,-6.16208796203,-395.813999715
57.8137004103,2.71115853878,0.355310650139,77.3839024783,308.82156261,7.73480837507,76.1919116236,-128.259310678,0.349699313607,5.92945610481,5.93353994056,152,121.768097001,-792.268468714,0.280848655555,-13.1893056525,7.71178505303,-89.3812172762,-6.05760318652,-165.5731289
57.9197055941,-60.8608198541,0.517438764973,33.9252963946,285.676235573,7.76156359779,0.0,-585.009161118,0.370365840788,5.85873100466,5.86509741317,153,122.249000803,-1206.39920845,0.282488155219,-566.026958423,7.7346474733,-566.026958423,-5.99739448827,-566.026958423
57.9868210706,-100.092514801,0.564094434751,43.7405025496,233.698634924,7.82099748701,0.0,-513.179731924,0.390034629332,5.7058887673,5.71379875125,154,122.596422611,-865.391542261,0.288389574303,-656.308444778,7.79167478071,-656.308444778,-5.85759916436,-656.308444778
58.0977107563,-97.6858377004,0.53097967347,96.2819208246,312.895264753,7.79762069879,0.0,-558.942682006,0.353671121479,5.44802254033,5.45961086483,155,122.928044097,-1042.35569632,0.287942844506,-398.659495606,7.76748184847,-398.659495606,-5.60553314882,-398.659495606
58.2350358479,-131.245283749,0.558163266287,53.6466760559,244.819465386,7.89110978994,0.206589763906,-596.439450274,0.403575553693,5.26484851257,5.27829133242,156,123.223506977,-1012.88760611,0.298918268642,-591.949804326,7.85626255144,-592.15639409,-5.43206021789,-592.362983853
58.3651336241,-85.1008944683,0.555632136827,105.011775007,252.945264527,8.06405573816,0.0,-555.693373126,0.401821176588,5.21097527308,5.22365988907,157,123.576600707,-1037.8638655,0.296449552334,-674.622278033,8.03195294599,-674.622278033,-5.37968445389,-674.622278033
58.5002992705,-177.966169958,0.617640637992,27.5461999155,193.879191885,8.32011368993,232.389588068,-587.053700266,0.43573812444,5.35069602269,5.36449676892,158,123.82379116,-848.122299072,0.306461754123,-39.028404266,8.2850404874,-271.417992334,-5.52132377826,-503.807580402
58.6150623026,-118.41365174,0.539689116069,55.5129259217,297.000133709,8.4645987437,0.0,-334.943660129,0.478518681045,5.50641443624,5.51980827707,159,124.199961462,-831.129209064,0.308840910769,-105.171889369,8.42904598387,-105.171889369,-5.6821965075,-105.171889369
58.7268443918,-177.546809837,0.539937841868,57.9478516231,298.517162324,8.55235324516,0.0,-405.338409527,0.537985333844,5.23688380718,5.24971384755,160,124.532687954,-805.603011486,0.323762905989,-602.827563162,8.51720359652,-602.827563162,-5.40707803966,-602.827563162
58.7980642168,-117.020137361,0.510829684094,195.728196582,295.368841699,8.78161648234,322.930310239,-390.803109867,0.582935538615,5.00398606179,5.01658031373,161,124.855693686,-846.059646468,0.318540424537,-85.8442896646,8.74635710469,-408.774599904,-5.17155866475,-731.704910143
58.8003193717,-50.820779432,0.482948058517,173.943902991,282.343124303,9.00481103383,0.0,-299.771454165,0.652421993033,5.1794562706,5.19528467072,162,125.236225899,-803.670126249,0.333264358929,90.1251530518,8.96758024974,90.1251530518,-5.34760950586,90.1251530518
58.813189617,-57.1786431818,0.449439773642,196.027293413,313.164655703,9.1311937605,0.0,-421.5078338,0.663299661215,5.35443250789,5.36893229396,163,125.544949213,-835.884763156,0.332924547306,-465.169941602,9.09373472654,-465.169941602,-5.52234637649,-465.169941602
58.9282092197,-65.7568412127,0.437874304253,206.744582621,286.470867555,9.11464521875,274.378720735,-247.383513954,0.675426241016,5.33176044537,5.34410446436,164,125.833147121,-721.173448498,0.322356082094,-67.2956489937,9.07950641037,-341.674369728,-5.50397404105,-616.053090463
59.0716217048,-112.45995937,0.449123857927,1.54504199993,287.437268931,9.27389392834,0.0,-364.036783984,0.635314080016,4.97437539084,4.99157809242,165,126.198753787,-837.873519881,0.330708444363,-910.150335362,9.23630899527,-910.150335362,-5.16921450227,-910.150335362
59.2465941787,-117.312935754,0.447032344065,96.1872495951,292.734852776,9.49682482867,337.980143471,-319.131914707,0.632905139071,5.09244119572,5.10960209773,166,126.513790234,-791.546638898,0.347897332259,-80.6485322508,9.46008256193,-418.628675722,-5.29552717929,-756.608819194
59.3884986139,-125.421222622,0.466771985408,171.36958713,328.401475764,9.7068124928,274.907536847,-280.024681546,0.874387607075,5.30490377686,5.32026442782,167,126.970474624,-759.420467072,0.399019916257,-37.8116077862,9.66540846256,-312.719144633,-5.52609865369,-587.626681481
59.5567413883,-159.30903973,0.484124526743,88.5324018117,375.198434525,9.77728789571,245.969789549,-399.340495497,0.8773038378,5.53415069794,5.54859956087,168,127.434219357,-863.054736076,0.413592289523,-55.3989115122,9.73291759388,-301.368701062,-5.78798200094,-547.338490611
59.7351059983,-152.8091865,0.485235303996,3.18589586329,306.340858735,9.89710939508,0.0,-371.866426668,0.812428517807,5.5771102693,5.59081730945,169,127.880928511,-1088.43389447,0.396175337696,11.1069169986,9.85598502223,11.1069169986,-5.80749688769,11.1069169986
59.8752013787,-108.075290654,0.531187961634,-0.16296855823,379.321111863,9.80508377942,52.5706359102,-370.727907053,0.714583534471,5.41574291836,5.42997996306,170,128.483579267,-2089.34837966,0.40213731081,-209.12758869,9.76304488867,-261.6982246,-5.62131601128,-314.26886051
59.9511514519,-125.404682879,0.516251441078,68.3296364178,438.517288528,9.68777475143,0.0,-469.423889424,0.689293869194,5.52036140784,5.53018456967,171,129.056824251,-2566.67441123,0.390321963298,78.9535977036,9.65276107821,78.9535977036,-5.70615400194,78.9535977036
60.038679979,-133.03228287,0.464203116308,-37.7713810911,278.922673324,9.6504010749,258.640430856,-419.743811611,0.784605374903,5.78697024646,5.79461431951,172,129.448809808,-1470.39906293,0.410472969838,-52.2055882377,9.61432584166,-310.846019093,-5.97262202649,-569.486449949
60.0130326562,-161.087157287,0.567785720237,144.368726347,288.906050215,9.64843727633,0.0,-438.649523839,0.636075242235,6.09199116561,6.10160460077,173,130.01643901,-741.95608186,0.390311826715,-60.8354094693,9.61145676834,-60.8354094693,-6.28333266052,-60.8354094693
