AverageQ,AverageAction,AverageDiscountedReturn,QFunRegParamNorm,AverageAbsQ,AverageQLoss,AverageAbsQYDiff,Epoch,AverageAbsY,AveragePolicySurr,MinReturn,AverageY,MaxReturn,StdReturn,PolicyRegParamNorm,AverageReturn
-0.0237068101961,0.00051379831055,-0.00488727057038,11.4840828941,0.0237110571997,0.000100574145875,0.00552384163102,0,0.0236129352826,0.00782836988833,-0.0156246097078,-0.0236129352826,-0.0153600436605,7.29884944858e-05,11.6194497036,-0.0154139493165
-0.0296587739174,1.33812980956e-05,-5.50874968133,4.80562477854e-05,-0.00045695750301,11.4875183959,0.029660882944,2.32396222327e-06,0.000907026961781,1,0.0296482178941,0.00635865270176,-0.00147970405326,-0.00144168743356,-5.50874968133,-0.00143217563806,-5.50874968133,11.6246182279,0.0,-0.0296482178941
-0.0286609579375,1.89445014597e-05,-8.41833979662,0.000123929067589,-0.00117340084012,11.5002937929,0.028661245782,1.07957285033e-06,0.000625779745774,2,0.0286614018514,0.00602214611854,-0.00376026167788,-0.00371787202766,-8.41833979662,-0.00369978348316,-8.41833979662,11.6541062921,0.0,-0.0286614018514
-0.0272938893891,3.6221615763e-05,-5.76289010941,6.73407342917e-05,-0.000637283417156,11.5223600198,0.0272965842401,6.38908397702e-07,0.000460333947254,3,0.027291493795,0.00466216868328,-0.0021069608421,-0.00202022202875,-5.76289010941,-0.00198811232762,-5.76289010941,11.6451236045,0.0,-0.0272899279645
-0.0261688159908,5.34849098397e-05,-7.45501727281,0.000122243157965,-0.00116701755353,11.5392485754,0.0261816678697,5.6386957563e-07,0.000482890586587,4,0.0261799961517,0.00351938538749,-0.00377205786514,-0.00366729473894,-7.45501727281,-0.00360584922056,-7.45501727281,11.6636287677,0.0,-0.0261691211095
-0.0258078647557,2.38612197594e-05,-6.59653456125,0.000469991678867,-0.00449340410113,11.5468330429,0.0258304404943,3.5742632659e-07,0.00037189756421,5,0.025825707825,0.00251201181008,-0.0141314072146,-0.014099750366,-6.59653456125,-0.0140674760365,-6.59653456125,11.7292496863,0.0,-0.0258040643524
-0.0255559678311,0.000141388533005,-8.9179501483,0.000325872788265,-0.0031341979142,11.5748639913,0.0255896096887,3.77854666737e-07,0.000416975310749,6,0.0255890249882,0.00175265195811,-0.0101068564933,-0.00977618364795,-8.9179501483,-0.00965314251934,-8.9179501483,11.8151215834,0.0,-0.0255577562326
-0.0257295066591,0.000284301984389,-7.07252859423,0.000371039529147,-0.00360828543916,11.5792258753,0.0257704120441,2.53870438304e-07,0.000342541442098,7,0.0257687958664,0.00132082643944,-0.01189764301,-0.0111311858744,-7.07252859423,-0.0108652236217,-7.07252859423,11.8943417233,0.0,-0.0257297673945
-0.0257515388616,0.000350194366517,-9.85798332619,0.000167407811605,-0.00165333845339,11.6005436306,0.0258070009555,3.40069436825e-07,0.000394683311991,8,0.0258056743132,0.00103941422552,-0.00587101608851,-0.00502223434815,-9.85798332619,-0.00461431681217,-9.85798332619,11.9534902993,0.0,-0.0257532571951
-0.0270840131489,0.000455271251353,-9.0424025262,0.000487320821176,-0.00470948458315,11.6139603765,0.0271457595018,2.99910035704e-07,0.000366834859545,9,0.0271427676551,0.000879717226661,-0.0158759084834,-0.0146196246353,91.6502468895,-0.0141791373357,41.3039221816,12.0072232295,50.3463247078,-0.0270826533846
-0.0185045242411,1.93578489267e-05,-7.96598665281,4.23368341881e-05,-0.000408538347891,12.2669472523,0.0282099049617,3.62112776429,0.0442106544633,10,0.0612224104509,-0.00771937769328,-0.00131038837588,-0.00127010502564,-7.96598665281,-0.00124808800693,-7.96598665281,12.0835053141,0.0,0.0144086156757
0.0178060146297,0.00021482271821,91.5638505709,0.000739060304047,-0.00702514031558,14.1561572432,0.0491274500448,4.56214859513,0.078518329485,11,0.0747705217368,-0.0448010373092,-0.0228259386307,-0.0221718091214,91.5638505709,-0.0219338971827,91.5638505709,12.3874997506,0.0,0.0452648146746
0.0289595654437,0.000190409427692,-9.32741564496,0.00110118837859,-0.0104489606515,16.2229878492,0.0955286269118,4.69176697111,0.11260534478,12,0.103572351652,-0.0600498834598,-0.0335805909435,-0.0330356513578,-9.32741564496,-0.0328800570471,-9.32741564496,12.4579521216,0.0,0.0436273485136
-0.0372558477387,0.00113205053014,-12.2620533399,0.0069595531681,-0.0656690112268,18.0930280637,0.163107202417,4.18348526605,0.116234377114,13,0.179008405092,0.00365087035238,-0.211500319011,-0.208786595043,-12.2620533399,-0.207617706467,-12.2620533399,12.5628375541,0.0,-0.0191814642992
-0.114163450547,0.000839128224844,-7.88565272364,6.38404385802e-05,-0.000676753143368,18.9797070973,0.23826604264,2.35274151451,0.0791415996234,14,0.246810326557,0.0765648863659,-0.00376260325991,-0.00191521315741,-7.88565272364,-0.0010422695947,-7.88565272364,12.7299760301,0.0,-0.110027452023
-0.149308413082,0.0015424477416,90.9225465787,0.00095387716361,-0.00877911337775,20.0157600996,0.303651865607,3.05321078788,0.0882145470155,15,0.322941013751,0.110834182447,-0.0316735999967,-0.0286163149083,90.9225465787,-0.0268543463181,90.9225465787,12.889394762,0.0,-0.133377349538
-0.155638156191,0.00106776567511,-9.10696299805,0.00548397665385,-0.0522563383123,21.461553779,0.379824258429,2.75332157495,0.100089380147,16,0.385922630258,0.119625302643,-0.167068236114,-0.164519299616,-9.10696299805,-0.163321921905,-9.10696299805,13.0273348498,0.0,-0.146142059156
-0.16757256164,0.00110622762104,-7.08981169912,0.0201545253314,-0.19211552242,22.8464064717,0.409707971475,2.68234187992,0.0934885355718,17,0.423104923934,0.127119735201,-0.606649073023,-0.604635759941,-7.08981169912,-0.602998954508,-7.08981169912,13.1770457699,0.0,-0.155348892956
-0.138012091418,0.000877792406165,-8.32387836035,0.0160152976385,-0.152787088531,24.4136273026,0.463702725247,2.99601814471,0.104113373016,18,0.477760972183,0.0983176500991,-0.482127216348,-0.480458929155,-8.32387836035,-0.479308070257,-8.32387836035,13.294992521,0.0,-0.12334581428
-0.184998489915,0.000987771570453,-9.62438002498,0.00224095002673,-0.0215264882027,25.5078182064,0.440896021201,1.58138096841,0.0708060026652,19,0.445483838325,0.149504907032,-0.0703198595004,-0.0672285008018,-9.62438002498,-0.0662673300046,-9.62438002498,13.3866118348,0.0,-0.179568639219
-0.14926980167,0.000932926662875,90.2105278411,0.000486323024875,-0.00454792444324,26.6537229458,0.494891947462,1.69980569191,0.0822276636196,20,0.505883132021,0.113802559603,-0.0165609027719,-0.0145896907462,90.2105278411,-0.0136419332798,90.2105278411,13.5222670873,0.0,-0.139125037655
-0.087035182432,0.000774508572324,-6.94661065048,0.00307337101474,-0.0294887301705,28.3244913606,0.569453439711,1.68714966594,0.0957399428176,21,0.574675403521,0.0514985783939,-0.0939048148037,-0.0922011304423,-6.94661065048,-0.091461557788,-6.94661065048,13.6379096518,0.0,-0.0791500819832
-0.143545417444,0.00135120532532,-9.11677726162,0.00971147074632,-0.0921927813604,28.7511285539,0.516919969502,0.781537409861,0.0645899237749,22,0.523609251741,0.108201413409,-0.294124746447,-0.29134412239,-9.11677726162,-0.289634399773,-9.11677726162,13.7489515383,0.0,-0.13701275963
-0.065163101264,0.000541675392744,-7.17406873189,7.36252615394e-05,-0.000780849703283,29.7163481321,0.591705672725,0.823665141892,0.0717065917271,23,0.595635553304,0.0258686563582,-0.00354852814708,-0.00220875784618,-7.17406873189,-0.00157140496235,-7.17406873189,13.8748914851,0.0,-0.0595984865592
-0.0461742029448,0.000813522426712,-8.86248790005,0.00831077969193,-0.0779707069994,30.137159364,0.604981408702,0.384426873424,0.0557500188575,24,0.604767179134,0.0100159698599,-0.250972600516,-0.249323390758,-8.86248790005,-0.248348348483,-8.86248790005,13.9937328386,0.0,-0.0468304640505
-0.0145717980959,0.00213664349873,-9.64239825063,0.0230471385947,-0.218575216479,30.7811400961,0.62941304966,0.377601958906,0.0508405801154,25,0.631549934001,-0.0249464506809,-0.69717539732,-0.69141415784,-9.64239825063,-0.687922669368,-9.64239825063,14.1175441985,0.0,-0.00999342931012
-0.0503301749696,0.000436902688729,-12.8475296571,0.000685327410887,-0.00658854526256,30.926817742,0.588680034756,0.135750507914,0.040705252172,26,0.588644601046,0.0104394202049,-0.0219383233088,-0.0205598223266,-12.8475296571,-0.0201830233472,-12.8475296571,14.2398318317,0.0,-0.0499375543703
-0.0945292980553,8.89441558786e-05,-8.6291492649,0.00961548107193,-0.0917226882253,30.8423055987,0.541784951612,0.0409512669394,0.0283525357034,27,0.540490453405,0.0585193940046,-0.288642480769,-0.288464432158,-8.6291492649,-0.288297188113,-8.6291492649,14.3856657002,0.0,-0.0937107314409
-0.124654309881,0.00122275777745,-9.48140857355,0.0196743921713,-0.186748378609,30.7904886175,0.508869538193,0.0182355448624,0.0218450164046,28,0.507886487881,0.0891291086868,-0.592402124869,-0.590231765139,-9.48140857355,-0.588278708389,-9.48140857355,14.4906869814,0.0,-0.123730406071
-0.139941853908,0.000636951894493,-8.27939644082,0.0199536121579,-0.189752536168,30.5505197422,0.490580196524,0.00946123531255,0.0218123544944,29,0.489146121989,0.104044982827,-0.599392779999,-0.598608364738,-8.27939644082,-0.597420905459,-8.27939644082,14.5877167332,0.0,-0.140243437224
-0.15181483895,0.00269571976387,-8.57900594067,0.0170440820254,-0.162099778471,30.2613189768,0.476986178187,0.00531633829602,0.0182407315939,30,0.475729126952,0.115816222816,-0.516926982344,-0.511322460762,-8.57900594067,-0.507973433256,-8.57900594067,14.6518179245,0.0,-0.152490299106
-0.126698022485,0.00594058353824,-8.63444346124,0.0357444444245,-0.339583471678,29.9684360538,0.494622376413,0.00754209100618,0.0195417213987,31,0.492702974598,0.0885981495441,-1.08592675945,-1.07233333273,-8.63444346124,-1.06452308712,-8.63444346124,14.751246231,0.0,-0.12695992023
-0.222832481635,0.000778850813556,-8.62374749116,0.00477051261756,-0.045461838359,29.7768444002,0.394626690982,0.0919711023078,0.0434789583898,32,0.390445582259,0.185873945835,-0.145606943394,-0.143115378527,-8.62374749116,-0.142485751365,-8.62374749116,14.8270866583,0.0,-0.223773040901
-0.209065598976,0.000938289855843,-11.0618231061,0.0320414678167,-0.304459576511,29.6259291612,0.400218285112,0.0119824723124,0.0176704109545,33,0.398121518416,0.172233046895,-0.963159199388,-0.961244034501,-11.0618231061,-0.960128816343,-11.0618231061,14.9215336815,0.0,-0.209524920908
-0.216774967477,0.00100267205265,-8.52688557768,0.0381712274944,-0.362210511866,29.3690947793,0.386437381958,0.00665922556941,0.0127316278017,34,0.386346666385,0.181216701221,-1.14771982589,-1.14513682483,-8.52688557768,-1.14402753176,-8.52688557768,14.9845749584,0.0,-0.217247696011
-0.21405712623,0.00270889667824,-9.42157660138,0.0470905335439,-0.446888514881,29.1603096638,0.387706484953,0.00640464859181,0.012495788673,35,0.387486202579,0.179138610253,-1.42120739989,-1.41271600632,-9.42157660138,-1.41022685773,-9.42157660138,15.0274438681,0.0,-0.214196594588
-0.185206529715,0.0160770985441,-10.4320979768,0.0746100118423,-0.708445333771,28.9456202424,0.409096052754,0.00668445056347,0.0111138083285,36,0.409130266613,0.1508533046,-2.2792300737,-2.23830035527,-10.4320979768,-2.22515889367,-10.4320979768,15.0677600104,0.0,-0.185424084531
-0.262103413468,0.00208849534017,-10.174797799,0.0166475358495,-0.158140642984,29.2726917165,0.323845592445,0.0121724557363,0.0181218766874,37,0.32141979451,0.23220931277,-0.504332983602,-0.499426075486,-10.174797799,-0.497361483832,-10.174797799,15.0654643867,0.0,-0.261781889997
-0.213576849402,0.00480794761934,-15.1768448866,0.00914362940719,-0.0870845022001,29.2831780968,0.366180962111,0.00936257356901,0.0196366596637,38,0.367195587683,0.184888565579,-0.285524033396,-0.274308882216,-15.1768448866,-0.26889637807,-15.1768448866,15.0989281595,0.0,-0.213934134519
-0.213343573598,0.00291804450754,-11.4157116186,0.0587609866533,-0.557816529724,29.3126657035,0.366701395456,0.00999333898478,0.0208967406543,39,0.367064018904,0.182215590463,-1.76975299809,-1.7628295996,-11.4157116186,-1.75860274887,-11.4157116186,15.1387236192,0.0,-0.213368298404
-0.19305416041,0.00328993228282,-7.75412374422,0.0811590326105,-0.770724074779,29.3333691943,0.384913520661,0.00876501842942,0.020537752442,40,0.385184697264,0.160374502696,-2.44763648848,-2.43477097831,-7.75412374422,-2.43162328813,-7.75412374422,15.1798746943,0.0,-0.193122263535
-0.189697071167,0.0044348083171,-12.0389721526,0.0128417767581,-0.122568290421,29.3754481738,0.383777351039,0.0110316762731,0.0244445362077,41,0.383494435706,0.157669378588,-0.394080654041,-0.385253302744,-12.0389721526,-0.380442026823,-12.0389721526,15.2323233981,0.0,-0.189671016852
-0.192622278101,0.0109597978492,-8.47995150106,0.0317564138828,-0.299430625299,29.4035078994,0.378506229684,0.00914804802257,0.0230108705244,42,0.378686393202,0.158480325779,-0.981145862474,-0.952692416484,-8.47995150106,-0.942842922003,-8.47995150106,15.2958555554,0.0,-0.192714309291
-0.197274823942,0.00276893059675,-6.67261963671,0.0325419615725,-0.307873462219,29.484332744,0.378297122944,0.00867475387857,0.0225405034498,43,0.377938971921,0.163251522798,-0.985814449228,-0.976258847176,-6.67261963671,-0.97446324162,-6.67261963671,15.4151004356,0.0,-0.197278274002
-0.182587903236,0.00758934483449,-7.1015261019,0.00723899482255,-0.0685303643096,29.5852305025,0.390881262414,0.0129843362731,0.025343706014,44,0.390095017547,0.148614057098,-0.234649500131,-0.217169844676,-7.1015261019,-0.207402105285,-7.1015261019,15.5417221113,0.0,-0.182536836764
-0.147644432396,0.000341175694299,-8.28000099631,0.00177339542193,-0.0168882604313,29.4527336891,0.420742243444,0.574639797603,0.086153257366,45,0.421269332517,0.117330798501,-0.0537645695125,-0.053201862658,-8.28000099631,-0.0525472868277,-8.28000099631,15.6692770371,0.0,-0.149258125377
-0.158632972312,0.000345416635218,-7.26110417568,0.000417489733441,-0.0040189760011,29.3594344472,0.411165286739,0.373485388506,0.057560154321,46,0.411492465207,0.125888311247,-0.013258613121,-0.0125246920032,-7.26110417568,-0.0121139385178,-7.26110417568,15.7172557676,0.0,-0.158203238037
-0.141968119406,0.00160577014029,-9.1420004246,0.00500301608102,-0.0478366102484,29.4468527523,0.424068501036,0.124870525927,0.0416821205347,47,0.42367267231,0.107505470938,-0.154030292493,-0.150090482431,-9.1420004246,-0.148368764902,-9.1420004246,15.7807855782,0.0,-0.141529341821
-0.157760677233,0.000359093898253,-6.39397085417,0.00949945943601,-0.0903332844243,29.3090257195,0.404017918684,0.334788570932,0.0593254081141,48,0.403380285887,0.125769742156,-0.285846568596,-0.28498378308,-6.39397085417,-0.284681372953,-6.39397085417,15.8349475613,0.0,-0.158512934609
-0.157050817844,0.000126060038939,-8.31350890664,0.00682251306342,-0.0649596491217,29.2284787106,0.403244013452,0.269998090451,0.0498505545505,49,0.402331324895,0.126971996699,-0.204972681068,-0.204675391903,-8.31350890664,-0.20452624098,-8.31350890664,15.9446552172,0.0,-0.156988452644
-0.159824582239,0.000501463656794,-7.36716497086,0.00275244014624,-0.0261325750232,29.1371292183,0.397284904869,0.290965337195,0.0522573571171,50,0.395296029327,0.128725353027,-0.0836199651836,-0.0825732043871,-7.36716497086,-0.0818661390471,-7.36716497086,16.0247965835,0.0,-0.160332910783
-0.146819483192,0.000177353463179,-8.55875968869,0.00607418027176,-0.0577279823244,28.9874014679,0.393640917059,0.279209657272,0.0591187402012,51,0.397031155267,0.117076308119,-0.182702094626,-0.182225408153,-8.55875968869,-0.182019346636,-8.55875968869,16.1620494043,0.0,-0.145865596897
-0.132567302052,0.000169423988586,-7.72202921215,0.000871775871246,-0.00830071431614,29.0486625314,0.394768607076,0.097505408369,0.0370979349916,52,0.39234948692,0.10079296253,-0.0263130939752,-0.0261532761374,-7.72202921215,-0.0252946602714,-7.72202921215,16.2976558882,0.0,-0.132849901641
-0.138289610447,0.00243875288786,-7.22977254312,0.0015944379341,-0.0151369568825,29.0414559721,0.374630416435,0.112970194849,0.0358623386249,53,0.375443406571,0.106195540942,-0.0557784288787,-0.0478331380231,-7.22977254312,-0.0461632326619,-7.22977254312,16.3866460099,0.0,-0.137783438844
-0.163908814296,0.00540822210176,-8.3472001636,0.000600952342869,-0.00571024056109,28.9570340896,0.338882891772,0.239134375525,0.0506541998354,54,0.338613936048,0.132646847032,-0.028594969289,-0.0180285702861,-8.3472001636,-0.0121554055412,-8.3472001636,16.4823109899,0.0,-0.164791266589
-0.190935361462,0.000344956937817,-9.86949991516,0.00010062627553,-0.000958747821921,28.8848392222,0.305065446531,0.200781779934,0.0448081056573,55,0.306326023189,0.160576222868,-0.00355749125841,-0.00301878826589,-9.86949991516,-0.00255454813643,-9.86949991516,16.5887458824,0.0,-0.190498588488
-0.19324494593,0.00368832522183,-6.3667902472,0.000640059693109,-0.00608382365548,28.8560789155,0.293030518181,0.144234927012,0.0380646075276,56,0.293512695858,0.162190820605,-0.0284412841028,-0.0192017907933,-6.3667902472,-0.0146903631427,-6.3667902472,16.7490799388,0.0,-0.193087764457
-0.200548851804,0.00176636257741,-9.86798076072,0.00423644407483,-0.0403243111832,28.8188005697,0.274026752439,0.114931602204,0.0342274124502,57,0.275117366293,0.169854269924,-0.13181187876,-0.127093322245,-9.86798076072,-0.125350290631,-9.86798076072,16.8433398441,0.0,-0.200618605009
-0.200708142351,0.00772166399779,-9.70298576073,0.00776973319348,-0.0740262316617,28.7705360388,0.260411703732,0.142328331422,0.0380157042655,58,0.259717225467,0.173207044208,-0.243478429588,-0.233091995804,-9.70298576073,-0.219312687602,-9.70298576073,16.9137343437,0.0,-0.200916833536
-0.189445159578,0.00385494637337,-10.5289803723,0.000877603045059,-0.00830158662471,28.7603631911,0.255563198255,0.10278560467,0.0329969108877,59,0.256280644389,0.160416916295,-0.0361208854316,-0.0263280913518,-10.5289803723,-0.0231877492603,-10.5289803723,16.9744048286,0.0,-0.18905632006
-0.175582640729,0.00292796001524,-9.99011803575,0.000137090806949,-0.00125005168551,28.762542623,0.25429674278,0.111187185749,0.0376242491291,60,0.253435281944,0.143203317898,-0.0103305177968,-0.00411272420846,-9.99011803575,-5.0860403557e-05,-9.99011803575,17.0406314344,0.0,-0.175807768509
-0.181840828653,0.00290872725638,-9.13710888386,0.00141214606741,-0.0135404166102,28.7657553691,0.23223536712,0.0504415821597,0.0254172133332,61,0.232341674459,0.146223565065,-0.0507716556946,-0.0423643820222,-9.13710888386,-0.0398007392257,-9.13710888386,17.1324890574,0.0,-0.181520291332
-0.192300020163,0.00183162381572,-10.591879094,0.00131413304214,-0.0126462460115,28.7642975726,0.210290736735,0.00344146943562,0.0125548324188,62,0.211284731986,0.153743781165,-0.0408401058366,-0.0394239912643,-10.591879094,-0.0311636099125,-10.591879094,17.2077574511,0.0,-0.192294718957
-0.185066285092,0.00105575114096,-6.99517427702,0.000478509395993,-0.00456519439903,28.7616430092,0.202850073386,0.00292371051111,0.0134420587051,63,0.203695723171,0.146419854207,-0.0164011403808,-0.0143552818798,-6.99517427702,-0.0130588415447,-6.99517427702,17.2707069723,0.0,-0.185029005546
-0.136808906405,0.00487555220651,-11.6623608449,0.00145290620269,-0.0136501015512,28.458228975,0.238702135661,0.320535887584,0.038730483839,64,0.24131248201,0.1005946218,-0.0539826148705,-0.0435871860808,-11.6623608449,-0.0372968317841,-11.6623608449,17.3590606424,0.0,-0.136608978279
-0.108065996761,0.0345418230313,-8.49124829731,0.00867211082083,-0.0805980710736,28.2804075274,0.254814444861,0.404331955201,0.0605058693947,65,0.252360333556,0.0782249626821,-0.340597135962,-0.260163324625,-8.49124829731,-0.231216731772,-8.49124829731,17.4873224416,0.0,-0.109682922821
-0.0860487875901,0.00967609473514,-6.93152731681,0.00906989290414,-0.0872761369933,28.187557139,0.253641479233,0.361486377608,0.0555597789292,66,0.252392065631,0.0517929698682,-0.278707234285,-0.272096787124,-6.93152731681,-0.24256983771,-6.93152731681,17.5460497891,0.0,-0.0859940233978
-0.0513453890894,0.00590240470177,-9.22149261794,0.0263013858742,-0.251164442732,28.1559386874,0.254794043376,0.353913072676,0.0594732237364,67,0.252757516752,0.0188058953292,-0.792895535738,-0.789041576226,-9.22149261794,-0.766638534436,-9.22149261794,17.6364209669,0.0,-0.0502458707328
0.0665925299085,0.00184398733278,89.8961705498,0.0126621277445,-0.121304789347,28.2043991985,0.339711024114,1.09110560425,0.11426017515,68,0.333373510975,-0.0951515563176,-0.382831204827,-0.379863832335,89.8961705498,-0.377303295929,89.8961705498,17.6788486165,0.0,0.0701014021026
0.19057851242,0.00900937489159,-10.1738086453,0.0150199175749,-0.143558182239,28.2687417211,0.419483026073,1.1482984505,0.0921049891539,69,0.420118789846,-0.219771831066,-0.467835275543,-0.450597527247,-10.1738086453,-0.442179992683,-10.1738086453,17.7382609964,0.0,0.191434140907
0.191842517239,0.00597273296698,-7.16554008211,0.00619114831471,-0.0591750958496,28.1936106347,0.395514717106,1.03511455386,0.0862380678252,70,0.398179132863,-0.219194827551,-0.197541931826,-0.185734449441,-7.16554008211,-0.180999715283,-7.16554008211,17.8307347329,0.0,0.191737842808
0.228542557389,0.0012867352751,-5.5315131744,0.0107078211593,-0.102705322928,28.2364350104,0.421087224831,0.854427968081,0.0612368276372,71,0.419612554593,-0.26273222185,-0.32348429037,-0.321234634778,-5.5315131744,-0.319702562597,-5.5315131744,17.9278524496,0.0,0.227111958578
0.231496737667,0.00314110382933,-9.523345265,0.00133548356908,-0.0128755722995,28.270148688,0.413835769862,0.847916882761,0.0635686983819,72,0.412933828305,-0.26652987171,-0.0442710951034,-0.0400645070725,-9.523345265,-0.0349805470012,-9.523345265,18.0262423069,0.0,0.230814656122
0.233321626257,0.00419305002825,-8.90697342441,0.0112287284912,-0.107400503622,28.2794503533,0.413443699346,0.359060017409,0.0504309278162,73,0.413219478463,-0.267263019947,-0.344030465332,-0.336861854737,-8.90697342441,-0.333025901759,-8.90697342441,18.1183935015,0.0,0.23353285485
0.243581363212,0.00580974859477,-7.61337009849,0.0179484329033,-0.172043392882,28.2899930535,0.418114177461,0.673531218817,0.0600411408221,74,0.415203457409,-0.276693612068,-0.548215756134,-0.538452987098,-7.61337009849,-0.531957760623,-7.61337009849,18.2446950116,0.0,0.242546564151
0.25218753752,0.00119623992216,-8.41809810339,0.00028397124613,-0.00272133674358,28.2143359418,0.420710082962,1.57252983592,0.104751628347,75,0.415514284531,-0.282102489328,-0.011693199719,-0.00851913738389,-8.41809810339,-0.007748923135,-8.41809810339,18.2871169272,0.0,0.248906091151
0.252799823867,0.00031071319462,-6.44833027692,0.000922521692871,-0.00883145260427,28.2431579494,0.415212581036,0.872493655728,0.0755527577655,76,0.412603077755,-0.284470427408,-0.0279215452537,-0.0276756507861,-6.44833027692,-0.026888373896,-6.44833027692,18.4141117745,0.0,0.253867378366
0.267545070223,0.000559012018377,90.4064959312,0.0058506660233,-0.055999266993,28.3736985765,0.424129735306,0.745120307874,0.0614945299848,77,0.420410827274,-0.300726121633,-0.176549784124,-0.175519980699,90.4064959312,-0.174338963374,90.4064959312,18.505805659,0.0,0.26787636571
0.326092027828,0.0148001337527,-6.67703022947,0.0170428497974,-0.16169082014,28.5036045302,0.477439417813,1.4075449359,0.0951669618056,78,0.472124379564,-0.356254469712,-0.542589244587,-0.511285493922,-6.67703022947,-0.495100266725,-6.67703022947,18.5143701251,0.0,0.3290409504
0.413396416614,0.000136422344624,-8.26265234218,0.000169189460227,-0.00163201112275,28.6262636376,0.557090339146,1.4485649774,0.0907924924625,79,0.547932909563,-0.442495810146,-0.00533146805027,-0.00507568380682,93.0952915325,-0.00493344068783,42.4163195952,18.6112175531,50.6789719373,0.412817802229
0.565485276387,0.00084820677965,93.496218601,0.00358943628544,-0.0340783127641,28.8518737423,0.705435137451,1.93174227336,0.109517818949,80,0.69231450663,-0.597495870578,-0.109164682149,-0.107683088563,93.496218601,-0.105966978102,93.496218601,18.7117124901,0.0,0.564607229371
0.511424141142,0.000200813901748,-8.38264272473,0.000282103682794,-0.00264363507334,29.2636194638,0.649406202048,1.05736037511,0.0877706796369,81,0.639769990595,-0.544139492852,-0.00875339474505,-0.00846311048382,-8.38264272473,-0.00810197204954,-8.38264272473,18.7719646605,0.0,0.513034725499
0.60228767606,0.000862097537227,-8.18822420367,0.00113330636765,-0.0107445934993,30.0294662315,0.740547571357,1.0895358202,0.0952814382632,82,0.728124847017,-0.640965093038,-0.03522046396,-0.0339991910294,-8.18822420367,-0.0326786600721,-8.18822420367,18.8452941825,0.0,0.603802050265
0.611333475271,0.00144999442908,-8.92797754188,0.00296729966747,-0.0281615657355,30.8936302053,0.759868938213,0.993203181432,0.107203353828,83,0.738821082043,-0.64876260469,-0.0905815626225,-0.089018990024,-8.92797754188,-0.086379241434,-8.92797754188,18.9314676766,0.0,0.610396212008
0.604482275361,0.00405905098215,-10.6339858167,0.0145710303239,-0.138536744584,31.2498338218,0.7550644805,0.570308377764,0.0801576677583,84,0.736298996063,-0.642353817652,-0.443958974282,-0.437130909718,-10.6339858167,-0.430879143035,-10.6339858167,19.0033487847,0.0,0.605599084759
0.385250502183,0.043584906671,-9.58403737787,0.032431783796,-0.305397909254,31.6405475585,0.54277619145,0.564792048147,0.0813757910512,85,0.524717574904,-0.426337085618,-1.09636421089,-0.972953513881,-9.58403737787,-0.933413802674,-9.58403737787,19.0747369089,0.0,0.38801259038
0.385032869964,0.00913186459324,-8.11670197038,0.01451718342,-0.137850884492,32.0614826273,0.531295208062,0.368276235709,0.062011447314,86,0.51635058297,-0.424588197088,-0.460004552499,-0.435515502599,-8.11670197038,-0.427697085436,-8.11670197038,19.1446813102,0.0,0.384212812811
0.451081892375,0.0756199383935,-9.04283247764,0.0439521431618,-0.412844746901,32.4786627876,0.603286856215,0.397839028896,0.0726136486677,87,0.586098989714,-0.488654426449,-1.48887424104,-1.31856429485,-9.04283247764,-1.24377713464,-9.04283247764,19.2090001519,0.0,0.451611541974
0.452461043938,0.131842608485,-9.57310877929,0.0707765728635,-0.66514519279,32.790388771,0.610922569912,0.330726869569,0.0741988336696,88,0.59197777448,-0.48090631422,-2.47172931684,-2.1232971859,-9.57310877929,-2.01049835223,-9.57310877929,19.2411113266,0.0,0.453391310124
0.457431600061,0.00278237152032,-9.29959481442,0.00441167475555,-0.0418932268069,32.9294326176,0.619313421326,0.128342089099,0.0521762944651,89,0.605158197829,-0.480068328461,-0.137859656388,-0.132350242666,-9.29959481442,-0.129017518727,-9.29959481442,19.262753731,0.0,0.45783217914
0.466536798738,0.0149377453006,-12.9784849403,0.0118751581193,-0.114853905562,33.192889425,0.646669733423,0.248525600177,0.0748096574238,90,0.6254860389,-0.50678624048,-0.376249204417,-0.356254743579,-12.9784849403,-0.330417820212,-12.9784849403,19.3092008869,0.0,0.467114048695
0.594871142885,0.1671111617,-10.1561819471,0.034532980629,-0.309147016016,33.3620949052,0.778148496776,0.187037130892,0.0758603447818,91,0.756498786001,-0.642471678674,-1.5734589542,-1.03598941887,-10.1561819471,-0.840858604392,-10.1561819471,19.3358844299,0.0,0.595062620641
0.6665457762,16.242477121,-11.4881456162,0.163193630381,-1.25309474255,33.5644517728,0.845636712132,0.456616852623,0.0954194850833,92,0.821502415219,-0.70291671428,-8.63326670139,-1.95175255326,93.6335455866,91.0594790417,41.0726999852,19.3387532853,52.5608456014,0.666352680487
0.949653532808,0.056597507477,-9.80804732849,0.00901943319455,-0.0753116647576,33.8269366839,1.09785532206,0.328517863021,0.0924479880118,93,1.07420798666,-0.976868284796,-0.36575059004,-0.270582995837,-9.80804732849,-0.184098262235,-9.80804732849,19.2478788067,0.0,0.94909844673
0.924970111074,0.0679795463376,-7.6384040309,0.0202099921173,-0.183502990059,34.1213882571,1.03816436867,0.34929179819,0.0827854999959,94,1.01903354647,-0.954397784266,-0.735466838606,-0.606299763519,-7.6384040309,-0.520566335003,-7.6384040309,19.1941440912,0.0,0.924456168476
0.888039667899,0.0356881409973,-7.64938858974,0.0136602548869,-0.121803767615,34.4398174353,0.996916672984,0.391291483489,0.0825284055906,95,0.98224649307,-0.917964059708,-0.479560171038,-0.409807646608,-7.64938858974,-0.349219174212,-7.64938858974,19.1753910878,0.0,0.888385602629
0.861795680283,0.0375847226597,87.6043468377,0.0216127187893,-0.202132897601,34.7283070827,0.964225984614,0.168665115826,0.0614239365705,96,0.952314571068,-0.895170002726,-0.737801610243,-0.648381563678,87.6043468377,-0.608323011361,87.6043468377,19.0609206616,0.0,0.860827741836
0.832116129711,0.0779546082879,93.344806986,0.0643785204678,-0.607509400005,35.1834274828,0.931627158422,0.452569495136,0.0928100766731,97,0.918241450077,-0.86108751398,-2.10480158618,-1.93135561403,93.344806986,-1.82797745007,93.344806986,18.9891964599,0.0,0.832597715257
0.920280250835,1.18910604023,-9.47193796705,0.130495962659,-1.10614517747,35.7288137149,1.01398123481,0.373193459629,0.0847688426825,98,0.999568672729,-0.955352687167,-7.42171334051,-3.91487887976,-9.47193796705,-3.13770341376,-9.47193796705,18.9209256378,0.0,0.919903926054
0.968806384985,0.0465319580864,-11.5006586345,0.0123250774857,-0.112430941333,36.2096017119,1.05695806065,0.348045228008,0.083772427692,99,1.04244952076,-1.00123708253,-0.461036206521,-0.369752324571,-11.5006586345,-0.318574637493,-11.5006586345,18.88049255,0.0,0.968676214296
1.00907193413,0.0145736547495,-10.9641651623,0.00167420889535,-0.013817357301,36.6096661991,1.091147935,0.304048665704,0.0804201025569,100,1.07843637398,-1.04364580665,-0.0803825298934,-0.0502262668604,-10.9641651623,-0.0363092024355,-10.9641651623,18.7930375605,0.0,1.00961107512
1.03350455798,0.0113209387442,-8.8752589694,0.000367846435917,-0.00257993828711,37.0778475087,1.1095912783,0.20988485201,0.0697472133959,101,1.09651017079,-1.07003022028,-0.0501118466322,-0.0110353930775,-8.8752589694,-0.00260775639327,-8.8752589694,18.7678817877,0.0,1.03327411688
1.04277490598,0.0244305780898,-10.761612433,0.00183454059411,-0.0154189994195,37.6474837277,1.12301775008,0.274601279411,0.0765551011033,102,1.10833353674,-1.07854552958,-0.113569747738,-0.0550362178234,-10.761612433,-0.0344796053622,-10.761612433,18.7381834087,0.0,1.04213368522
1.16057889474,0.00386450044898,-11.9330557558,0.0155023658046,-0.149185984843,38.0635349768,1.24141859695,0.385762603226,0.0910207690735,103,1.22796053252,-1.19423155062,-0.472305251269,-0.465070974139,-11.9330557558,-0.456860505331,-11.9330557558,18.7471149888,0.0,1.16009519863
1.29033767054,0.0225748252243,89.412884867,0.00487093063919,-0.0441954778365,38.711169466,1.37050533821,0.820995266874,0.11228037386,104,1.36074512796,-1.33199027152,-0.200274703373,-0.146127919176,89.412884867,-0.11698928163,89.412884867,18.8135927617,0.0,1.29171161151
1.46616858674,0.0208123094018,90.2349319186,0.00532666657573,-0.048023978725,39.1983236531,1.545866827,0.492712438197,0.106427554596,105,1.53290541741,-1.50859670377,-0.203724942681,-0.159799997272,94.5679186141,-0.133138576961,92.4014252663,18.8667884793,2.16649334771,1.46480833462
1.87374295525,0.0126656040813,88.6896143256,0.000675664748853,-0.00511982391168,39.8420687339,1.9525954633,0.544192026562,0.120007803539,106,1.93811173236,-1.91875542186,-0.0560942302116,-0.0202699424656,88.6896143256,-0.0100868505471,88.6896143256,18.9238923348,0.0,1.87309672289
2.03674153968,0.00252776746846,92.578868774,0.0044745762277,-0.0439180529907,40.3621381296,2.11547584951,0.551797110415,0.113644074902,107,2.10463041563,-2.07892386461,-0.139271017398,-0.134237286831,92.578868774,-0.129333495291,92.578868774,19.0243970392,0.0,2.03675873233
2.23199031661,0.0119451323659,-8.95431732527,0.00105520955227,-0.00873974273056,40.9456575707,2.31047785449,0.536262466509,0.109807096445,108,2.30048975312,-2.27412093008,-0.06101682759,-0.0316562865681,95.7597391847,-0.019501256679,43.4027109297,19.0927880581,52.357028255,2.23239300096
2.20920433863,0.0167762107743,-7.7427932937,0.000826620596807,-0.00610449731065,41.1946308042,2.29028896759,0.443180747733,0.104874066356,109,2.27490117837,-2.25814580337,-0.0609263172483,-0.0247986179042,-7.7427932937,-0.00993308480373,-7.7427932937,19.1788462015,0.0,2.20858030884
2.18284293253,0.00380371995619,-9.68339508819,0.00516812102152,-0.0508693626945,41.6721972993,2.25447860773,0.39751359904,0.098861562151,110,2.24383102249,-2.23105591184,-0.165781054911,-0.155043630646,-9.68339508819,-0.149123462353,-9.68339508819,19.2575967994,0.0,2.18289942023
2.38717201217,0.0113278593606,88.7116555084,0.00122143168272,-0.0111672525082,42.1108655799,2.46443561101,0.39435308835,0.101636514948,111,2.45157394047,-2.44221672324,-0.0695570486872,-0.0366429504815,88.7116555084,-0.0290820601396,88.7116555084,19.3535993034,0.0,2.38682604288
2.50305886481,0.0175527603603,-9.99707076995,0.000707960310308,-0.00522198829139,42.4306133662,2.57976322182,0.348468298481,0.101065073525,112,2.5701143509,-2.56096529504,-0.0640918430019,-0.0212388093092,-9.99707076995,-0.00793021528011,-9.99707076995,19.448987796,0.0,2.50390240318
2.59135667866,0.0110737487342,88.5315224444,0.00115925151602,-0.0104194374162,42.8711621658,2.66797588492,0.475551538743,0.103327426362,113,2.65858477688,-2.65059716588,-0.0710405273831,-0.0347775454806,88.5315224444,-0.0267846094023,88.5315224444,19.5456318265,0.0,2.5916400926
2.54368285137,0.00954330070843,-9.5546072254,0.000412505023812,-0.00323811079121,43.2250614426,2.62346558042,0.436233310588,0.112710995179,114,2.61381934284,-2.60209050761,-0.0519476361842,-0.0123751507144,-9.5546072254,-0.00594394022194,-9.5546072254,19.6067155129,0.0,2.54411449052
2.48846462919,0.16886100095,-10.1676076866,0.00846168497972,-0.073372586137,43.7627527774,2.56838907401,0.676213747159,0.128741930349,115,2.55718710831,-2.54612174751,-1.21678088457,-0.253850549392,-10.1676076866,-0.208764941003,-10.1676076866,19.6680012294,0.0,2.48922573567
2.72747613683,0.11987946512,87.9899131966,0.00295560124058,-0.0186398349032,44.0285149569,2.80872891746,0.511512420069,0.122687487817,116,2.80158414762,-2.7891612414,-0.558793654799,-0.0886680372174,87.9899131966,-0.0438761576572,87.9899131966,19.7309144622,0.0,2.72840912186
3.18910602905,0.0330847013236,91.510588476,0.000932845526998,-0.00533541809851,44.2225250687,3.26591932312,0.496240311658,0.123074668754,117,3.25828355721,-3.25719657896,-0.179805191938,-0.0279853658099,93.4694973177,-0.00248698650815,92.4900428968,19.8336831116,0.97945442084,3.18890892609
3.50553106013,0.0309608661918,-10.3509647876,0.0110072344321,-0.101481911317,44.6513521006,3.58503887974,0.882707272464,0.155817113074,118,3.57640734761,-3.57977634969,-0.400723560516,-0.330217032964,-10.3509647876,-0.284814549325,-10.3509647876,19.895693042,0.0,3.50777663163
3.80645457581,0.0186629541385,91.5212009634,0.0179573437018,-0.168036587757,44.8597224908,3.88611866821,0.697460363245,0.152253904015,119,3.87718328692,-3.88340211597,-0.570329261807,-0.538720311055,91.5212009634,-0.507733897285,91.5212009634,19.9238274591,0.0,3.8062968154
3.75239934251,0.0290226523677,-10.5502992034,0.0735752433507,-0.703413447985,45.0535594492,3.83256925261,0.489186842367,0.127657031413,120,3.82436766385,-3.81773985864,-2.26132518331,-2.20725730052,-10.5502992034,-2.14693373844,-10.5502992034,19.9414977401,0.0,3.75335302897
3.82438341626,40.8684556032,90.0637656665,0.101818032568,1.04555738399,45.2870187472,3.90938795594,0.971987049616,0.143617542158,121,3.89195536227,-3.87907112436,-5.68901337102,20.5218867615,90.0637656665,95.3778116792,90.0637656665,19.9454299116,0.0,3.82485561191
3.44304671306,35.6639848984,-10.0232434838,0.085888493232,1.06187158836,45.5973421667,3.52047371083,0.396357923092,0.112501027879,122,3.51161442003,-3.50786800291,-6.87023718888,14.6560171702,-10.0232434838,95.3375660342,-10.0232434838,19.9350311826,0.0,3.44373753924
3.39464270081,34.0499977408,-7.72432204309,0.0450980849327,1.14745065533,45.8876602729,3.48055076348,0.476003067992,0.121755800923,123,3.46775106796,-3.46538899472,-3.1429957334,12.9747773826,95.1281668151,96.6261186912,60.7732679607,19.9124039662,48.435187865,3.39507436542
3.94911217406,40.6343817884,93.7042598755,0.0731788031777,1.71821292462,46.3905187944,4.02966161814,0.645616155351,0.146965691826,124,4.02080431977,-4.02175241639,-7.44794046656,20.128698628,93.7042598755,96.4490499419,93.7042598755,19.9124866602,0.0,3.95029917026
3.93860495961,33.8669891719,-10.4553283095,0.0371538377481,1.15961561752,46.7453693813,4.02588270212,0.48214907446,0.130241516372,125,4.01413963744,-4.01121712924,-3.22698401132,13.2039006843,-10.4553283095,96.6182847703,-10.4553283095,19.9076426718,0.0,3.93940710231
3.88556332172,30.6695461304,87.8844988295,0.0493521736932,0.815849706731,47.1577084392,3.96823774873,1.26137554497,0.182508824973,126,3.95648054758,-3.95466131664,-9.39275552376,9.97733550957,87.8844988295,96.0757143372,87.8844988295,19.9334605654,0.0,3.8855665883
4.49364830721,36.7192049343,-13.2522255077,0.0640880633819,1.32963867811,47.5269457128,4.58043654265,0.683251074494,0.152547433091,127,4.57259077487,-4.56903207153,-8.24632148195,15.2843033048,93.5651445089,96.4495370099,40.1564595006,19.9556721742,53.4086850083,4.4939917337
4.43258796526,35.7381432809,-10.3757846775,0.0820346087717,0.882305627133,47.8093346986,4.51523931107,1.15625025068,0.169708999725,128,4.5089747936,-4.50991911086,-8.34156534244,14.7481497205,-10.3757846775,95.2382099069,-10.3757846775,19.9918241836,0.0,4.4336100056
4.98145376455,40.7691522796,92.9571942351,0.091254998486,1.6577349389,48.132625766,5.06375433628,1.86596070292,0.189936985038,129,5.05655395076,-5.06797397832,-7.56798492671,20.2464677147,95.0499742358,96.2504491814,94.2999239998,20.0351158253,0.951624505956,4.983170286
5.59869940221,16.5614887607,92.3765371009,0.0393556711213,0.0447087291168,48.4429812674,5.66906606501,2.75875627007,0.200362511704,130,5.66331089559,-5.6909328315,-6.9055232242,1.76050633695,92.3765371009,96.3339368058,92.3765371009,20.0498778338,0.0,5.60101182155
5.96943153261,16.1802745643,90.9078063634,0.0261186519142,0.154510593138,48.7807593972,6.03936368712,2.66374792869,0.185706824051,131,6.03064293233,-6.06798586765,-5.34867991325,2.160996974,90.9078063634,94.8421822889,90.9078063634,20.0756960291,0.0,5.9715622238
6.07596174842,1.55099831924,-7.15722611425,0.0308376899261,-0.0902340340234,49.0898079133,6.13616609904,2.26681087028,0.179904876901,132,6.12871779799,-6.16882447185,-5.24920417331,-0.925130697784,-7.15722611425,-0.067843400268,-7.15722611425,20.1052082343,0.0,6.07705130009
6.02315094444,30.7328173851,-10.8333238565,0.0656695463609,0.25710608707,49.4534683425,6.08241251158,5.04573231429,0.256546061916,133,6.07625634413,-6.11801939962,-2.79666229167,9.81084373239,92.7671898472,94.9844587217,40.9669329953,20.1277282601,51.8002568519,6.0266168527
6.12202565418,27.3627801062,90.0934118743,0.0701087173297,0.0756374586731,49.8429577244,6.17890567881,5.42614231754,0.241807961949,134,6.17578101921,-6.21438997531,-7.65879269368,6.73841367754,90.0934118743,94.7935593584,90.0934118743,20.1570405287,0.0,6.12546067786
6.6624045506,36.0881414452,90.6839308578,0.141686451128,0.0946428747799,50.2011486995,6.71358587928,6.90172430434,0.257605790857,135,6.71033085735,-6.7565712504,-4.63833788974,12.986991122,90.6839308578,93.2867915942,90.6839308578,20.1667122883,0.0,6.66418976859
6.32663487808,43.4335141428,-11.1929700453,0.237045806077,0.678432050468,50.5487011466,6.38133112864,4.03223668951,0.228672247942,136,6.37961887844,-6.41747521401,-11.6893297003,21.0272399892,91.5270991035,93.2111756277,40.1670645291,20.1815018913,51.3600345744,6.33233609332
7.08682329736,40.8123243689,92.4222978238,0.21939767693,0.220223776229,50.9688394321,7.14696750588,2.75830664834,0.19044340904,137,7.14019832703,-7.17860510571,-8.15791477252,16.5629369313,92.6783524134,93.1395580044,92.5503251186,20.2029431963,0.128027294797,7.08995362289
7.05821316066,33.8782424284,-13.404785832,0.174198411474,-0.0251732946362,51.3235683273,7.12023024604,2.48770413937,0.180075302715,138,7.10641472209,-7.15112125178,-7.39317931333,9.22251302878,-13.404785832,92.8914880001,-13.404785832,20.2271885232,0.0,7.05608953569
7.52394346562,31.1494820176,89.2829141816,0.188609377058,-0.0553990342844,51.7312878605,7.58920574175,6.76927261007,0.291638379174,139,7.58667137943,-7.62011776361,-10.6446855525,5.98207150308,89.2829141816,93.2885593405,89.2829141816,20.2515992824,0.0,7.5318734523
7.5137916025,36.9570562989,89.4049290193,0.234844783144,-0.0676017293863,52.1425166268,7.59199510076,6.01425981311,0.277188552745,140,7.57044423421,-7.60869311933,-15.6766565116,10.398114971,89.4049290193,92.8945725388,89.4049290193,20.2682756911,0.0,7.51235402871
7.39505474,43.3419076541,84.2653748867,0.207782114058,0.797257870141,52.5994744795,7.47731957247,5.25118208389,0.27133974472,141,7.46559149857,-7.49196517862,-6.47155247358,21.8577190447,84.2653748867,93.1024048524,84.2653748867,20.2986521843,0.0,7.40039813567
7.66365651584,16.4308088592,-11.9155976041,0.135906401081,-0.971143843618,52.9412344087,7.74084525525,3.29724737375,0.213752334362,142,7.72933308204,-7.76279091667,-9.04592614759,-1.12322437116,93.7602457496,93.0183392775,40.9223240728,20.320226838,52.8379216768,7.66809744465
7.78036473051,31.0598858039,-11.9654068606,0.143946513098,-0.359845519098,53.263481504,7.85332729191,3.58516232529,0.205529748627,143,7.84230982739,-7.88362401016,-6.19850714657,7.5132032808,-11.9654068606,92.8221234721,-11.9654068606,20.3484522678,0.0,7.78323272153
7.71033276576,16.2703955342,85.1358869341,0.13395818019,-1.03190869734,53.6642240058,7.7831363771,7.13599433593,0.283806732186,144,7.77519165444,-7.80956459544,-6.13889950652,-1.06693107961,85.1358869341,92.3513699405,85.1358869341,20.3544219348,0.0,7.71579056718
8.03257069242,36.2626345188,-12.7702190875,0.155101638163,0.24605347229,54.2286371117,8.11765291905,4.84084003406,0.24710183621,145,8.10469016249,-8.13658119658,-7.17388360716,12.6342740952,-12.7702190875,93.047790925,-12.7702190875,20.392831886,0.0,8.03328245173
7.36678028326,37.4936623923,89.44138062,0.111808999547,1.32978661205,54.7660824944,7.45529615645,5.18750857872,0.279206152349,146,7.44049698127,-7.48126562215,-4.6045916733,16.2529186685,89.44138062,94.4489653034,89.44138062,20.4548457517,0.0,7.36712146172
7.41105466212,48.0885915578,-15.7735159103,0.152603549989,3.94108868151,55.2542472235,7.51071555507,4.94368668521,0.252835840184,147,7.49603630417,-7.53467529443,-7.813790967,40.6406415529,-15.7735159103,95.3647722489,-15.7735159103,20.5438013079,0.0,7.40776557656
7.7045391294,47.2058460912,86.8261182254,0.163012443637,6.51420843977,55.6245685306,7.82168784032,5.07811406933,0.321290298642,148,7.80688844121,-7.8480360502,-5.88215677602,55.8578538072,95.148611478,96.0628140588,90.9873648517,20.6410880664,4.16124662626,7.70614154202
8.57799619494,45.5146719489,90.3458816189,0.105828151043,2.85661108771,56.139626139,8.68746490667,3.80362513726,0.267004089451,149,8.6771075819,-8.73707228527,-5.77796537311,33.1335184947,94.6444072548,95.9438601163,92.4951444368,20.7118844142,2.14926281793,8.57931844252
8.90701750769,15.8505711218,87.9960858407,0.0640917831476,-0.0882012301505,56.6457021548,9.0334818343,6.57420805337,0.357470879988,150,9.01621573175,-9.06777953383,-7.48191586016,1.02332411252,87.9960858407,91.4512217703,87.9960858407,20.7790401276,0.0,8.91151349643
8.90171614335,1.49169518232,90.8146663514,0.0276574860937,-0.07880440568,57.0892093511,9.01389510208,2.68996989981,0.276780639808,151,9.00039339881,-9.0662363287,-5.44549849653,-0.829724582811,90.8146663514,-0.0828921010742,90.8146663514,20.8433147368,0.0,8.9020185192
8.99210972265,39.7539293495,-14.7612638571,0.0914368934735,2.47503960281,57.5670162489,9.10569188343,8.78423553427,0.402203324716,152,9.09504534572,-9.16256064979,-7.08400340834,19.6581793344,94.5006958097,95.6520082196,39.8697159763,20.9258251769,54.6309798334,8.99600054379
9.54015622209,46.9223250021,88.1590504593,0.125689586446,5.13358696851,58.0664529609,9.65489328952,8.98322036407,0.450909804505,153,9.63946340755,-9.7384830247,-7.08644077343,37.7483656293,88.1590504593,96.0104886943,88.1590504593,20.9941873318,0.0,9.54351569306
9.23206680521,42.0712013305,90.2719939699,0.115606503444,2.56052272974,58.4019265411,9.35861903246,6.90553530887,0.403737773457,154,9.33453097746,-9.44262802252,-8.2228130869,24.5388689063,90.2719939699,95.072707987,90.2719939699,21.0630219111,0.0,9.22840267346
10.0863341668,16.0583299826,-14.2440371798,0.0171174748855,0.176982536448,58.9338053751,10.2249691523,8.35237681774,0.434323481248,155,10.2021428366,-10.3052169609,-6.64125852577,2.42976673563,94.5479277952,94.4097370392,40.1519453077,21.1333411615,54.3959824875,10.0892044381
10.3713650469,0.0241457028494,-15.6461573117,0.016809498301,-0.157093398362,59.5012208486,10.5189192397,13.3784126165,0.567840467783,156,10.4871300523,-10.5895160605,-0.554331076366,-0.504284949031,-15.6461573117,-0.478829106372,-15.6461573117,21.1927104933,0.0,10.3754319223
10.0845255428,0.0290967913051,87.7429025881,0.017098171517,-0.161587805141,60.0094800722,10.2272267133,9.40464598586,0.434048713825,157,10.1983669906,-10.3055697405,-0.581396169143,-0.51294514551,87.7429025881,-0.484797351425,87.7429025881,21.2588878602,0.0,10.078078612
10.3675557945,0.0186770381911,87.8883220299,0.057572423433,-0.54817419298,60.3600839676,10.5288520842,14.1187928252,0.543219923379,158,10.5069353611,-10.5804629324,-1.77376524021,-1.72717270299,87.8883220299,-1.71095636779,87.8883220299,21.3163822124,0.0,10.3779031874
10.8170743565,0.0336357249948,86.6248121363,0.0844320671177,-0.803105267755,60.8352661492,10.9626561437,14.863967215,0.55507453617,159,10.9358161926,-11.0242984096,-2.59716696745,-2.53296201353,86.6248121363,-2.50095690334,86.6248121363,21.3827905919,0.0,10.8160059428
10.9148851275,0.0359989245905,-13.3710238957,0.0833517614001,-0.792356615854,61.2353403725,11.0653371052,15.6306079975,0.611756027411,160,11.0474766759,-11.1207448758,-2.57298418694,-2.500552842,-13.3710238957,-2.47501072109,-13.3710238957,21.4361520113,0.0,10.9234855657
10.6798974224,0.0647834237292,-14.1567261106,0.164336557448,-1.54867311881,61.7218943368,10.8388678772,18.8998215912,0.66268351992,161,10.8017164311,-10.8658216925,-4.98093898345,-4.93009672344,-14.1567261106,-4.76379249654,-14.1567261106,21.4974705521,0.0,10.6766898815
10.451972441,0.259330212699,-15.6818792622,0.236120135716,-2.20492359931,62.0150491299,10.6015224376,15.4054495478,0.638565623801,162,10.5722915498,-10.6237299315,-7.41614037016,-7.08360407148,94.2341814799,-6.67187385144,39.2761511089,21.5588037085,54.9580303711,10.4563189434
10.737787917,33.4185406766,90.0574234322,0.319304173181,-0.520149506871,62.1234123434,10.882318825,16.6100490627,0.605339046823,163,10.8623739645,-10.8893508256,-8.7562434537,4.86499817237,90.0574234322,90.3559568151,90.0574234322,21.6127510217,0.0,10.7479290125
10.181256849,25.7041842671,-16.3063987536,0.0345239504232,0.735216473717,62.1850968576,10.3000682917,12.1858585916,0.485615182268,164,10.2812412744,-10.298002099,-3.73965123354,7.55681898842,-16.3063987536,93.3378684959,-16.3063987536,21.6615370638,0.0,10.1818083087
10.293781926,0.0798575864991,87.9868150912,0.886182432504,43.0258090548,62.5413069082,10.4174575026,14.1598037483,0.564906708153,165,10.3927007836,-10.4104225351,93.1729940411,93.3714876709,94.4334420273,93.4621869816,92.0330190734,21.7353248547,2.87763746938,10.2981734793
10.8698352278,0.0457901770979,90.8570110479,0.890488896784,45.1158099022,63.0540514259,10.9919128652,11.5002791224,0.508167670614,166,10.9620799135,-10.9797005594,93.595170752,93.6925793494,92.9975917374,93.76592069,91.9273013926,21.7757937182,1.07029034474,10.8698145949
11.3005000181,0.0406315742604,91.5632557788,0.863972308451,45.50437053,63.4370899263,11.4238398807,12.4406133776,0.561876253196,167,11.3943175563,-11.4191762299,93.784647299,93.9156879687,92.5182785065,93.9549838679,92.0407671426,21.7965773153,0.477511363861,11.3038366429
12.0362938811,1.60084970795,89.9049917243,0.694674984521,32.5213158314,63.8709829784,12.1590317174,13.3421293531,0.5797512005,168,12.1257881381,-12.1662129005,87.5183711702,92.7596246459,94.6440477483,94.643716703,91.9840860182,21.8100736297,1.97783016354,12.0373825544
12.5968042947,48.9167268987,90.5727605489,0.554249337876,5.33968856659,64.3592277393,12.7293766852,16.0007800936,0.677155628636,169,12.6939226792,-12.7436505462,-17.0284615997,47.4028772325,90.5727605489,91.2961948679,90.5727605489,21.8543720958,0.0,12.5976047945
12.3681542842,28.1571440083,-17.0984577686,0.427482931914,-2.11314481119,64.7459195899,12.4978556207,12.137827608,0.583692620687,170,12.4656160311,-12.520584902,-14.5812676357,-3.6961101947,-17.0984577686,90.8583830283,-17.0984577686,21.9299090605,0.0,12.3672145446
11.3463342804,42.4035160021,-15.1773017142,0.504750045764,-0.592941087175,65.065071408,11.471027593,12.2229800477,0.571341540922,171,11.4313116585,-11.4935630766,-21.3658543173,10.6824311956,-15.1773017142,88.1874056221,-15.1773017142,22.0044240341,0.0,11.3400039366
11.0146342195,0.24166800979,-17.1055797096,0.480907755683,-4.67139913089,65.3303609503,11.1297335462,7.70217430894,0.481271711302,172,11.1047469095,-11.1582032234,-15.2886993571,-14.4272326705,-17.1055797096,-14.2801233823,-17.1055797096,22.0790257163,0.0,11.0167223652
10.7579835654,0.555646940129,-13.4532269806,0.457335108035,-4.46413541759,65.6839291578,10.8594368431,8.0340233668,0.463351395448,173,10.8327480906,-10.8877178389,-16.1906041415,-13.7200532411,-13.4532269806,-13.4363880192,-13.4532269806,22.152840265,0.0,10.7533625449
10.1539627534,16.8027564386,-16.0449939675,0.426208340997,-3.63460289432,66.0375469417,10.2515574415,8.81788181977,0.492116338176,174,10.2231336103,-10.2781617356,-15.4726730979,-9.67333686897,-16.0449939675,86.7789110673,-16.0449939675,22.2126633627,0.0,10.1500947644
9.51797242406,22.7321719816,-14.5850925875,0.432687225738,-3.23987839983,66.3283026662,9.60980155814,7.01665488132,0.432971117118,175,9.58224822179,-9.63631134894,-17.441111133,-6.96221375062,-14.5850925875,88.6109999171,-14.5850925875,22.2677321329,0.0,9.51421859587
9.08560522776,22.2582844344,-13.9917922085,0.375210145225,-2.83689972838,66.6342723104,9.18077923217,8.39459359449,0.468674793273,176,9.15215598694,-9.20326674504,-15.123027006,-5.16648227644,-13.9917922085,87.2463563333,-13.9917922085,22.3163241804,0.0,9.08220482803
8.74405761268,27.0506935614,-18.1175582104,0.393904203734,-2.57893375882,66.917966222,8.8468885316,5.78046276287,0.412989212386,177,8.82031013533,-8.86615093647,-14.0431643454,-2.84053893104,-18.1175582104,86.9845919863,-18.1175582104,22.3739784787,0.0,8.74670261875
8.59443341624,27.2580502231,-13.5942119609,0.379820593239,-2.17824938355,66.9725767498,8.69865877821,3.59406716836,0.347238065294,178,8.66393249184,-8.73042938008,-13.6929363282,-2.37391572403,-13.5942119609,86.8843512076,-13.5942119609,22.4369899116,0.0,8.58766268387
8.19121003321,43.8745380954,-12.9068428729,0.281380739682,4.69324773537,67.2836442852,8.29902012334,2.95241812484,0.339756000102,179,8.26724042583,-8.33080848364,-9.19007116176,27.895136323,-12.9068428729,90.6909581181,-12.9068428729,22.4793948111,0.0,8.19473821129
7.75043588778,29.8734329041,-17.6909060674,0.616322375993,11.275433003,67.4969088184,7.86497341061,4.34689574022,0.373301968319,180,7.8202436769,-7.89519815094,-14.8507497629,77.594663216,-17.6909060674,91.3236255899,-17.6909060674,22.5304903835,0.0,7.74509479943
7.98407364082,1.76263262382,83.6726400515,0.737882508911,26.0456045182,67.8011538578,8.08652347728,3.70424289645,0.331479010416,181,8.05325916959,-8.14203879904,83.8828210338,91.0182807379,90.7484406932,92.1666327416,87.2105403723,22.5617015327,3.53790032085,7.97975886225
8.16222039462,1.89849094114,90.8267734097,0.747371443803,33.1298582095,68.2113184644,8.28678455962,3.96466400456,0.36816668647,182,8.24150516514,-8.32656365509,83.3513558935,92.3888900036,90.8267734097,94.1738185291,90.8267734097,22.5981934405,0.0,8.16078306314
7.56843855921,0.641338897967,-18.9578116654,0.871011238072,44.5989188446,68.5753364703,7.70581096341,4.98184572662,0.392320102936,183,7.66453931205,-7.76091946492,91.6831385818,93.6757010105,90.5310749515,94.0225605262,35.786631643,22.6540420972,54.7444433085,7.56451006217
7.58551074024,0.721349333381,89.2061640615,0.895735050174,44.6302683867,68.9255572114,7.74265363109,3.93891639232,0.378623312959,184,7.69563876758,-7.77491844076,91.6945925345,93.521709022,94.5379344841,93.9690265823,91.7771513519,22.7116034192,2.18081954103,7.58769631702
7.43279394105,0.790149919455,91.8990451248,0.907919165464,44.1716254292,69.3231854718,7.57849073932,2.78826814111,0.367188492408,185,7.54020683972,-7.61365279348,91.5239480266,93.367584705,95.0153965097,93.9257872055,93.7513331542,22.7687174625,1.33851103567,7.4385755475
8.06718805588,0.832680799313,87.3132821058,0.915536946492,44.4086548795,69.923154459,8.21052955662,3.69126282016,0.397846386271,186,8.16102718238,-8.22341592094,91.457696427,93.3600518291,94.3164056592,93.904671148,91.6896536055,22.8201813381,3.11521117859,8.06288373618
9.62294570302,1.1134850693,91.6901419686,0.916545367413,42.1714474828,70.6378282811,9.76897791301,5.22056426853,0.482352825255,187,9.71768402059,-9.7687431554,91.2167137001,92.9426006709,94.7160368978,93.9261761158,93.3826059615,22.8631746385,1.26113403529,9.62304019953
11.0101439988,0.775780453126,87.6143427189,0.917608138632,44.619576726,71.071445812,11.1468964225,2.87050882556,0.422604592024,188,11.1071240286,-11.1844327995,91.4760816833,93.3866199045,94.1457149044,93.8880771559,90.8800288117,22.9244980361,3.26568609272,11.0143407572
12.3142693886,0.904632198453,89.1792902585,0.919168737614,44.0358408588,71.3637308193,12.4455360807,2.84177206614,0.436783226807,189,12.4080704305,-12.5098107801,91.2984948845,93.2699404328,94.6852073123,93.8867899157,92.4826862456,22.9773267969,2.37875665616,12.3177486013
14.2604627957,0.72243955123,93.5482520898,0.933701610046,45.3005907842,71.6892730048,14.3991735795,2.55264425126,0.487834970675,190,14.3528553764,-14.4676712782,91.4451315298,93.4180611855,94.2223301848,93.8298306721,93.9682003123,23.0306128329,0.299128861201,14.2634317513
16.3561491526,1.32933980103,85.8336912264,0.913083161885,40.3780981901,71.9768156381,16.4828891728,3.16022712863,0.515348357926,191,16.4463958811,-16.582517048,87.4068000134,92.61212632,93.2123655591,93.8442788251,89.5230283928,23.0732986591,3.68933716638,16.3577069098
17.9969181582,1.01950655945,91.9012386992,0.925731854181,43.6727690274,72.4088828818,18.1393962032,4.38662933302,0.652583229089,192,18.092531354,-18.234533948,91.0434170741,93.1645593532,94.6559421902,93.8236218608,92.8273106209,23.1190837551,1.29307341085,18.0036054964
19.8327386363,1.07964353976,90.4555122011,0.918383966957,42.7756566472,72.661872301,19.9750303045,4.62650162771,0.624015286481,193,19.9295378396,-20.0770573057,89.2995162011,93.0390669777,93.7491264344,93.8183694978,92.4754940506,23.1625153779,1.4444726427,19.8396722261
21.7479515948,0.986651070427,86.8571059453,0.890708649199,36.6923525005,73.0733355461,21.8759924571,5.59027019765,0.645825484453,194,21.8349547442,-21.9825049747,87.6941701922,92.1168343357,93.9845074702,93.8004747777,90.4208067078,23.2087018011,3.56370076244,21.7473951713
23.6748591969,1.21337843009,86.5590967589,0.9046750747,42.1541397782,73.4723023742,23.800977105,9.05123921584,0.797228909281,195,23.7625080694,-23.913970516,87.1906644065,92.9992067296,94.8669442293,93.9623187648,91.975192219,23.2656134187,3.83269398611,23.6760079774
25.3947580681,1.29377938507,88.8380738691,0.903426127712,42.1218829111,73.9748599138,25.5242071338,8.96217515148,0.862199498774,196,25.4910051121,-25.6528163767,85.0234291935,92.9910940417,89.7823559135,93.9575625746,89.3102148913,23.3202829369,0.472141022179,25.4065866382
27.2555387524,0.790424173222,92.6452347216,0.922214385593,44.6436647677,74.2379728039,27.3742504417,8.00373058001,0.80323472211,197,27.3316693788,-27.5205926209,91.1333655657,93.3659849448,93.4469032164,93.8063344546,93.1541039712,23.3618514516,0.361185805343,27.2497917338
28.3438014625,1.94396363917,93.2999637794,0.890718323268,26.1119536538,74.3424281265,28.4742201099,6.77497979859,0.800216391842,198,28.4382113357,-28.6337450078,82.8931308469,89.5558098002,94.2654355877,91.1184591423,93.9178563733,23.4289499771,0.438053227691,28.3522359221
28.2981008949,2.72718731312,-20.7474340447,0.768996089439,14.5575208429,74.4537160581,28.4323784637,8.14743307731,0.862346287996,199,28.3885601076,-28.604391483,80.8246052937,86.7268623252,-20.7474340447,91.0810351983,-20.7474340447,23.5074271574,0.0,28.297065665
28.4680771665,1.30751167655,81.3032745434,0.801648135363,25.0061141341,74.7021817879,28.6104909138,11.5067184393,0.876256256342,200,28.5612892807,-28.7362372639,85.255750751,90.1612355679,81.3032745434,91.4988992548,81.3032745434,23.5840616272,0.0,28.4633720455
28.2115942304,1.72026701403,82.7983915709,0.838502133776,34.0208974731,74.8069543323,28.3610724735,7.7309143561,0.743025971424,201,28.3255511366,-28.4996153995,85.8581799449,91.8478054683,82.7983915709,93.8784796254,82.7983915709,23.6367194248,0.0,28.2166394167
27.9080835731,1.12583790307,84.6634158561,0.91727576742,43.0181860143,75.1502605471,28.0730164243,9.25013252639,0.805007281605,202,28.0279464603,-28.2322604818,87.4082770076,93.0756024775,92.4573233348,93.8564792122,88.5603695954,23.6832894424,3.89695373934,27.9120124351
27.7090610816,0.996008630941,85.3749335855,0.930468773608,42.7614279919,75.4059650417,27.8777882945,8.77644056853,0.785770805991,203,27.8313873736,-28.0343830375,89.3658785454,92.9592197462,93.2255902739,93.7488593483,89.3002619297,23.739449654,3.92532834422,27.7071496702
28.115902691,1.33005921886,85.771511663,0.939217581715,42.1312844977,75.6570810588,28.2804861429,12.0302241725,0.87037608826,204,28.2443381939,-28.4487391406,86.7931250355,92.7550200697,91.8798056207,93.7202661452,88.8256586418,23.8061601162,3.05414697885,28.1131255101
27.3380285897,1.04603884287,87.5583713679,0.936066937138,42.1687282776,75.9021352764,27.5065143705,10.9905377094,0.808118777577,205,27.4796428163,-27.6807812454,87.2816783489,92.8130066765,93.540814157,93.7029496685,90.5495927625,23.8824009861,2.99122139453,27.3357824586
27.8454403163,1.27231690554,84.0022100215,0.940698561866,41.0786357954,76.279133262,28.036608484,12.1751568294,0.888544646517,206,28.0025563569,-28.1851901375,87.5986670242,92.5603335784,93.9258910843,93.6916595514,88.9640505529,23.9514003623,4.96184053141,27.8486227078
26.7970623813,1.48217038254,86.1950339763,0.938728924925,39.7566956916,76.6756533148,27.0049590657,10.9394643514,0.860698455833,207,26.9644397984,-27.1302563131,87.2320626279,92.285494917,89.8583779303,93.6801175707,88.0267059533,24.0261137672,1.83167197701,26.7942133909
27.1897301358,1.45662025202,90.5519659656,0.942967918411,38.5066548538,76.9391884272,27.3938055962,12.2584148037,0.905084768905,208,27.3577805584,-27.5299271293,87.6524677362,92.0204311442,90.984211595,93.5783022953,90.7680887803,24.0942104512,0.216122814675,27.1928721739
27.4661358722,1.40065565814,84.3134009241,0.945114801986,40.0004228678,77.1575042168,27.6718646556,12.613875215,0.933171564414,209,27.619155878,-27.8265668108,87.1192384503,92.303845645,93.4786918647,93.5746479515,88.8960463944,24.1581564717,4.58264547032,27.4563915039
27.0080491487,1.60107019616,84.6218736306,0.938342477459,39.0147477558,77.4405747396,27.222326086,10.2484804428,0.845422319298,210,27.1781564985,-27.3568925194,85.8409972372,92.1327802786,94.2527843179,93.570490135,90.8394440421,24.2242138238,4.40351300344,27.0052316851
27.1094895739,1.43085248274,86.9060838042,0.944889253274,39.9849853735,77.7305081023,27.329830809,8.52637195017,0.816660822847,211,27.2983289446,-27.4591857908,85.6906283238,92.2964638766,92.4701521897,93.5632767797,89.688117997,24.2864550358,2.78203419276,27.1115690361
26.9855092303,1.56592563507,85.9907573435,0.948655477497,40.3179204918,78.090476089,27.2083985387,9.4502928734,0.829965576054,212,27.1838342542,-27.3617626302,85.4488762952,92.3220109902,93.0832907912,93.5618723284,89.5370240674,24.3504478621,3.54626672381,26.9894332635
26.8154540963,1.36273696164,85.6161014118,0.947659758562,39.8035621349,78.3056586923,27.0589028992,9.35011653658,0.806925499919,213,27.0202560666,-27.2044055114,86.7661141482,92.2592377282,91.9301303861,93.5514535501,88.773115899,24.4174699865,3.15701448715,26.8124544354
26.580088445,1.23764007837,87.0297603001,0.952470503956,40.8799050675,78.4937709311,26.8352261688,9.0975125925,0.797770475044,214,26.7945646342,-26.972011403,88.1856200192,92.4529837155,91.959649025,93.5506871728,89.4947046625,24.4823170606,2.46494436245,26.5813519406
26.4791490758,1.51297456944,84.4583791077,0.951868270919,40.3248775448,78.7085134837,26.7410085021,8.44439158571,0.801678184501,215,26.7061822535,-26.8777708735,86.141799363,92.3044520839,90.5412719058,93.5479724956,87.4998255068,24.534580913,3.04144639906,26.4833307946
27.7800138697,1.36712258104,91.6604865081,0.953519699722,41.0939411118,78.9987037939,28.008329675,9.43074828968,0.866309177192,216,27.9696837225,-28.1680327918,88.6050763853,92.4551815256,93.1245775012,93.6314073243,92.2961728129,24.5826482616,0.613050237472,27.7765559486
29.3068140698,1.51395565857,90.7773007058,0.944841906024,40.5962149731,79.1790328654,29.5308272119,8.2561260799,0.867011143042,217,29.4957141391,-29.7054776449,84.7256193572,92.402715202,92.8266538153,93.6466282042,91.8019772606,24.617012296,1.02467655475,29.3065655738
30.0245749803,0.937621910041,83.9357156961,0.958718853025,44.0028781344,79.4632780009,30.2360461572,8.63199180618,0.843778983428,218,30.1981437658,-30.4432014019,90.4733006579,93.0201099157,94.8579719617,93.6460425378,89.3968438289,24.674369261,5.46112813279,30.0216866531
30.1210519947,1.08026785417,85.7027759805,0.961470481317,43.5034094057,79.7885972228,30.3303989081,7.82002277301,0.845561402345,219,30.2970491035,-30.5308872021,86.438360991,92.9049134188,90.0025960971,93.6425755826,87.8526860388,24.738089604,2.14991005832,30.1284199676
30.516509134,1.03220146269,86.1946810954,0.960843232614,43.2460653651,80.0637126894,30.7273441222,7.28231507062,0.866616190285,220,30.6964918924,-30.9402702819,88.9490385505,92.862714121,91.9653034195,93.6406202006,89.0799922575,24.8035250228,2.88531116205,30.5215923882
30.3725730215,1.36044750586,85.1083615347,0.95408873621,41.7690137796,80.2408915773,30.5800272539,7.36742870681,0.885505154059,221,30.5423755426,-30.7707450464,87.6657295993,92.5825147787,93.3087774236,93.6404294042,89.2085694792,24.8646298155,4.10020794448,30.3681568158
30.312924261,1.22020104531,87.5182124435,0.962715807967,43.2185368544,80.4788744802,30.5306417241,8.0999956407,0.889408662995,222,30.499334826,-30.6954836199,87.2806569609,92.8252713008,87.5182124435,93.640886827,87.5182124435,24.9092643554,0.0,30.3139336563
30.4475131633,1.05347502332,-19.5787405923,0.961119613343,42.8491702897,80.6543305395,30.6600041075,10.8790713186,0.932707629673,223,30.6235514985,-30.8504049742,88.9052403297,92.7851476189,88.4757480828,93.63326951,34.4485037452,24.9523910728,54.0272443376,30.4480678649
30.7902006021,1.29618362828,89.2852208037,0.954198993371,41.6309684489,80.9516176161,30.9921531931,11.1665743349,0.984260461895,224,30.9581883242,-31.2126707663,86.5854770988,92.5631653648,91.2109189149,93.6253659772,90.2480698593,24.9949104484,0.962849055596,30.7918714622
30.6481339688,1.17541700871,87.8823175393,0.961009598912,43.459222692,81.2482266426,30.8570188256,13.2334787071,1.02993251836,225,30.8157333873,-31.0875946904,84.6877623993,92.8871157186,92.6159255584,93.6332416602,90.2491215488,25.0355068803,2.36680400956,30.6465866
31.3385703308,1.32527207548,87.0077834677,0.962960061999,42.6402648038,81.4592705807,31.5457232827,11.3475842979,0.957659197213,226,31.5070808586,-31.7680348289,87.2953360213,92.7033889848,93.7390709279,93.6277276621,90.3734271978,25.0788117541,3.36564373008,31.3362147393
30.8940096594,1.16499659503,86.548316176,0.96418427694,43.1264630562,81.6738318737,31.1202497136,10.4718855755,0.943748889536,227,31.0765248304,-31.3431101778,87.930508674,92.8050426623,89.498512169,93.6306404165,88.0234141725,25.1140107874,1.47509799648,30.8918916522
31.6992454599,0.776413670666,90.960907048,0.967711518405,45.3337130654,81.9168722298,31.9081135635,11.3529720995,0.940135684373,228,31.8669408448,-32.1548103965,90.8153847084,93.2239892071,94.0140555851,93.6402630503,92.4874813166,25.1299943277,1.52657426854,31.7004023165
32.0744313586,0.37529175568,86.3582459722,0.971389321252,46.782128987,82.1470322475,32.2800365672,10.2075584926,0.928390726225,229,32.2472116366,-32.5444832448,90.962093717,93.4813300615,94.9039798957,93.6466622614,91.6972790988,25.1439235766,3.80065985027,32.0783990593
33.2770087309,0.0243561176309,91.6016945448,0.978452978675,47.163640112,82.4813999996,33.4870542976,12.709908517,0.990180806579,230,33.4382218142,-33.761782327,93.4179543706,93.518882985,94.1382476577,93.5580916065,92.8699711012,25.1580865803,1.26827655643,33.271070679
33.5503777453,0.0267188342233,87.821323834,0.978455708101,46.631802955,82.704652475,33.7477434927,8.56666873854,0.884970276761,231,33.7086234042,-34.0427818655,93.3801314225,93.4279297136,95.2065961046,93.4783480427,91.1740647198,25.1884120364,3.05310202578,33.5491283748
34.5023423764,0.0272122374716,91.9166760263,0.978486093098,46.5467389547,82.9721979451,34.6742782247,11.631365847,0.982738683529,232,34.6427361086,-34.9823822175,93.3546488713,93.4132781787,94.5141396871,93.4543448918,93.2984005599,25.2373682908,1.0668857276,34.5031718638
34.9701257035,0.0315622257856,93.4038869775,0.978598375199,46.5346518807,83.183718036,35.1474053419,8.04001858531,0.872951422511,233,35.105272272,-35.4417886801,93.3082293664,93.4105520145,94.6613960297,93.4511975242,94.1200021989,25.2834721407,0.528032781377,34.9671221689
35.7197535816,0.0439116983325,89.5392564837,0.979312215012,46.4055679111,83.3784073072,35.9029830279,10.2339755227,0.954764688673,234,35.8691179921,-36.1955689916,93.3069984796,93.3840558682,94.5886687222,93.4450838224,91.9525625824,25.309007102,2.0674252719,35.7219823566
36.4291510681,0.0296154971697,91.5352830348,0.975935581199,47.0316707775,83.5818551566,36.6120966057,11.2827638571,0.944705782246,235,36.5658218369,-36.8597812299,93.4442923341,93.5103515425,94.825469687,93.5434919897,93.5198931394,25.3313517016,1.42645177049,36.4196423219
36.7983667378,0.0224602989575,85.2212676661,0.978935062422,46.6509057638,83.7711669371,36.9866012963,10.7903570933,0.918582808694,236,36.9474818709,-37.2344329171,93.3716499669,93.4286520172,94.2546167519,93.4709450199,91.2109303737,25.3702849804,4.23551896279,36.7990397772
37.693880891,0.0311488953738,90.9075792001,0.978088119824,46.5531110997,83.9305263303,37.8717120995,7.19953199429,0.808655747586,237,37.8295225184,-38.1142311863,93.3068523823,93.4166135881,94.8121285388,93.4564308013,92.5860315618,25.4015326146,1.6403886436,37.6931790207
38.3321856075,0.0247102440972,93.6718431315,0.977969805237,46.6809002763,84.280854696,38.4950005572,8.97634632899,0.838180038694,238,38.4546078082,-38.7744487088,93.397604192,93.4391265666,94.1969367809,93.490971066,94.0006749065,25.4339762788,0.23396854358,38.3267166561
38.6611632543,0.0243827610799,89.4906765221,0.9778303106,46.686518794,84.4563865451,38.8164225741,4.85436128152,0.73473781508,239,38.7801258124,-39.1019039959,93.4140173459,93.4407142765,94.9123760426,93.5300811468,92.7879360708,25.4572364309,2.36366040181,38.663253267
40.1957661811,0.0441945246038,93.669768967,0.979384984923,46.4851606966,84.6703381925,40.349230083,3.56505025262,0.698530661401,240,40.3239037373,-40.6094478336,93.3057571573,93.3973676688,94.8021671396,93.4469310011,94.3378855918,25.4884596868,0.484247154035,40.2027653389
41.0242971502,0.0214708357231,88.3065891749,0.979576250376,46.1533549328,84.9592923169,41.1855177276,3.74411187914,0.642107157192,241,41.1548129793,-41.4122538953,93.3085878372,93.3388814974,94.1022113058,93.4031943045,92.0626692344,25.514975472,2.65922118537,41.0260661299
42.2025484206,0.0275764767294,91.8073422956,0.978487363548,46.1602007307,85.1596968708,42.3471570343,3.11417093759,0.596326464125,242,42.3214306026,-42.5745415263,93.3167887534,93.3462859279,94.7868121909,93.4245277987,93.7809232143,25.545728769,1.39561957213,42.2020870673
42.9624990229,0.0403444574129,85.5101160002,0.977995153143,46.243408764,85.2365888777,43.0907079914,4.57622933043,0.609568788318,243,43.0685529981,-43.3082588085,93.3150559638,93.3635099169,94.3421597402,93.440722418,89.9261378702,25.5631360161,4.41602186999,42.9650879411
43.9166397863,0.0287015200306,87.2681990006,0.977002272868,46.6405878789,85.4019831437,44.0234596267,5.52484660769,0.664342380059,244,44.0011651698,-44.2717510071,93.3043184814,93.4376921162,94.8078708462,93.495347081,92.1005763669,25.5845079486,3.42526357551,43.9157858387
44.1308700976,0.0382223303813,89.5174421027,0.976601799129,46.5902976168,85.5231528249,44.2147499638,5.06985130808,0.638131055907,245,44.2004545823,-44.4846912491,93.3016491704,93.4312058853,95.1226183742,93.5100855274,92.2279159066,25.6236149168,2.29200864005,44.13289017
44.2075877955,0.0260825363098,85.7744992805,0.97864380304,46.1513345885,85.5999466144,44.2883271473,7.14433715961,0.694011440651,246,44.2654029025,-44.546200961,93.3134930897,93.3438996477,92.8423529179,93.4198185664,89.3084260992,25.6657243377,3.53392681868,44.2000082577
44.4599924262,0.582783026156,85.736859936,0.97544370315,45.9773974044,85.7284593439,44.5226329401,6.6098454261,0.670137380635,247,44.5167344677,-44.7916372097,90.654629113,93.3128657364,93.6784044953,93.5301524616,89.7076322156,25.7047320882,3.97077227966,44.4686811752
44.6270278642,1.17963927782,85.4870415548,0.976123164029,43.7041722185,85.8132032637,44.6854677502,9.75534118972,0.750000921917,248,44.6723487465,-44.9666292272,90.5858303074,92.8507884468,90.5265280097,93.607753818,88.0067847823,25.751080902,2.51974322747,44.6253466385
44.6109624008,1.06817172404,91.1779616591,0.973210036794,44.217340342,85.8946399171,44.7037054084,6.94545848192,0.669312878392,249,44.6894826025,-44.9539765133,90.5994933781,92.9718832019,94.5700427441,93.5894803822,93.1906750937,25.7981369045,1.45542632555,44.6113873393
44.9610877896,1.13897178306,88.3856065999,0.975297394122,43.7935563934,85.9034118277,45.0775003794,8.8273754198,0.74074592481,250,45.0608584838,-45.3021479597,90.6945413868,92.8753457516,94.1936338733,93.5882959426,92.2207831271,25.811830814,2.71225468173,44.9600568622
44.8313912349,0.977100980241,90.9376616458,0.972555682677,44.7595563646,86.0013042351,44.9710143651,8.7762493735,0.745302580242,251,44.9588842034,-45.142611289,90.6974209002,93.0824390485,94.1426610282,93.6194812972,92.4949410235,25.8223356075,1.3099974276,44.832586802
44.88412421,1.04107558617,88.2275213891,0.970061677219,44.1129876893,86.0736246288,45.0697920275,10.1309052714,0.792778220102,252,45.0683440093,-45.2142541779,90.7385096831,92.9736827581,93.3667178629,93.5902379283,90.797119626,25.8384485626,2.56959823693,44.8987446014
44.6484786514,0.889629127716,84.1626589381,0.968234834506,44.8407778905,86.1396499274,44.8706803189,8.88786777484,0.792576718511,253,44.8446670875,-44.9736717521,90.9542489616,93.125532675,92.991289968,93.5628064466,88.5769744531,25.8458332187,4.41431551493,44.6458245593
44.1027588219,0.993469147519,90.9415744006,0.971991060975,44.5131189479,86.1935983426,44.3975244057,10.1300362898,0.879848833424,254,44.3809571292,-44.4503977619,90.8638420174,93.0398497241,94.3791704578,93.5774600229,92.7152056297,25.8615951596,1.4055335174,44.1096169203
44.5968435175,0.991079696892,91.7702841599,0.972988068256,44.5398369444,86.208180279,44.8911403922,12.3466488236,0.923943677113,255,44.8738398386,-44.9128246817,90.8652902239,93.0361853972,92.2086799431,93.5656871286,91.9894820515,25.8749631652,0.21919789158,44.5986184714
44.5250839599,0.747256235029,85.9652915509,0.974249921142,45.692141343,86.2111252598,44.8400073454,11.0900714892,0.885106205403,256,44.8271961535,-44.8397263389,90.9982906376,93.2541591667,94.2151134831,93.5653127937,90.7161072179,25.9008463785,3.48235174959,44.5378451533
44.0881342017,0.647517058322,91.5625045168,0.97272482501,45.9495170506,86.2437606347,44.4357530827,11.2623779798,0.923200737273,257,44.4165292559,-44.4293787581,91.0476073522,93.3155149525,94.6366820267,93.5656838454,93.5235480168,25.9317520654,1.39088813784,44.0896782572
44.0923215853,0.709317586035,89.7203164283,0.975789932874,45.8846934615,86.2742564585,44.4205143591,11.6358092057,0.934712347677,258,44.4052406769,-44.4312466127,90.9051301701,93.2837581949,94.5619757845,93.5591982147,92.8593903737,25.9612274343,2.22231723097,44.0953963469
44.2695265575,0.0441667146616,93.6190166289,0.978460786652,46.9686253205,86.3110667583,44.5733113014,12.6200195214,0.971354558325,259,44.5597550453,-44.6247086601,93.3919488676,93.4851359278,94.7748008684,93.544543362,94.1822293601,26.0048835503,0.472303402054,44.2761904571
44.4989680735,0.399296950778,91.8788489041,0.977402967352,46.7560859577,86.3020357147,44.8104152265,9.04817825484,0.887213012696,260,44.7955318967,-44.8490747023,90.992501025,93.444232497,94.0599943277,93.5495378865,92.9694216159,26.0282431749,1.09057271176,44.5040686827
44.7774440938,0.0392279044302,91.1948778287,0.980921847678,47.0774920444,86.3043957952,45.0865124326,7.17278488824,0.787002956201,261,45.073816417,-45.1521303702,93.3869191115,93.4901868639,94.1112983913,93.5380874237,92.4351157035,26.0532808528,1.22988160259,44.7848145641
45.0985245069,0.0336915353734,88.2253413063,0.980471859397,47.0539686816,86.3238214714,45.4098006813,8.47474431966,0.811437821742,262,45.4018836459,-45.4885908725,93.38509758,93.488627943,94.0975278221,93.5349881392,91.6664129078,26.0800686083,2.50141999693,45.1033158183
45.2451087537,0.030489267242,86.4999353757,0.980987520149,47.1115135325,86.3521342277,45.5751249202,9.87489889393,0.874818906834,263,45.559569667,-45.6162971858,93.4322506835,93.495597979,94.6870420719,93.5376745096,91.6713104534,26.117510432,3.67353399843,45.2478462328
46.2361724508,0.0292498267424,92.3880503157,0.980975903076,47.0662973818,86.3907627385,46.5305466272,8.32339217598,0.828102385768,264,46.5181153364,-46.6017161668,93.4320249767,93.4878791706,93.8684198037,93.5297555886,93.330642126,26.1387207209,0.668719830052,46.2423617599
46.0781236016,0.0261865583116,90.0011596599,0.982427578762,47.1540901171,86.3428317073,46.3720859761,8.01730715682,0.824553727269,265,46.3532748274,-46.4562574074,93.4340709209,93.4946489604,94.7939413027,93.531351227,92.3975504813,26.1569005979,2.39639082138,46.0830783825
46.3497535245,0.0291919943288,83.3560539156,0.981351893876,47.1144117959,86.3005898543,46.6061076155,9.12336642185,0.865010130665,266,46.6020634322,-46.7423013085,93.3973260742,93.4938319142,94.6704116384,93.5354005732,90.7562540079,26.1836650539,5.23564970207,46.3658560711
