AverageAction,PolicyRegParamNorm,StdReturn,steps,AverageAbsQYDiff,AverageReturn,AverageAbsY,AverageAbsQ,AveragePolicySurr,AverageQ,MinReturn,AverageQLoss,AverageY,AverageDiscountedReturn,MaxReturn,QFunRegParamNorm
0.994623168549,11.9739857508,177.740296894,300,2.66224182717,-637.563453642,4.09254294037,3.82617946,3.42960518811,-3.82613565476,-1517.81063728,57.9884490169,-3.89977026153,-402.012003486,-355.490153528,13.1012023759
0.990471627885,12.0618495962,163.609962078,600,3.05179467534,-604.577470148,5.88921407602,5.19749845572,4.93764011621,-5.17972230995,-1096.77610592,87.4064062781,-5.31537482921,-386.581428192,-345.683554291,20.0059743881
0.229691026613,13.3915828324,186.25470395,900,3.06490441902,-490.642156029,7.66310091779,7.09292769165,6.31439142544,-7.04233638582,-792.739201157,97.5158467882,-7.05387689643,-220.195573264,-73.3824667837,23.6989713307
0.270575024732,14.2167574157,181.406846087,1200,2.95484308545,-528.73283945,7.8269794598,7.23428116573,5.80459480375,-7.11690703629,-851.49084012,89.4812368248,-7.22767945093,-256.694070466,-165.835261515,27.3112926976
0.137500475206,14.8745719263,164.753430237,1500,2.36876035926,-470.170081429,7.96453781098,7.50150544493,5.87721397591,-7.27204759818,-831.773638251,53.1683605589,-7.31200287984,-173.630178589,-227.500398901,30.0249128065
0.14102154439,15.8409946319,109.018627226,1800,2.34110154899,-340.918815981,8.73781642053,8.44576651791,6.29473039487,-8.14233009709,-558.21533911,43.870270227,-8.1840499997,-113.734103649,-105.659598928,32.4992656453
0.143800594574,16.4720844333,75.8636375924,2100,2.07155371439,-426.267814666,8.80099339823,8.58455047607,6.21387012783,-8.15677873434,-571.136875311,34.3446617325,-8.16454533265,-143.283469172,-195.229875686,33.7843655799
0.186389816467,16.9447821249,12.2384877847,2400,1.92741790986,-27.3188345483,8.62780976436,8.34469502925,6.06140749611,-7.95383789344,-59.8902410254,30.8222388086,-8.01245281522,0.0884331937718,-7.86551082851,35.243006413
0.205164199198,17.5817298538,27.7963920146,2700,2.01339123391,-35.1006073965,8.72257125462,8.48370369868,5.78400454787,-8.01359318235,-121.852065525,31.2127441071,-7.99823667547,-4.08845974128,3.6402719742,36.9980666503
0.224937112309,18.0334856948,25.7010493268,3000,1.98154974208,-37.4812836939,8.53861444502,8.22853054724,5.46547751562,-7.64461537404,-116.146917896,31.1050489898,-7.67576144488,-1.67701497812,5.71354187456,38.5064230685
0.233775516998,18.392681151,16.747068167,3300,1.78534759262,-37.4517894018,8.24573585343,7.90248648136,5.12988652284,-7.26764702689,-66.8557922877,23.4657031463,-7.29472744171,-3.9602438414,-12.360923947,39.1670611982
0.276051821381,18.8743603959,16.7016929488,3600,1.62364417333,-21.9978325153,8.06234167179,7.76651841324,5.01450992192,-7.01526620458,-51.1134089617,19.4966335595,-7.01274516004,1.94315994669,14.0284604844,40.0366431935
0.321047048057,19.3563567518,18.8569761225,3900,1.71992827854,-43.6059207756,7.66964972573,7.26796966017,4.24712205684,-6.22803769864,-77.6849618097,21.9837508472,-6.23587823287,-7.08710475967,-6.75313131833,40.9091019444
0.271826935222,19.5827512897,72.9638109336,4200,1.62030074019,-133.434326569,7.91939552089,7.59831759151,4.29269768763,-6.31697076815,-249.298095767,16.5531525815,-6.31846198286,-29.5151667896,-45.0243052534,41.7977172173
0.300770618684,19.8720014585,45.5835564094,4500,1.57630073971,-107.260695785,7.61255871318,7.25883439914,3.71784086125,-5.76183976706,-222.339259608,16.8365788628,-5.78908229144,-27.2710539088,-30.7857123536,42.8963616495
0.400015471848,20.1663316076,19.781538287,4800,1.45752552692,-82.2384089123,7.28861722199,6.98461343145,3.21679420466,-5.1026827361,-116.429054884,13.9111784519,-5.09710386456,-18.5294375319,-51.4427514498,43.3296248312
0.402076142513,20.3773033256,19.7819756772,5100,1.53155465445,-83.7700062538,7.45785617528,7.12758661436,3.20166748518,-5.08664258097,-115.458853854,14.5144633952,-5.12795815182,-19.14857497,-48.5129917809,44.1842763886
0.454011502796,20.6177456829,16.155025498,5400,1.58198566516,-59.9632663926,7.84738287507,7.56205953668,3.2224395077,-5.08514337594,-100.234396962,11.584694311,-5.06702125543,-9.79263110317,-34.5107861519,45.3170848218
0.420710774062,20.7498627993,131.317957839,5700,1.60653155222,-121.517449973,7.80297870801,7.52361697699,3.05453732004,-4.65142056505,-674.200594873,14.4305858056,-4.65380678119,-26.6356654818,-47.8830972456,45.9252596077
0.415340107276,20.9833690836,50.0086207802,6000,1.56975655197,-190.069106411,7.93178804783,7.64227788309,2.71364426233,-4.38184699532,-250.073297419,11.7224274316,-4.38925943867,-21.7667915648,-65.7771346476,46.8565775446
0.365847807537,21.1762709663,50.7028878802,6300,1.58831027047,-132.419238052,8.08206791384,7.84124212824,2.81500355925,-4.30837281314,-215.968070226,12.5941140195,-4.30669437416,-5.78605972261,-50.8556643862,47.617459215
0.415624924327,21.287878824,54.1089765158,6600,1.5114454864,-167.669060672,8.00817416727,7.78511823441,2.36478352459,-3.89355347593,-251.691303954,10.4555488773,-3.91625435197,-15.9384433935,-65.3098519181,48.069720785
0.482173023561,21.3872131249,21.4055886571,6900,1.52673456922,-51.3898624786,8.44313537188,8.26090659688,2.63690294419,-4.07572969662,-86.3811082492,9.07289079712,-4.07025142332,-2.4892145319,-9.2054583901,48.8339360329
0.453303802234,21.4971045303,46.3588364119,7200,1.55968017715,-119.858878869,8.1354035385,7.96610132223,2.09132116938,-3.51257128578,-217.330791384,10.0654282163,-3.52698839244,-21.3468698562,-70.3999662332,49.8264666903
0.531409088629,21.5601800031,19.0050922978,7500,1.63440417704,-67.3781794362,8.32606332559,8.11252309703,2.18876191306,-3.45316767515,-108.862531957,15.3920756529,-3.4377761481,-3.91807528349,-29.5214537867,50.4921162231
0.496925408325,21.7433676476,47.734224165,7800,1.47915834614,-65.1745162159,8.0879873154,7.92885603201,1.67478679102,-2.93327510775,-205.941942482,7.78272516858,-2.95105152946,1.25200850859,6.54264197684,51.1224430083
0.573105760877,21.9152653204,20.3433952007,8100,1.65327016777,-31.5532202251,8.38135279781,8.15874818334,1.69313581409,-2.97222066962,-80.3798454712,16.6989687977,-2.95234044176,4.8710876723,5.97651637683,51.9804637993
0.505694838578,22.0595813219,18.5881967652,8400,1.48506499333,-28.7580916166,7.91607704604,7.76974503575,1.11058193098,-2.40976775911,-58.9058461531,7.65000118098,-2.43373798442,2.8479406917,24.2157469656,52.593878451
0.445481349808,22.1749878107,22.0273822087,8700,1.53343644333,-32.082646567,8.49672977867,8.38628602417,1.23633411145,-2.52920072568,-76.8720229585,10.7986604832,-2.51573211191,6.46704592827,15.0694383844,52.8301549782
0.511256751265,22.3271738403,18.6792256718,9000,1.63072798754,-36.7635591552,8.64535279095,8.46453718016,1.33864018079,-2.50410372305,-71.7133486175,11.5031657417,-2.54202645309,1.92375384985,8.3532579125,53.5449958077
0.505267966247,22.5422967523,16.8932506608,9300,1.57683888088,-31.570740339,8.585856996,8.44570443198,0.662819237324,-1.99115202079,-70.4113025727,12.1180320217,-1.96929073255,3.41343628231,3.33825751101,54.0182725827
0.471127082976,22.6736024283,19.4859591633,9600,1.4380147912,-2.0750583755,8.52679249385,8.39482125945,0.620533558029,-1.82344139126,-50.0165887894,9.2694682457,-1.82250429543,13.801230816,32.5420532895,54.47329459
0.506522966929,22.7760262763,20.2956959222,9900,1.46704288938,-30.4975272125,8.58694747473,8.43070817811,0.59637472567,-1.6805935751,-78.7186150366,8.79247797476,-1.69781769304,6.75008363483,3.51754174935,55.1531069235
0.475165782885,22.9339258192,20.2307123636,10200,1.39275357726,-34.0817232274,8.41236092725,8.30462669518,0.301287032104,-1.41786949622,-71.8209927028,6.43347883133,-1.42677024079,5.27191875339,14.7623654378,55.6580343761
0.439438376519,23.0632249546,17.4445174619,10500,1.39676011569,-22.5478548295,8.06258552946,7.93845643096,-0.47894390417,-0.662090232578,-63.2293621747,7.46099984747,-0.645067078703,8.18190563214,14.7226296037,55.7364401519
0.441465148237,23.2211655387,40.9624523755,10800,1.37301717347,-29.4108812271,7.01057929584,6.89902476228,-1.61740366315,0.772642689793,-160.925187554,6.59588063659,0.760556950415,6.25172808062,17.2838458663,56.1118855686
0.503984405575,23.3673692824,23.1188490121,11100,1.39564176895,-43.7984408598,6.56855475497,6.45842811115,-2.20244511937,1.45272663666,-83.8881072056,8.46370784799,1.46113393869,4.80775459686,4.05411507104,56.4369071643
0.445926326083,23.4505012837,33.844586272,11400,1.32409257715,-25.944130862,6.04558246176,5.89910839406,-2.95058229309,2.27672039541,-150.298067321,7.51106780256,2.27700880818,8.61261594967,15.6394407693,56.6477840572
0.443665339595,23.5388372797,31.4293061348,11700,1.26931098934,-48.6628029741,5.54103360592,5.44229262817,-3.759866621,3.07738113068,-153.603018345,7.03889713567,3.09300048056,0.764997794306,-1.04242996303,57.3023766257
0.452983429414,23.6909852573,27.9229965717,12000,1.22216115977,-27.8483426739,5.29515582185,5.18654700498,-4.38284032963,3.72630539289,-136.44952908,5.26888871012,3.72343396111,4.1394653961,7.70734293469,57.5676034192
0.454573465309,23.8263010509,37.6658776153,12300,1.20755759635,-33.8514105067,5.5321172765,5.41180951472,-4.35676565716,3.73649908298,-156.094813986,3.80403317165,3.74270965748,4.11939143144,11.7945983325,57.8866017784
0.439023157611,23.8880788003,61.6158755545,12600,1.12342119215,-59.0656999763,5.52608247265,5.44317068419,-4.47859052019,3.84543121842,-213.955774608,2.25989049534,3.84644822472,1.12164892076,19.2633692318,58.0641329005
0.418777787091,23.9431397162,39.1523002831,12900,1.14493350615,-51.2944189115,5.59666119806,5.51503318901,-4.69321403837,4.09473466746,-167.749191257,2.61262519293,4.10568215193,0.465772766022,6.09779848512,58.2269543968
0.435199835084,24.0564387135,57.9611307566,13200,1.12827177836,-64.6042388186,5.56402250447,5.47734039536,-4.85945512363,4.2368162578,-179.891853622,2.68900521576,4.23637928571,-6.3134588652,6.83082412275,58.5739165884
0.452446435935,24.1741464577,22.0192304757,13500,1.15361199819,-40.1402775079,5.81478633004,5.71970255434,-4.82751500419,4.26047715699,-86.1289473745,2.95705048609,4.26734111077,5.01534699709,-5.44916695,58.6539765021
0.473437418183,24.3307270243,21.2540897484,13800,1.17096638634,-23.4451154145,5.9345462705,5.8406659289,-5.01880536108,4.41127070703,-50.3378061508,2.8536641505,4.42360064163,3.84961780836,22.4854133755,58.8198184425
0.458764136578,24.4139629244,44.3396998068,14100,1.1568826944,-35.1674997537,5.94342461265,5.85608624544,-4.91577749796,4.33132898468,-181.337204923,3.10873807026,4.3397569757,7.48064625287,8.81820681628,59.0771045081
0.475581389359,24.474466076,54.7272372625,14400,1.08043927728,-33.5776973693,6.04037686434,5.97052376248,-5.07744801602,4.55173074418,-207.710594169,2.17453418287,4.54840164598,0.172768609213,10.3242289234,59.2653856887
0.495920503208,24.5867603351,50.5084245359,14700,1.1013870234,-58.6452417437,6.36472219403,6.28970186116,-5.20316271891,4.79113817853,-184.293188771,2.45179157605,4.796616532,-5.47349115735,-12.071079513,59.437149981
0.499335608349,24.6823428158,35.0114053076,15000,1.07760573148,-38.1585123111,6.23421803243,6.18346540938,-5.30496838384,4.83322718216,-164.291267482,2.33390336751,4.83220091329,4.83555941874,13.6415385941,59.7052791953
0.433172727007,24.800995031,17.8694056062,15300,1.09043647852,-30.2913576733,6.15538640785,6.08226091603,-5.41297274109,4.97984806135,-58.6324132107,2.73925200421,4.98995133661,10.0099856319,10.7094609739,59.9170119094
0.461136383432,24.9299206274,36.0989935028,15600,1.04501064728,-42.0216138835,6.09158039343,6.04504282364,-5.63380504873,5.25612472102,-190.259696744,2.54438678428,5.25926861831,2.18810022636,8.40873230761,60.0970897634
0.427353285506,25.0227935658,51.9299989967,15900,0.983067284268,-41.0443739037,6.08519306856,6.04521621723,-5.78436735827,5.40809385974,-192.454629182,1.84477132484,5.4053456222,5.22940778206,15.5185127367,60.2696679008
0.42014402843,25.0644065143,56.1384853498,16200,0.959989663551,-39.4863649702,6.12753748628,6.08712476625,-5.86850816334,5.53772450258,-212.801023332,1.96600680763,5.54655766004,1.73768937479,6.8782852312,60.4347864962
0.432519627368,25.1247755449,41.8556794111,16500,0.949418318945,-41.0862499765,6.13456860532,6.10244634911,-6.15511826402,5.82343113056,-187.710886055,1.80546027392,5.82047267755,2.38248236874,16.9357604667,60.4143604683
0.470391359793,25.1389301285,19.4932555484,16800,0.938334441587,-35.4515893591,6.22608558177,6.18614650778,-6.22176118042,5.86817475533,-66.4650776516,1.7672926044,5.86788178853,4.27533879465,4.81379004959,60.5670946301
0.350057157255,25.3004809988,42.4058115073,17100,0.950172978226,-37.9961514034,6.39401362085,6.36465215796,-6.3335742904,6.01531974699,-226.608217864,1.93336548964,6.01836406062,3.1297924593,-3.0057707005,60.6105766682
0.242925856488,25.3768711941,32.7469937487,17400,0.940908657246,-56.3771885981,6.341061133,6.31300671952,-6.31570719758,5.97939943227,-190.921135756,1.947127137,5.98093654836,-1.16077126865,-6.17133168802,60.6803951415
0.247315113215,25.4626238359,40.892865819,17700,0.945962960666,-31.8240865619,6.41387662479,6.3627868783,-6.41881907026,6.09024336002,-166.553832036,1.90903630782,6.09535041954,5.58874938786,7.19279472834,60.8153143487
0.344721629983,25.5596326108,65.7839179491,18000,0.926019733014,-54.1964723231,6.56713619362,6.53760390593,-6.61709437343,6.26726733047,-227.075603879,1.78552396213,6.26563140102,-4.00225852379,1.6677543579,60.8902634582
0.266623402609,25.6135358883,34.4820642784,18300,0.930536061464,-32.9990052149,6.59192979417,6.54833059589,-6.59463230226,6.26019287568,-186.148181073,1.98892757786,6.26164303198,5.47350499186,6.06210449291,61.0012248539
0.222751392021,25.6653130049,65.0459020636,18600,0.935781008862,-46.9803227502,6.63934044453,6.61257034765,-6.64716957566,6.31883028537,-192.99513385,1.97883565875,6.31831271782,-2.0631765472,11.1926928898,61.0940451086
0.248560939742,25.685028532,48.1980493283,18900,0.900842396401,-37.2559575203,6.60288909254,6.58005486047,-6.63607531411,6.33989837686,-178.030864975,1.67298635591,6.3375737921,1.67214569692,15.6720990064,61.1705219613
0.15510473182,25.8024209141,66.1550305338,19200,0.929525195162,-82.9664768906,6.90344209879,6.86765072347,-7.00475280114,6.63196610063,-204.421611994,2.04677058126,6.63365436623,-6.6636131014,3.10608181241,61.315914412
0.272207986719,25.98894165,108.60922971,19500,0.931700559276,-88.6373183229,6.94684198759,6.91493065276,-7.09849342272,6.667531055,-280.476474215,1.93876483962,6.66700138315,-21.6230922797,20.8994036982,61.4149224015
0.279512513734,26.0703792155,47.8810213635,19800,0.937602429608,-59.5700735236,7.11497212285,7.0844479503,-7.22369653048,6.85938022089,-179.725452893,2.05567797846,6.86140753059,-5.13531823852,-8.72764391081,61.5946538665
0.277255991047,26.1971647572,55.3929766778,20100,0.932947136772,-50.2120493707,7.26866639206,7.25495434231,-7.38858239001,7.01887697408,-189.304313542,2.02250865388,7.01232885635,-0.648720986509,-0.477234727441,61.7120408847
0.258459604006,26.3531002004,81.2098682662,20400,0.909376479032,-94.8031761232,7.38915840268,7.35319488107,-7.5713925054,7.15864992067,-264.214097627,1.99151528357,7.16246856639,-20.8326692164,1.08859534238,61.7983135966
0.27714442732,26.5522732221,301.458901744,20700,0.950832218301,-286.58671135,7.55981672909,7.53752387983,-7.71510685492,7.30732789132,-885.607036723,2.30844065416,7.30616168941,-95.0430696214,-33.2590834534,61.9277543242
0.308345989085,26.6686536817,208.404452012,21000,0.930660557094,-178.589488267,7.67313218328,7.64645095756,-7.85742540672,7.4500641019,-636.841107859,1.93439275176,7.45045514841,-81.2223950175,-0.511969133039,62.1234945762
0.287610913662,26.7858958192,243.327747028,21300,0.972836903647,-241.364921962,7.69206648814,7.63987402438,-7.81198109301,7.43490060282,-674.176818659,3.22215668969,7.44863218946,-121.227445908,3.53303369454,62.3160035396
0.256942718557,26.8231404741,57.9901760224,21600,1.1758910081,-43.1945663618,7.93640753658,7.87502715187,-7.98812050055,7.68209885197,-179.118692343,9.03169375001,7.66104871559,1.32156404238,10.9490069624,62.3723161046
0.175515993923,26.8492530563,70.098119715,21900,1.10718193429,-49.5142375072,8.14629241022,8.09263095474,-8.22410598758,7.84296035537,-194.471738207,6.02506842267,7.84519121024,0.530858638952,8.9418133331,62.5274307157
0.16683236718,26.8628818279,32.6898809534,22200,1.03572863808,-14.5862088669,8.13958214314,8.05124099721,-8.38428869126,7.87691964081,-170.861311789,6.17346048863,7.8804585736,7.87559132579,8.82317444738,62.7990727341
0.152569400853,26.9880666573,61.3282682762,22500,1.08990101072,-65.1874946362,8.37063836653,8.29597069581,-8.4846013861,8.07596732616,-201.338804157,7.34511943253,8.07710790815,-7.40970501139,11.376289121,62.9081817048
0.226525842027,27.0410782244,39.4810946057,22800,1.28342427875,-57.9936389685,8.78709256433,8.65274493783,-8.76490239614,8.36746861772,-148.570444033,11.7701689475,8.38444504634,-0.453111331981,-6.21570142386,63.7958434545
0.259298306162,27.2390224969,53.1292363907,23100,1.14186818643,-67.2494574676,8.84461168441,8.75961145155,-8.894908048,8.42641501367,-155.999326927,9.07901535722,8.43105667401,-4.42716369886,12.5580626435,63.7571572552
0.252426034196,27.3412926561,33.0303769906,23400,1.07936874563,-36.8610529756,8.92363480449,8.85283350601,-8.95252983276,8.47612747535,-136.808786678,6.12365145609,8.48356490796,3.91318529752,-1.76288611897,64.0958033556
0.18026969121,27.4068046807,72.5971468832,23700,1.09238183677,-91.3676292584,9.08669646218,9.03485394025,-9.23711969023,8.73842990356,-211.226706761,5.38066718159,8.74022465553,-2.37859291873,15.8536506441,64.3925581641
0.262325843778,27.4655555396,55.6839884014,24000,1.08074252388,-79.5367800238,9.20479389269,9.1597083861,-9.25396588067,8.80084302661,-173.934075353,5.33023362614,8.79995592042,-3.59261008518,-15.6887316867,64.5423865898
0.294686938309,27.6163560049,54.697199103,24300,1.06341788253,-82.3072068448,9.29499656923,9.26200920144,-9.35757011386,8.86676095385,-199.095262256,5.22609998503,8.87654712967,-4.89717390035,-10.4769627861,64.8950119525
0.264427661041,27.6627543454,51.4541161051,24600,1.01461337037,-51.017392913,9.48661248759,9.44645241961,-9.49572071792,9.06689705653,-151.97334526,4.46474242497,9.06532409694,4.69800673495,72.480452652,65.2454400526
0.25069100237,27.7533664542,41.9573310754,24900,1.04187265349,-60.6835097408,9.51452421944,9.46290209367,-9.4654831259,9.00902066588,-150.96400253,4.64023732207,9.0122777632,-0.728534949389,-21.6339610152,65.4287689319
0.300945113605,27.9597067244,53.6128079853,25200,1.01911852738,-48.8985780321,9.79162596269,9.74381250124,-9.87247020978,9.35875936043,-224.856253131,3.80734380828,9.36293641527,-4.63003215466,30.4864365326,65.3891484936
0.273424772607,28.0973575105,48.2218208896,25500,1.03364180564,-35.3478017961,9.82270123512,9.74216457453,-9.85954994325,9.36964234179,-166.766468514,5.95207410853,9.37067097932,3.56654459745,17.2122104136,65.7007332476
0.234044432312,28.2409048006,76.9717930296,25800,0.998940365556,-45.9134630862,9.94681871372,9.91837508795,-9.94985150025,9.42838398031,-184.553795178,3.94214446009,9.43027681521,3.58080163424,129.795824089,65.5887777401
0.279392100419,28.3751341513,51.2124276457,26100,1.0356903721,-44.4082509239,10.0884231067,10.0789735355,-9.93405908839,9.50149856405,-142.088822552,4.30699255421,9.5053985038,5.47379381541,23.3372415537,65.8343823762
0.340880158683,28.6178101924,52.7263073674,26400,1.1501202318,-63.310313337,10.1966885224,10.1651752576,-10.045212349,9.54724515496,-181.108040087,6.950907877,9.54579795857,-0.0668448453176,3.61652501342,66.0451999051
0.320759881724,28.8010442502,63.561581068,26700,1.10266029717,-90.8004354931,10.3977488342,10.319815337,-10.1608343231,9.66539033473,-217.245617784,6.76978393573,9.6856188425,-1.998245913,23.9638707186,66.2552094236
0.31250983924,29.0134244985,64.970360784,27000,1.01558471629,-96.6161490331,10.6198905252,10.6062342809,-10.3512753398,9.8348688487,-201.942832833,3.73277333976,9.82665613096,-8.5413299426,19.9676050925,66.4332236325
0.384491672896,29.154764095,53.344908634,27300,1.04249776452,-64.2744264992,10.8022333964,10.7672988042,-10.5855516284,10.0809361105,-172.405791722,5.72318815083,10.0857700378,1.42428088866,6.42815840175,66.6256799509
0.312498865994,29.3945705522,52.3277568576,27600,1.00321824442,-48.120395682,11.0477612369,11.0029268125,-10.7034223893,10.1757361575,-180.061175134,5.27065098878,10.1698761688,5.36841700098,85.820654936,66.7946652196
0.359215803801,29.4994558051,19.6736294059,27900,1.06535355048,-48.2886870224,11.1414747563,11.1427433148,-10.7999931818,10.2883557929,-109.147506411,4.97719891565,10.2877730451,3.31671368617,-22.3486494073,66.7742693047
0.32976742106,29.6499727398,47.0735748739,28200,1.12332403603,-71.3253221395,11.1166943935,11.0920699954,-10.7348627529,10.2945666918,-158.692306683,5.88841001259,10.2953528809,0.297479521792,-12.857656116,66.8265710256
0.37256018116,29.7129152906,65.5874046744,28500,1.13273004814,-33.7370429251,11.1010345616,11.0669691098,-10.6858130425,10.2124236396,-196.230346588,6.37182525932,10.2138846399,6.51448252868,153.629239899,66.9484542074
0.326388747239,29.903468142,72.3364110036,28800,1.24957344164,-20.5548907442,11.5954544138,11.5539226346,-10.799905514,10.3055584644,-132.878596622,8.87264880127,10.2974950053,3.11675456146,152.521335442,67.6317368287
0.351155768699,30.0627563589,45.041034447,29100,1.19406587328,-9.47230617654,12.0337557539,11.9771146531,-10.8651072174,10.3705003769,-79.8481414733,9.26501108593,10.3638969206,15.3331959207,151.319554881,67.4375651627
0.323172272111,30.2396163819,81.6080757845,29400,1.08861895011,-13.415790904,11.9468865232,11.9153081215,-11.1358831444,10.6055687081,-150.715561052,6.2691459593,10.6079091885,10.6173263815,166.912299552,67.2853201417
0.400126518259,30.4470496787,45.5872183831,29700,1.16018744391,-45.8395696282,12.4409230669,12.3813186087,-11.2479692852,10.7424732979,-153.519376201,9.63290012731,10.7371609519,11.8208816881,10.983202843,67.5626741452
0.360207892524,30.7093101515,66.4138300642,30000,1.22539697527,-52.2085291467,12.6837787296,12.6375434063,-11.1705385068,10.6303016175,-181.573509084,9.54382430896,10.6246651376,9.85796152624,93.5573605242,68.0723291246
0.414402511609,30.9644385402,54.4972179608,30300,1.21825703658,-34.432873988,12.6387869409,12.5794878866,-11.121834348,10.6208278534,-158.412257162,9.68473648264,10.6107100132,7.35243818889,128.204880499,68.4537990459
0.380635762887,31.1649316922,59.2029551466,30600,1.13990323675,-13.2095084507,12.777959508,12.7420935472,-11.1028958583,10.5497638145,-121.086034934,8.11290569421,10.5485946536,11.6860363341,165.305946072,68.6142313597
0.420042099222,31.3528331545,29.8536070077,30900,1.27444426867,-27.4278878492,12.9772330391,12.9298856385,-11.4475829887,10.893764678,-110.255265831,11.0098032829,10.8815980787,10.2290726777,25.6629680649,68.8179736706
0.397789723475,31.45210028,23.2032981881,31200,1.18072997428,-41.2763428172,13.25838037,13.2063890211,-11.6615025278,11.1528227284,-83.8261374467,9.41777514369,11.1383054729,5.49065421222,0.58584182418,69.1667240113
0.349621652049,31.5983927803,23.6434724513,31500,1.36831209883,-24.485231461,13.6822747814,13.5906469677,-11.2412222729,10.6810127673,-69.7267866978,13.83407798,10.68163583,15.4335438836,10.4867297464,69.4549622785
0.415172614712,31.7647918684,22.1112046335,31800,1.26183416837,-56.5490509946,13.4137927566,13.3376171862,-11.8048321208,11.3146175544,-90.035041837,12.8370434746,11.2890964323,6.16497525631,-15.8139501559,69.7399639565
0.423064053738,31.9510197355,105.803373651,32100,1.25998227343,-114.93923096,13.3865111707,13.318222797,-11.9751971639,11.4726911608,-489.837361312,11.4044277893,11.4562017491,-2.7404429509,6.33639335174,70.0562500027
0.242883819247,32.1366807,52.0164404728,32400,1.23781876772,-18.8168358419,13.4547565614,13.380303207,-12.0682704863,11.5564937958,-130.956375243,10.9008171578,11.5493633338,19.3976126605,73.407984987,70.2292398233
0.401017443784,32.3329764681,23.8097458038,32700,1.32862879615,-8.99737019672,13.5563731883,13.4872284135,-11.8130435844,11.2591761096,-43.3102342784,12.8347195735,11.2431311108,13.7588544584,45.6146262404,70.6719820391
0.617877756783,32.544641697,22.9295570494,33000,1.2519865953,-34.8078401751,13.2700312144,13.2286405622,-11.6786888057,11.1980807058,-75.5485250563,8.85563388644,11.1991595077,8.27967307961,11.4680901415,71.1893027413
0.229749853809,32.6922722054,49.8065802554,33300,1.12069683077,-13.1820892498,13.5073294787,13.4760110051,-11.887855681,11.3855354237,-139.522352015,6.04404451917,11.3747577986,10.8924494776,48.0436036596,71.4951907813
0.241809259333,32.8364396962,22.9289325088,33600,1.07854839198,3.95900839048,13.5900155869,13.5351243717,-12.3877408002,11.8348974606,-39.7715167278,5.04857719467,11.8206095357,10.9871853028,46.3107365328,71.7950282614
0.45880793012,33.064689935,16.5158489113,33900,1.16509961095,-24.5878428596,13.6014349232,13.5617940886,-12.4526837732,11.9045878884,-64.7580456426,6.08515507914,11.9154305687,5.55739527859,-0.721163039786,71.8691835179
0.413254744233,33.2627051545,71.0350299775,34200,1.17065265709,-62.6377682766,13.8112167855,13.78268518,-12.5755111936,12.0803637357,-207.369111676,6.48368611815,12.0719229104,5.36604719604,18.2874729196,72.1754532506
0.552276588787,33.4856223521,20.4908545428,34500,1.19845184039,-34.1092589691,13.9267607953,13.8716094931,-12.5892683034,12.0529236494,-72.839403852,7.57508474104,12.0512486678,1.89309009625,1.01370162715,72.4001853052
0.525819830094,33.5866894746,22.2621045039,34800,1.0877044486,-12.0727981256,13.781598001,13.7464748771,-12.8141934035,12.282713527,-56.9225415941,5.27954533276,12.2766780831,9.20368171911,18.7439512917,72.8459971581
0.495309324137,33.7481695898,21.4705800903,35100,1.13437359477,-6.4600523528,13.8312700078,13.7862298247,-12.6309389955,12.0421319858,-55.6276411904,5.53012634417,12.046513362,13.48078505,30.8778186351,73.2449827266
0.30367054386,33.9176302618,20.3855328818,35400,1.19348284,9.21619718106,14.1663044688,14.1200600461,-13.0836384402,12.509875052,-25.75284777,7.06465857392,12.5061877777,16.7114829984,56.8405416732,73.5404825148
0.306786021177,33.9953132561,26.9200636532,35700,1.09864834508,10.0642997688,14.1355627275,14.0890702715,-12.9345072238,12.3971808553,-51.0768812234,4.71014927311,12.3911815304,16.9764853779,61.6583009997,73.7303797983
0.471567331462,34.080740467,16.5822246111,36000,1.17742980033,-14.5758635717,14.4670796828,14.4028258402,-13.4373346804,12.9135117759,-46.9833399513,7.2127470114,12.9152269792,14.2652471833,16.7553517243,73.9426481614
0.358425060801,34.2731992632,42.9288516999,36300,1.14205390302,-31.303014437,14.3052327868,14.2566048063,-13.578747825,12.9488658485,-158.039809944,4.98310414111,12.9513644369,2.62393190781,17.5078977346,74.1206071653
0.294712481654,34.4138649088,30.7236091871,36600,1.12704523319,-3.58272388469,14.3907128999,14.3654044912,-13.4680064883,12.9129075026,-82.8329873228,5.4403351073,12.9052741333,9.09879818835,92.5517223581,74.4238852178
0.227234145243,34.5427558896,41.7778344288,36900,1.16902790042,-20.7717768655,14.5520337706,14.4983435276,-13.5293247975,12.9546173818,-171.149373781,5.63663285389,12.9602442696,4.26958068653,42.3855086488,74.7199767629
0.208572668864,34.6066518233,35.7557108797,37200,1.1264084865,-9.72966213393,14.7968760903,14.7678123727,-13.8419917022,13.2487727302,-152.705729447,5.1133546351,13.2491109041,9.23988006391,38.77894614,74.8923992511
0.47091315521,34.6902014701,25.1394246003,37500,1.1316496293,-16.6540388935,14.7107546364,14.6663590925,-13.6786455472,13.1373306821,-50.2444904536,5.43676889435,13.1325415269,11.7164778903,52.5429733258,75.4590500928
0.395438783452,34.8316247135,45.7674240133,37800,1.08632776673,-46.0494447694,14.8551126499,14.8355815088,-14.016591366,13.5679723727,-167.714000332,4.0717399177,13.5683609701,6.06082927812,25.5835500564,75.7070972863
0.48991025181,34.9436017766,42.017696582,38100,1.17757675781,-42.7112771129,15.1790701715,15.1590816218,-14.0423935299,13.5076566593,-182.639918504,6.05228392214,13.5075943381,7.3133356752,-5.52951533952,76.0649188837
0.453699800078,35.1149642785,22.9585885628,38400,1.17529708798,-18.2627844177,15.0913786118,15.0410401589,-14.126170605,13.5835342933,-54.895037906,5.58059218241,13.5816834727,10.7501560426,25.3140992202,76.3162535367
0.288659949572,35.2397601596,38.4016997113,38700,1.10991141903,-11.8581697342,15.2822838846,15.2332829458,-14.2826416804,13.7539688402,-166.984805566,5.4322598937,13.7551553176,16.2440075053,40.3147818287,76.6904621313
0.493193189354,35.343569917,14.8186952299,39000,1.06618814865,-21.029279639,14.9554381832,14.9056328821,-14.4734738564,13.9700840903,-50.3240953772,4.02198256996,13.9694463394,12.0574695671,5.0736678995,76.825516764
0.488690132538,35.5120516721,51.3214796504,39300,1.04518815215,-36.9050458444,14.7670256167,14.7426265104,-14.2615941645,13.7474378238,-178.628234485,3.62971816034,13.7468303317,4.63835163266,31.4627648582,77.1568139252
0.529508885885,35.6772202132,19.681391372,39600,1.02859393734,-21.6077283788,14.9579212413,14.9265213103,-14.5172037564,14.0086100511,-65.5777424415,3.26203609365,14.0134302832,8.03398000681,19.8084960699,77.2524051048
0.415778525489,35.873655844,23.9307957853,39900,0.940627175052,-23.4536952275,14.8930526346,14.8872711719,-14.5700328633,14.1084759881,-59.433910888,2.21073821864,14.108747655,11.26504612,29.3559614705,77.2401916186
0.386062261012,35.9923283354,21.5087865076,40200,1.01120709737,-25.0715045164,14.8982979044,14.875139411,-14.5878753878,14.1654050647,-55.6773012258,3.60477314711,14.1585215182,7.94143571651,26.1013184008,77.4300123365
0.513793387552,36.1377486362,24.4415482163,40500,0.979071303864,-30.3671185689,14.9239226854,14.9209094149,-14.3943785139,13.9552892445,-78.0919932644,2.77731352092,13.9605632425,7.10461362254,5.40509821368,77.477539872
0.532155408292,36.365510264,21.9684305615,40800,0.98627591546,-34.5364640304,14.9828367617,14.9697632001,-14.5989925547,14.1261542534,-69.4182835492,3.14037924099,14.1180023385,6.14399217318,17.9400113014,77.5267700906
0.453007687659,36.5516644897,21.2689406341,41100,0.938201248892,-53.1559170095,14.9674497964,14.9629537294,-14.5904135403,14.1403737815,-104.869906316,2.08774668026,14.1422315426,-1.53998958625,-0.612692818534,77.5479765261
0.399866194947,36.7922984533,79.6973998987,41400,0.990154657622,-49.6355581304,15.0360682574,15.0193675776,-15.2572231804,14.804473776,-196.7840862,3.14043483707,14.8081927102,3.65830186266,51.4014674835,77.7351025894
0.496840466811,36.9124021239,49.5683104496,41700,0.909893375365,-43.6419215942,14.7964953175,14.7930422739,-15.2283903566,14.7827319574,-190.189036176,1.96125095846,14.7794623479,2.36975588153,7.81018464564,77.7861151002
0.486859324616,37.0509580564,20.9259874231,42000,0.915689641641,-21.6501852561,15.0049377738,15.0001439864,-15.3885895887,14.9876820188,-57.7478333939,2.34959190517,14.9859519522,6.3774118565,14.4133194108,77.778007055
0.596536452568,37.1625853605,23.3318671894,42300,0.96424767625,-35.3975080266,14.8525198002,14.827204337,-15.102999221,14.770863103,-81.9550662127,2.8485933291,14.7771106075,6.33937392253,1.02830938591,77.8750470555
0.581380616766,37.2866542707,51.3444948276,42600,0.926831937947,-62.2858522504,15.1201769627,15.100192104,-15.4177602925,15.0754144968,-170.444120555,2.27745382152,15.0746137095,4.00930338593,14.9562674691,77.9743581452
0.523242002629,37.4409496875,40.5226658877,42900,0.882458320595,-49.1707079642,15.2301621667,15.2312491932,-15.5146138845,15.1831244841,-155.607287121,1.76474451464,15.1821947818,1.69891143628,18.1073410847,77.9426560955
0.512947257281,37.5707221797,38.4408674282,43200,0.919497376461,-38.7444472174,15.2859845701,15.2798743756,-15.521272025,15.2023047347,-143.277567143,2.34071671452,15.1969137011,2.06748495973,15.9107823696,78.0401301423
0.534981746012,37.6938642238,38.6761567681,43500,0.875716849951,-29.4292493802,15.1464537039,15.1335957088,-15.3789792477,15.0707784511,-120.553490416,1.8601774606,15.0768662383,6.2178208316,20.4707285129,78.0676385833
0.425449672951,37.7646225682,44.778137513,43800,0.869122596389,-69.5832386625,15.2802232699,15.2720642014,-15.5045013904,15.2131061288,-151.276057197,1.86468186771,15.2139451122,1.80352705066,3.74728488337,78.0805532089
0.523627212373,37.9347704074,26.0096038059,44100,0.914004975292,-19.8721650438,15.2556044378,15.2472438027,-15.5224157418,15.2116937815,-65.4890038274,2.15198407116,15.2133786474,9.69642012679,37.3652298249,78.0900399195
0.379193963067,38.0600599606,43.3449822503,44400,0.932667132777,-24.8718664675,15.2675236851,15.2578075921,-15.546628925,15.2194328106,-174.039596202,2.58874253,15.2247184144,5.44352440956,37.9977695782,78.2345031975
0.520303872863,38.169971205,23.8554274422,44700,0.972917996905,-31.0911821388,15.4684584419,15.4536069746,-15.6898158138,15.3611468729,-82.3734230875,2.64320614127,15.3678519796,1.88484915364,2.17762732557,78.4006546472
0.315666804529,38.2906223358,54.5798132915,45000,0.925588419809,-0.583623365575,15.6210114363,15.6178967761,-15.867744089,15.5532939376,-135.478025936,2.31373222033,15.5516587548,14.6045677248,164.087726413,78.5775494764
0.547770134301,38.4306014852,23.4635138921,45300,0.91112892848,-31.4730493456,15.6931315798,15.6912560877,-15.9772622614,15.664561716,-69.9325455899,2.17855069896,15.6617266707,4.81125428015,15.0328338661,78.5811949515
0.322441528581,38.56954273,58.4900732188,45600,0.99988982651,-88.6072796737,15.8813953202,15.8685068222,-16.1334355615,15.8043884262,-187.075504613,3.22197639092,15.8076100439,-12.4506822713,-11.9962819423,78.7315965261
0.396497682135,38.6454896269,45.9351376467,45900,0.853407108406,-59.252686717,15.7941895693,15.7922556274,-16.0533960332,15.7261656777,-149.198726858,1.70200308824,15.7272629159,-0.8618781049,-3.30591062081,78.7476338811
0.471024197176,38.7809049509,46.5154310828,46200,0.935741064241,-89.9208465586,16.1757586268,16.1745568084,-16.4569017982,16.1292315162,-170.199970053,2.28278101161,16.126838178,-13.9020080997,-28.6456883054,78.8248364088
0.478008518837,38.916350873,64.7245007982,46500,0.909107567114,-75.5694572393,16.2597128071,16.2458783006,-16.431632839,16.143110217,-185.275883179,2.36541628728,16.1479366563,-6.62512551381,7.69931210316,78.9145524162
0.388849784749,39.0052691385,39.8261072305,46800,0.883970732158,-31.4069867356,16.3624957711,16.3634566567,-16.6293200625,16.3129864527,-155.69909252,1.96507944255,16.3123733119,9.35167694804,24.4035433304,79.017897484
0.347022293452,39.1193673525,16.6261805992,47100,0.917008161796,-0.498662845105,16.1191781607,16.1102518121,-16.3752896687,16.0757046053,-50.3009730469,2.19387130177,16.0750436624,11.6873571703,28.7865976392,79.1218284586
0.476342163361,39.2473640972,46.4812568948,47400,0.896622411546,-66.8248974178,16.4618636152,16.452142803,-16.6093894069,16.309812733,-165.570607894,2.09717060543,16.3115378041,-2.37327083109,1.15026210302,79.1154016124
0.478593409256,39.3989255624,60.6678755617,47700,0.94302170984,-69.1920251597,16.4193186754,16.4126836537,-16.6729203916,16.3784816527,-166.554493907,2.88391907053,16.3807604716,3.93951163775,9.92274598745,79.2048777169
0.358401142432,39.5587366478,42.989219352,48000,0.925317501429,-17.7885082255,16.6871590641,16.6947175634,-16.8943830105,16.5857366073,-172.653992995,2.35475859476,16.5780613297,11.1113207347,38.0209222243,79.2874759764
0.440067273818,39.6929222032,47.7842159808,48300,0.907123025525,-30.9994757159,17.0285177167,17.0199266207,-17.2478396381,16.9487712582,-154.809886275,2.34427560168,16.9560735466,6.28205153798,12.3742667057,79.383090504
0.452539350378,39.845685231,57.1822978405,48600,0.907459775829,-21.1624303803,17.0527332152,17.0453943677,-17.3404541946,17.0263825044,-156.302577528,2.32744714357,17.0301191796,9.69198707805,166.746882584,79.3860917449
0.467110200058,39.9231873423,32.4742334918,48900,0.907933132651,-26.3129490271,17.3891829883,17.3909431249,-17.6225440287,17.3232424141,-114.562662932,2.19957617776,17.317921248,12.5175465322,14.6200718,79.5090336106
0.428226711497,39.9967325223,37.4544622646,49200,0.931606538157,-35.5116186678,17.2902311755,17.2564407832,-17.473526614,17.166832049,-112.326611351,3.78030664376,17.1775233202,3.34493446899,8.49872653123,79.4917665736
0.440581050159,40.1197944665,74.9343617272,49500,1.01385405547,-76.36095982,17.4306988427,17.3889486137,-17.5833038382,17.2918284289,-246.459339121,5.27378201466,17.2910089971,-1.54482145514,-4.30250390955,79.4342659817
0.525840737993,40.180027611,94.6803755032,49800,0.948678548818,-115.544617663,17.4340501277,17.4140224611,-17.6875856506,17.291102178,-254.463116972,3.5537173559,17.2943284897,-2.93995522071,7.01512577619,79.3720427943
0.457131898948,40.3215607753,55.9906427918,50100,0.95365112047,-13.218008937,17.5263566119,17.5081356927,-17.8018463939,17.4229780105,-127.627174628,3.12124653736,17.4241331593,-2.9245318224,46.5992393486,79.4812256934
0.59162441649,40.4625783671,49.0517661538,50400,1.11747806364,-64.1206138086,17.9557026012,17.9132698924,-18.1622266625,17.8364542757,-171.606624462,5.99925913979,17.8409662042,-1.02854941732,-3.60055809382,79.7142875882
0.594605308133,40.5978651892,76.8080919373,50700,0.987165002948,-102.07511307,18.0470571239,18.0176881859,-18.2418623559,17.8854023439,-262.717213246,4.05477256775,17.8839619236,-4.64708142235,-13.4568254189,79.8265834041
0.586620916631,40.6873281915,44.971505693,51000,1.0103247771,-2.40097281818,18.9052163841,18.9026440489,-18.7936526065,18.5036942157,-150.873814841,3.98916868798,18.4986927357,3.05064777372,68.5370687529,80.048296176
0.558583945101,40.759935492,29.3217075453,51300,1.02471061876,2.19998109952,18.7807632929,18.7707974494,-18.7744165798,18.4798771536,-46.1579595975,3.73823371946,18.482112922,7.31511339622,57.8004049274,80.2921819616
0.515727275512,40.7931437058,71.5158094426,51600,1.03287801658,-61.4495298401,19.0787439248,19.0422077738,-19.0949004311,18.7703706286,-228.345301307,5.46536733221,18.7773977513,0.0883995743658,38.2322394083,80.3619743129
0.55353596374,40.9140473167,67.4499890133,51900,1.1167463348,-127.676224609,19.0375112381,18.9369036572,-19.0804964897,18.6746479739,-227.903722287,8.7556813475,18.6791120817,-4.36949478933,-2.65284286485,80.5004616348
0.540135788786,41.0461101822,75.9060539661,52200,1.01134074744,-43.9356990358,19.290285063,19.2752326618,-19.5202337109,19.0185496035,-233.055008174,4.52420185103,19.0191468496,3.02402800933,33.783703103,80.6183221685
0.502675498219,41.1834472974,49.4523376956,52500,0.991385889421,-27.0290208016,18.9887527386,18.9654268773,-19.3153899373,18.8806051506,-118.167691855,4.36951806717,18.8873238888,5.05067952357,61.8022183613,80.6333664853
0.521868005716,41.3288697501,46.8069053263,52800,0.956632711317,15.6975522156,19.2880971657,19.2665947109,-19.4569893971,19.0527633155,-38.7563108121,3.95445736955,19.0519642037,15.8178168161,194.093855078,80.7926724087
0.62204749848,41.4268413369,53.2320568877,53100,0.954697688716,6.9820344234,19.3741589932,19.3425970676,-19.6420856825,19.1900311137,-50.6049877414,4.12909006821,19.1986701871,14.0785784369,195.874186434,80.9028914575
0.622717186515,41.4991859015,37.7695773195,53400,0.933600595458,4.69035135344,19.6763723612,19.6776241965,-19.8715589084,19.4251476202,-52.8140385079,2.84520236615,19.4268098429,15.9841404955,91.0416655143,81.1135577691
0.585654450742,41.6154387592,60.6548412406,53700,0.905065488244,15.622562503,19.9233812245,19.9226308868,-20.0465736393,19.6365964512,-120.156848292,2.68731759348,19.6368724168,13.1585219176,180.089238714,81.1377658739
0.554930526237,41.6833796811,42.2410647882,54000,0.948222309341,16.3609777817,19.8187501559,19.8005298293,-20.0258201547,19.6124698709,-62.833281153,3.85890232933,19.613508979,17.5306692223,82.7917238767,81.3706183429
0.581792583622,41.7946586953,35.1106192724,54300,0.984041128501,4.36830013987,20.0070309732,19.9790060497,-20.0779037236,19.6779310913,-54.2030007862,4.50458018001,19.6814107006,13.6142472379,69.1028279158,81.716173867
0.583953740831,41.8963741981,32.724258798,54600,0.991051319679,-14.6113498547,20.1232180827,20.1084507108,-20.1902542743,19.8174342267,-80.8532514365,4.22586366068,19.824314297,8.00067058496,32.3413346295,82.0520850716
0.641426903015,41.9976520383,28.527685468,54900,1.02484313989,4.16584566425,20.9008648323,20.8584588633,-20.9873405064,20.5738670596,-64.1637790901,5.56440954389,20.5732329223,16.7884829559,52.1993875785,82.2211282981
0.524465487937,42.0467057836,24.0747970887,55200,0.952072626248,35.7794980198,20.740301574,20.7415628042,-20.8189330267,20.4175284262,-26.4230737613,2.77537826019,20.4209902587,20.3701469014,81.6647337413,82.4184096222
0.546479373925,42.1287228324,33.7863796987,55500,0.922763450774,-2.4956694782,20.8448203241,20.8251675862,-21.032145068,20.6275020918,-64.9212672455,3.38968100918,20.6273331336,11.0696091974,46.8526846048,82.6297941189
0.582472308926,42.2089482619,27.2342761432,55800,0.871702729234,18.0038962034,21.1083529579,21.1111760457,-21.194737198,20.8235182234,-45.347428264,2.12175513169,20.8264832199,17.0407827913,53.9306697569,82.6813034484
0.634427321846,42.2652033013,37.5510665882,56100,0.94441771543,-9.20662548776,21.5882115117,21.5753757685,-21.6705524956,21.2934645049,-124.019013441,3.39758962368,21.2992369254,5.20698655867,59.4629795978,82.8301162843
0.615651140761,42.3731262267,23.3668838811,56400,0.91978255678,12.1049511848,21.1929015799,21.1785076147,-21.2418849271,20.8800657971,-39.8255435988,3.10061660541,20.882479325,10.6044855363,52.8736924713,82.853088588
0.571204167056,42.4312454402,30.982816582,56700,0.91117633318,20.0911283264,21.4361854388,21.4242025115,-21.5482745809,21.1839886399,-31.9818062625,2.76536762221,21.1828932388,13.4626288861,83.542382393,82.8583205031
0.678392019202,42.4694008378,50.2768024987,57000,0.99277635029,-23.8512956755,21.7842768376,21.7698470952,-21.8426946885,21.4576723101,-156.798471842,4.12037887784,21.4617342253,13.1184700357,58.2101177217,82.9607187607
0.627040317691,42.5446969978,32.5182427813,57300,0.979384211298,14.6182606834,22.1600837833,22.1436506912,-22.2595266626,21.9243435158,-40.7434903185,3.46438027573,21.9257484292,13.7918196002,94.9194449427,82.8934798819
0.58176544938,42.5646405966,40.2277511343,57600,1.04585839921,17.8724143623,22.372282904,22.351630193,-22.4922069323,22.0901204046,-134.960428289,4.51426327991,22.0904141961,13.4151566298,86.2457160059,82.9307677557
0.549259965583,42.6142623185,30.3057203703,57900,0.956720387211,31.7104320841,22.2450741663,22.2440301608,-22.1959007367,21.8420489897,-13.4431705443,3.03197505387,21.8463070569,11.4657648085,90.2818998837,82.8424958444
0.526524853125,42.682760348,34.9677022387,58200,0.933674337006,33.0908930174,22.1768633194,22.1767400437,-22.0852980439,21.7370968718,-35.0199109763,2.71646183985,21.7397554973,11.3548518333,88.7327114243,82.9766509179
0.600310528669,42.7187813809,26.8036399734,58500,0.980150867545,17.698391006,22.6458344609,22.6330760024,-22.5901208172,22.1733224401,-34.0550359938,3.95733188977,22.1760446122,9.39379611697,70.6831131289,83.0793138591
0.630990332515,42.8030756499,51.6507880906,58800,1.02517733778,-10.8161315625,22.8449578652,22.8199875723,-22.6874448173,22.3027950609,-131.330656272,4.73500050794,22.3039578863,8.25036384823,72.4386961034,83.2214394843
0.625512489274,42.9045363469,86.1777312504,59100,0.971956653483,-83.5756512389,23.3530130714,23.3435913471,-23.3366073319,22.9382781404,-209.176793486,3.21032841933,22.9437103443,4.32546361692,71.5624639704,83.1980417799
0.563470774732,42.9735828411,29.1830724532,59400,0.882271661258,24.1786297517,23.860102118,23.85835737,-23.8457702835,23.4469803237,-32.2920260909,2.02072205285,23.4455002982,11.3778109362,92.2338654043,83.1745287713
0.605000551841,43.0313839526,33.786378588,59700,0.968205516303,9.59530288394,24.0943475547,24.0849263016,-24.02062151,23.6291430863,-57.6686903139,3.61434196392,23.6379141874,13.8634422708,53.712592619,83.2145959036
0.578648376927,43.1313196873,32.2156381669,60000,0.881318565691,14.3020349867,24.2852461979,24.2806815287,-24.3954292364,24.0185065174,-40.9605595707,2.12010982835,24.0183186287,18.4558967515,80.4552840988,83.2771780163
0.614178241098,43.196687514,28.4748870033,60300,0.878682218078,3.51537860635,24.3078502269,24.3036198119,-24.3188900963,23.9567385577,-40.8430246682,2.16152416094,23.9624669944,16.0267710427,66.7709439417,83.2968572318
0.63210835212,43.2702115139,33.3473353024,60600,0.966164378642,-5.05567530596,24.1087424808,24.0991820376,-24.1683803713,23.8230008929,-80.1941964645,3.13712757909,23.8243992215,14.4618725088,54.2775986814,83.3908009961
0.596168725964,43.334662528,26.3918622122,60900,0.880253938337,19.5400486904,24.0136874987,24.0039173261,-24.1650811727,23.7963683012,-36.6415772078,2.32474570342,23.8002866122,18.0002212233,76.3445229196,83.593865828
0.584013189417,43.3727251325,30.9783454155,61200,0.864225447917,16.9613132807,23.827683303,23.8321371102,-24.1212349542,23.7280736423,-53.397208596,1.94162245151,23.7209582608,16.2442244856,64.0399719784,83.4801205164
0.640527149401,43.4898215327,27.9109950856,61500,0.857182165271,13.69619238,24.264327268,24.2568716961,-24.3867206213,24.0682173161,-57.452667818,1.9596478328,24.0718762677,16.8306238549,68.58739617,83.6980936674
0.603348535761,43.5685199878,23.6422338148,61800,0.905707808802,-14.7210161423,24.4491308191,24.4455265192,-24.7003586625,24.319471967,-75.6768980066,2.63021729875,24.3218837025,14.471548098,31.7513982335,83.6743907058
0.623791521322,43.6361338693,33.0835418105,62100,0.886545786661,6.50837597754,23.8814218653,23.8753844014,-24.0820570194,23.7186173427,-49.788754458,2.38505060684,23.7231495516,18.5410506962,67.1743675283,83.7401263937
0.604555808721,43.7264494855,30.6023168918,62400,0.860741911971,2.01619802076,24.1349385792,24.1350877898,-24.3010111177,23.9744693243,-53.1853307389,1.97607154494,23.9762754212,12.4162014022,43.6016244266,83.7892614332
0.634366861948,43.7975961647,32.1789500641,62700,0.887814027304,9.2033556646,24.4101182211,24.406999688,-24.5801096487,24.2350484565,-56.7709606533,2.45137777589,24.2370069292,16.8479550543,49.2846280201,83.8408515688
0.691435857215,43.8890819617,35.76873511,63000,0.848428146154,-4.98779170889,23.9113823136,23.9045537368,-23.979843859,23.645255754,-60.3725752119,1.95049065905,23.6461190676,16.103811169,72.4806613414,83.9483633819
0.610291531171,44.012275832,19.5615141796,63300,0.836852160451,5.94464590778,23.9157974727,23.9237963653,-23.9771607359,23.6974092141,-21.8613195141,1.92611780759,23.6953278626,17.437095476,58.7646293936,83.8731449153
0.661597051625,44.1004939526,29.0410927749,63600,0.822907204934,-6.81757483364,23.6850073142,23.6866202217,-23.7534222569,23.468968222,-43.3697026394,1.83041713215,23.4673780678,12.9049370934,47.9578085279,83.9155525249
0.654378491695,44.2107299792,22.781775927,63900,0.843792899607,-4.67368655392,23.8807654243,23.8805801889,-24.0221552232,23.7135206289,-55.9899650405,2.01071968136,23.7151713747,14.703568478,28.1395883103,84.0361126559
0.682780309208,44.3165556424,30.6693751965,64200,0.822703574497,2.22778782658,23.7956861782,23.7913884721,-23.9833631063,23.6910360444,-51.2049995564,1.94669270159,23.6913942923,16.8885602026,71.3455244791,84.1192328157
0.707848784061,44.4497969125,30.1887484192,64500,0.898892950244,-20.9504609847,23.5875714133,23.5862660406,-23.7084232051,23.4192660864,-67.6683927516,2.48145427717,23.4244417741,11.4714391959,41.9260236073,84.2692192871
0.698690323608,44.5875582495,23.4059924188,64800,0.89738863753,-3.8458623633,23.7314377447,23.7239121755,-23.9116351967,23.5758632064,-58.3680454066,2.45326079204,23.5782646462,18.8165109106,56.3389218139,84.5031945291
0.71055806119,44.7029451061,19.6661142917,65100,0.869083502471,-6.99075839553,24.0178502729,24.0186853632,-24.0378305841,23.6883432014,-47.3256659781,2.22697564721,23.6869450456,14.488555813,27.5179370138,84.651739232
0.71557591523,44.820680378,21.7044985132,65400,0.837506763711,-10.059087156,24.0037367377,24.0005699199,-24.09934664,23.7910483604,-53.9259494135,2.14762617776,23.7944797386,14.4665176528,31.2098617745,84.6570413073
0.707139414941,44.929373924,32.6054803381,65700,0.828972131516,-11.9868709356,24.0930327515,24.0964656201,-24.2814512709,23.9109097531,-54.1234956242,1.87292971918,23.9109996245,9.84387162254,47.7778695494,84.6647149932
0.684709293155,45.0462786758,27.2713962031,66000,0.904459177202,-10.6119100371,23.8870472639,23.8874972769,-23.9108193974,23.5840761049,-71.9622958814,2.83826715816,23.5830315067,13.8245165502,33.5793411713,84.7847967736
0.722412325892,45.1537341687,17.3198051682,66300,0.826624010989,-13.5375521682,23.8282906703,23.8268396281,-24.0098251552,23.6906518165,-47.3609408689,1.95383834164,23.6915613139,12.1395929532,20.3290682451,84.8670270335
0.670122975568,45.2653344691,20.78080303,66600,0.875912474523,0.117092276026,23.980125275,23.9722241492,-23.966673569,23.7043335429,-68.7909442366,2.54722269648,23.7093807665,17.8782613086,31.2707417538,85.0131985505
0.656945879848,45.3697781996,22.6252884422,66900,0.847418038474,5.00953475376,23.7671024932,23.7677233757,-23.9491361178,23.6350133281,-42.463635992,2.24494753338,23.6309495486,20.3318868992,45.270522998,85.031443939
0.658222428814,45.4891148798,23.4121296304,67200,0.836710512643,-4.40500837536,23.7292254705,23.7226595323,-23.8529407636,23.5588242076,-49.3250767093,2.35751250345,23.5658211862,16.1724480125,33.7760313719,85.1773994295
0.664061725054,45.5710857534,28.2674046038,67500,0.895085016952,-12.8070467495,23.419552261,23.4175901102,-23.5895706028,23.2546204693,-69.1830834708,3.00664829863,23.2536483779,15.7034931636,32.7477328025,85.3771958222
0.66513120941,45.6841958001,21.8429439343,67800,0.81199854136,7.63259589551,23.4259620763,23.4207615366,-23.7501232826,23.4207615366,-25.8194956185,2.24540193385,23.4259620763,20.2595976665,56.3267406429,85.5164028277
0.688867974573,45.7920088785,23.2161065129,68100,0.837162211159,-4.02310021494,23.6078640006,23.6119526375,-23.9132977456,23.6119526375,-53.7904965816,2.38798180505,23.6078640006,13.3553265177,44.0968235518,85.5717516342
0.652882924577,45.8886115557,14.4933084479,68400,0.845247990974,-12.3012028591,23.5968873185,23.5862113579,-23.8733863351,23.5862113579,-36.3346426122,2.24422491315,23.5968873185,11.4782980046,17.739550408,85.7101147166
0.679136559992,46.0231829731,19.8458843401,68700,0.881594733203,4.46359752634,23.4329946031,23.4320829759,-23.6838408878,23.4320829759,-57.0522897387,2.65858025658,23.4329946031,14.735501404,38.6861719059,85.9464556422
0.686708040533,46.1289515381,22.0128797726,69000,0.866126312132,-14.1960512138,23.3566763744,23.3471249154,-23.6453886871,23.3471249154,-49.2340214358,2.89542982133,23.3566763744,9.10287828832,21.6616847517,86.0217619323
0.713698418424,46.2310866187,19.5344066198,69300,0.850772275762,-7.17894476151,23.0286931764,23.0336722286,-23.3436406193,23.0336722286,-45.4961879491,2.28379771737,23.0286931764,14.4682013334,35.5750442837,86.1043020329
0.682967164879,46.2877378983,39.601891775,69600,0.828216820357,-14.0112543997,22.833361427,22.8306492287,-23.1044459256,22.8306492287,-180.758647499,2.40191148049,22.833361427,11.636061476,23.5862465263,86.1135403167
0.717159188393,46.3159018473,16.512648994,69900,0.842437296194,9.14050114386,23.0356558425,23.0384331934,-23.3169586233,23.0384331934,-29.0645988194,2.56082283261,23.0356558425,15.6719905988,53.5755827311,86.2075052717
0.713164900077,46.410775565,23.2605074712,70200,0.827005460366,-4.60064199532,22.9902038111,22.9878183253,-23.2743104827,22.9878183253,-57.7462900168,2.108451509,22.9902038111,10.3452203272,39.3819457089,86.3004129399
0.741002343523,46.4922704344,20.1531672569,70500,0.848969214724,-10.4438587999,23.1517897104,23.1452783881,-23.4510702915,23.1452783881,-42.7651601373,2.2968753451,23.1517897104,6.62722390449,41.2771290512,86.234695443
0.713290714241,46.6036109612,24.4216750982,70800,0.859061564031,9.43370048529,23.1472836726,23.1437375478,-23.5007723469,23.1437375478,-85.5193374638,2.24102520737,23.1472836726,18.2896822298,36.4947305441,86.3918122154
0.569759724773,46.6834323247,16.76429048,71100,0.842926776899,11.629040652,23.4885224978,23.4898791583,-23.8607765313,23.4898791583,-12.8289851443,2.10542023113,23.4885224978,15.672234564,71.6563136599,86.3811816772
0.664629366074,46.7742381748,17.8448793772,71400,0.85783851431,8.16781275135,23.2687640548,23.262076835,-23.6408233904,23.262076835,-24.7169230533,2.70039454945,23.2687640548,14.8037867716,39.0894563866,86.4612573448
0.701522388673,46.8458545591,24.2012868474,71700,0.857830772685,1.67564489422,23.5973434359,23.5937407042,-23.9991123217,23.5937407042,-34.6578544733,2.21934671527,23.5973434359,18.2748318482,45.8612335254,86.4340531994
0.69578102805,46.9658560453,24.9361951192,72000,0.860290721689,5.08439462388,24.5275658486,24.5240635645,-24.9143607746,24.5240635645,-33.1676588005,2.33300092133,24.5275658486,14.5395348989,45.7468872263,86.350754185
0.713022815565,47.0443726556,13.5363954591,72300,0.874102005217,0.66726939234,25.0068211695,25.0011834295,-25.3998089198,25.0011834295,-38.2483595477,2.42311456362,25.0068211695,15.1300572066,19.585277742,86.3679499757
0.729737086322,47.1148969969,20.0336071072,72600,0.920129750302,-0.847323205393,25.1346755826,25.1327102152,-25.5494643888,25.1327102152,-38.5111438887,2.72924428354,25.1346755826,15.3955744415,32.2529164056,86.4816835756
0.732424631542,47.2086505899,18.0629978054,72900,0.895844381858,0.744755102983,25.4752930811,25.4785342403,-25.8520337109,25.4785342403,-43.2661997786,2.43488483914,25.4752930811,10.83699496,36.9435512051,86.5771194483
0.706684269003,47.3249364118,24.5487928482,73200,0.886143922678,-11.8848761909,26.1328143565,26.128906217,-26.5131014064,26.128906217,-62.3696437306,2.28275943978,26.1328143565,10.2346391929,25.620475264,86.6651462828
0.775517186123,47.4252690718,22.3542221734,73500,0.884155601381,-20.3048789299,26.290708678,26.2954874673,-26.6690393344,26.2943307172,-61.9481302154,2.02630898078,26.290708678,9.39460594621,10.179762138,86.75256211
0.788189961685,47.4826165146,21.1756330225,73800,0.974284795869,-27.5386534734,26.3754784812,26.3398595047,-26.7193372,26.327551107,-65.0324022823,6.68475824173,26.3217609268,4.68888253246,9.18281646467,86.9178406507
0.809537995982,47.5757317961,24.0478931427,74100,0.929287297223,-14.1382342903,26.6033574621,26.5985417615,-26.9326620246,26.5659457394,-67.0580235704,3.38607151201,26.5650297524,13.1743716038,26.5600370572,87.0143607536
0.817696590087,47.6031100705,21.3079852089,74400,1.1317052947,-20.9934157939,27.0974349839,27.0200791446,-27.4476437487,26.9655608347,-68.2514116292,8.98120707449,26.9758406425,3.95522510731,14.3422607091,87.4827137598
0.819696596203,47.6407884257,16.9216279338,74700,0.957504678142,-18.9963670494,26.9610410507,26.9568837547,-27.4231211939,26.9366224098,-70.2113612887,3.02431203312,26.9345380033,5.74084743269,12.3708729357,87.5702069115
