Epoch,MinReturn,AverageReturn,MaxReturn,Steps,StdReturn
0,-316.806324166,-291.464857643,-263.772633191,0,21.7146285831
1,-294.707899648,-243.784148787,-179.131304055,1200,48.1722837055
2,-329.039539909,-213.571816245,-155.405596397,2400,81.6487735758
3,-314.93110216,-201.973937779,-127.913456349,3600,81.1525884563
4,-196.373630889,-185.914619333,-167.209554308,4800,13.257297087
5,-385.955838996,-255.425315924,-106.190192848,6000,114.977101306
6,-359.485480129,-287.524795803,-169.122168216,7200,84.3689840365
7,-542.872874605,-395.54486424,-280.698100017,8400,109.468950303
8,-373.385534749,-261.902451478,-146.6657556,9600,92.596010605
9,-458.347231357,-339.005348342,-246.800030661,10800,88.4697666405
10,-529.771269007,-462.544671033,-352.287781483,12000,78.5866892069
11,-439.491849643,-254.805576468,-28.9777348734,13200,170.097875933
12,-471.138233526,-443.45382718,-424.109427846,14400,20.0847193764
13,-524.69526373,-384.12065142,-248.015756279,15600,112.998145234
14,-439.694809019,-349.471068702,-256.515756644,16800,74.8074747619
15,-416.006349257,-323.479647026,-249.89929603,18000,69.1236160889
16,-254.316822995,-187.729314164,-80.456434969,19200,76.5869142538
17,-538.069983996,-336.763887261,-207.302040641,20400,144.275327745
18,-528.142606598,-426.20738949,-337.791519033,21600,78.2962906093
19,-580.979381962,-418.68192619,-146.031961138,22800,193.955444967
20,-417.464339356,-279.161184248,-98.0000182019,24000,133.895406814
21,-541.683015737,-387.800958673,-291.353796363,25200,109.970465337
22,-449.705140325,-384.515742118,-341.230157987,26400,46.9150882024
23,-512.143139827,-367.746500032,-289.45037368,27600,102.22516139
24,-397.895475847,-344.771910553,-277.114401782,28800,50.3682677741
25,-409.308014619,-324.984063726,-226.667448065,30000,75.2163109007
26,-448.841891853,-351.812049658,-300.522919964,31200,68.6478401731
27,-269.822204544,-228.090382007,-164.842480978,32400,45.4781399153
28,-365.625511913,-337.801850011,-304.857973481,33600,25.0710441232
29,-413.669317922,-338.050596214,-286.460254123,34800,54.6416126435
30,-452.492328918,-347.212674665,-288.832056213,36000,74.5913796843
31,-406.141027003,-357.619249181,-264.384656887,37200,65.9451486752
32,-363.441393245,-270.162676979,-174.130252523,38400,77.3104744173
33,-328.16541284,-260.510672676,-170.735645133,39600,66.1463693906
34,-294.628451228,-253.661704015,-218.299506933,40800,31.4121544516
35,-378.93036327,-299.765121118,-181.341743617,42000,85.3081338338
36,-368.644255041,-230.937270288,-91.9454164542,43200,112.96548141
37,-271.973851475,-265.001852273,-258.5327053,44400,5.49883308189
38,-324.667669072,-252.599984894,-160.315986846,45600,68.6022029409
39,-314.664913352,-293.615710279,-277.110224369,46800,15.6646670439
40,-303.274848887,-214.82869566,-86.7717597583,48000,92.7187772375
41,-480.388798681,-365.293581877,-288.97382465,49200,82.8153579554
42,-208.187779923,-185.919351341,-156.673027884,50400,21.6018622978
43,-344.203255723,-244.616945825,-179.271859257,51600,71.5538837355
44,-234.033034214,-212.636547039,-190.32108498,52800,17.8571556636
45,-261.958438553,-234.756716222,-218.893817074,54000,19.3229930252
46,-339.715348753,-264.671587722,-218.308398485,55200,53.5527359539
47,-244.274212337,-171.276744811,-48.7142583121,56400,87.1911395875
48,-272.8543244,-154.405603245,-84.4696771029,57600,84.2112909863
49,-297.973722734,-277.425400719,-266.885598485,58800,14.531476605
50,-242.000050641,-162.673884402,-32.5177553982,60000,92.7666313609
51,-310.887182507,-272.045843796,-251.946906961,61200,27.4705568611
52,-373.418126762,-323.100925583,-268.494530391,62400,42.942117304
53,-294.482515635,-217.06904255,-152.666522676,63600,58.6225647244
54,-275.476178324,-265.369518942,-250.235210271,64800,10.9005981515
55,-339.534063851,-180.834110311,-16.1700774575,66000,132.080138819
56,-255.985475943,-219.396144583,-180.432586102,67200,30.8899930578
57,-241.004354277,-228.080628282,-214.580901991,68400,10.7950155144
58,-201.278644906,-192.795733538,-186.598656706,69600,6.20721585598
59,-319.539638026,-221.708141483,-155.969237153,70800,70.5278662028
60,-219.537371668,-168.897484764,-129.936466293,72000,37.5000225505
61,-268.725559033,-221.24311785,-191.694703228,73200,33.908309385
62,-220.582855192,-202.647519527,-182.232142156,74400,15.7545179282
63,-220.245505401,-176.953107432,-150.131433458,75600,30.9026356241
64,-262.055703876,-198.173671862,-137.129427953,76800,51.0403982808
65,-217.675556994,-184.674706999,-131.80396549,78000,37.7676404556
66,-173.924480692,-157.464102793,-142.203039692,79200,12.9779613644
67,-169.707186532,-112.822837041,-33.4247757279,80400,57.8698210852
68,-189.09920513,-161.609615109,-132.374651862,81600,23.1905653463
69,-207.448490354,-176.3133929,-149.397569408,82800,23.8862451389
70,-210.077203485,-182.101568372,-141.711709495,84000,29.2579892887
71,-178.855447444,-158.29300623,-136.568108371,85200,17.2832913639
72,-167.608873544,-162.103540556,-153.049254561,86400,6.4519726604
73,-163.277199151,-150.690134618,-132.084993416,87600,13.4263760252
74,-184.087086308,-157.769703374,-123.710137399,88800,25.249422945
75,-182.113270707,-174.439905058,-159.658092749,90000,10.4548637714
76,-192.473037489,-179.901302219,-173.173350247,91200,8.89688463615
77,-182.355276038,-178.664314303,-174.515290597,92400,3.21700777187
78,-203.568574813,-184.43508483,-161.978222704,93600,17.1410413714
79,-201.537825804,-199.140855402,-196.836556092,94800,1.92040363376
80,-228.570874471,-183.469695548,-136.809085405,96000,37.4778187949
81,-200.638327237,-171.525919458,-138.270250522,97200,25.6296600061
82,-176.075113834,-169.972072982,-164.748741055,98400,4.6656257833
83,-195.91781831,-182.326482965,-162.636492667,99600,14.2549840013
84,-176.251925226,-160.051954062,-147.13988097,100800,12.1102019114
85,-201.215784455,-175.11774196,-157.926133468,102000,18.7615190502
86,-187.940111945,-169.197637771,-152.820267682,103200,14.4348225545
87,-210.918988903,-181.183485441,-144.532743613,104400,27.5396536188
88,-305.395619878,-214.299931291,-158.663644653,105600,64.9389201647
89,-246.507600765,-190.568859167,-135.076395751,106800,45.4926934491
90,-209.1416222,-186.613439833,-150.071591672,108000,26.0717503364
91,-197.751664206,-174.930702703,-154.959246139,109200,17.5857427067
92,-232.592164472,-220.874443148,-207.605165098,110400,10.2597280871
93,-221.367794241,-203.303236735,-192.782082924,111600,12.8312879936
94,-378.021902021,-245.860279169,-172.606292514,112800,93.6357316378
95,-304.466736783,-186.999869519,-55.2266844647,114000,102.25345623
96,-295.445838133,-238.709383568,-187.660337403,115200,44.1866382719
97,-258.485789379,-244.693218711,-227.48677545,116400,12.8834677192
98,-348.519356363,-200.749336519,-63.193232199,117600,116.707589971
99,-312.253329868,-298.232547763,-289.118004433,118800,10.0619482854
100,-307.965525267,-288.264908378,-269.696061097,120000,15.6439263785
101,-371.773502735,-344.124363432,-299.342701461,121200,31.9551533977
102,-393.539897529,-332.194269834,-289.127314013,122400,44.5427082188
103,-470.838324283,-349.861374142,-218.597866562,123600,103.233302365
104,-447.301114429,-353.647093525,-303.043157187,124800,66.2951576553
105,-465.491506684,-364.730201949,-255.135377351,126000,86.1043885519
106,-434.727752582,-334.343541991,-283.817912152,127200,70.9828784079
107,-384.26636838,-344.19453554,-321.286449205,128400,28.4319444801
108,-515.784475684,-391.621249054,-293.270371684,129600,92.6564969856
109,-365.612199135,-341.313370245,-311.559912362,130800,22.4012969782
110,-487.87157937,-443.861763721,-381.607332083,132000,45.2597840053
111,-455.649670547,-332.19965172,-266.916648458,133200,87.3406727766
112,-476.776173069,-421.846178215,-316.738113238,134400,74.3479396245
113,-489.744978106,-377.782576898,-288.091998329,135600,83.8172878983
114,-407.397108079,-370.527431779,-336.682870659,136800,28.9481068448
115,-427.070946755,-355.905082424,-319.400965572,138000,50.3274859676
116,-490.647302771,-356.126473693,-209.395453508,139200,115.144741532
117,-410.891934605,-339.111921505,-279.14807843,140400,54.4293261364
118,-619.064640564,-466.813859332,-384.262067079,141600,107.785354377
119,-558.945291521,-481.750552437,-367.647771003,142800,82.3421238155
120,-463.489766081,-433.835976299,-406.227480906,144000,23.4219234582
121,-601.337233308,-481.26393203,-341.792515178,145200,106.842813963
122,-663.989660655,-429.012060815,-264.707417666,146400,170.494530698
123,-577.095361857,-522.568547961,-478.232106985,147600,40.9989314181
124,-574.674150842,-480.378117206,-346.501967343,148800,97.2645037377
125,-555.805029347,-451.6724917,-384.209922847,150000,74.6982155174
126,-424.265164639,-379.692223548,-334.858371911,151200,36.5006365444
127,-572.778373755,-458.07807541,-345.686022684,152400,92.7244303553
128,-631.704447375,-481.113108394,-278.035252985,153600,149.078504084
129,-601.659370068,-493.707516745,-419.048525783,154800,78.1792433057
130,-489.459362293,-459.895309135,-427.903101504,156000,25.1888237279
131,-509.584893594,-433.903426971,-365.426668137,157200,59.0724377494
132,-494.412750768,-468.978169089,-454.840324269,158400,18.0223274948
133,-524.89094581,-429.080185354,-338.03138719,159600,76.3593734723
134,-508.278310066,-440.644690814,-388.559258774,160800,50.0963897884
135,-436.777516692,-377.231172737,-341.558577945,162000,42.3802508909
136,-392.860489147,-358.277227871,-294.671777825,163200,45.0331088461
137,-421.616765874,-373.924082463,-326.128893391,164400,38.9828280863
138,-397.625236331,-328.466499201,-281.439436813,165600,49.9475943541
139,-383.985193136,-356.525402047,-303.377628951,166800,37.588111291
140,-344.854611851,-334.004659432,-325.83896222,168000,7.99177294642
141,-276.61500012,-274.268547826,-271.685157137,169200,2.01956147228
142,-361.932667696,-319.343525073,-289.487379247,170400,30.915765775
143,-374.189260894,-320.333290951,-286.521565117,171600,38.4944585808
144,-337.144843091,-310.394487173,-291.423804493,172800,19.459287918
145,-272.020099606,-267.110117474,-257.335189301,174000,6.9119424504
146,-403.901936195,-313.468801856,-241.250824435,175200,67.6396826101
147,-303.44143086,-258.069856451,-228.889309771,176400,32.5178589279
148,-262.730928651,-260.093529353,-256.048662095,177600,2.90389349268
149,-385.446626363,-207.670518784,10.6630931873,178800,164.234407383
150,-267.369716517,-251.456516274,-231.934807817,180000,14.6895470158
151,-251.88183112,-205.247020353,-139.934698452,181200,47.5722411686
152,-257.273141712,-248.686796046,-240.205343022,182400,6.9682943814
153,-301.306302518,-247.728451672,-181.106839685,183600,49.9305016659
154,-203.353595509,-130.744191724,-62.7951988341,184800,57.477272559
155,-214.653977337,-194.037122012,-183.089134525,186000,14.587667837
156,-269.415028535,-167.209787897,-30.9184125367,187200,100.304727027
157,-192.359907291,-186.196733567,-180.770068987,188400,4.76010660031
158,-224.175416632,-156.992567234,-48.5180626236,189600,77.4279325003
159,-193.674491088,-144.18865686,-101.32321783,190800,37.9917679027
160,-158.680443684,-122.885675317,-67.3476059905,192000,39.814321208
161,-229.025887847,-209.357042827,-191.706909345,193200,15.3021335402
162,-195.332582818,-190.24790609,-183.717962225,194400,4.85052922913
163,-195.154098033,-179.650024556,-149.773554322,195600,21.1309059325
164,-197.557793947,-181.924781137,-156.819824038,196800,17.9291911796
165,-214.406576187,-187.797647433,-166.6740461,198000,19.8689912482
166,-166.858580836,-154.656998918,-142.914821335,199200,9.78039515244
167,-209.675054215,-188.75403542,-175.418655881,200400,14.9784656285
168,-170.886761355,-165.21921139,-161.641355073,201600,4.0533524389
169,-181.78324322,-176.912875813,-174.119931679,202800,3.45623605816
170,-181.43870894,-169.939695531,-153.280678429,204000,12.0606218512
171,-222.902857219,-174.488308191,-145.431958036,205200,34.4624428692
172,-164.948945015,-153.750291485,-140.62732071,206400,10.0220623244
173,-248.32981584,-204.423355464,-164.68590616,207600,34.274493885
174,-199.485576112,-173.728028686,-125.931552701,208800,33.8312909304
175,-197.869753222,-189.758269,-183.851884523,210000,5.93138597524
176,-197.493755947,-186.189476469,-176.913110289,211200,8.52349960151
177,-210.569626878,-183.332793844,-161.088501701,212400,20.5067393085
178,-193.260581887,-189.891236249,-187.853930776,213600,2.39982184192
179,-184.468440923,-170.526573166,-161.029540544,214800,10.0718396958
180,-207.926348774,-194.405003514,-171.128957835,216000,16.5303282924
181,-199.237092278,-184.864368425,-169.040785051,217200,12.3702058066
182,-243.905399325,-234.816491196,-219.970033758,218400,10.5857596722
183,-185.183095353,-122.711368463,-26.7509929799,219600,68.8781530628
184,-197.733930094,-181.8302885,-166.270241742,220800,12.8472945076
185,-176.083111736,-168.664977408,-154.58115209,222000,9.96350488603
186,-201.103125999,-190.632911668,-176.49115108,223200,10.3777812752
187,-210.745567848,-194.518937811,-180.327649077,224400,12.5011841108
188,-238.109296124,-200.715036564,-181.832557325,225600,26.4421675922
189,-222.214215284,-218.251509397,-213.241496056,226800,3.73720593169
190,-249.017307201,-227.398198005,-204.777051474,228000,18.074901859
191,-232.72916373,-213.836665226,-187.921377036,229200,18.9547552226
192,-242.501726729,-217.303471873,-204.677207462,230400,17.8178706593
193,-364.979918144,-294.25329055,-205.342270404,231600,66.428150375
194,-260.132128588,-192.866935577,-115.853854521,232800,59.30329436
195,-250.675578361,-232.961973182,-218.367400067,234000,13.3728796929
196,-261.682953505,-226.347965013,-201.822063208,235200,25.605452714
197,-274.725146991,-219.594157389,-170.157751474,236400,42.8789479333
198,-212.053932354,-194.318122752,-162.953382032,237600,22.2415052402
199,-227.24736698,-201.590247753,-165.483138371,238800,26.275548895
200,-240.207265109,-218.070559057,-202.253007642,240000,16.1261733723
201,-246.488292896,-180.960684804,-93.8081667473,241200,64.1796062023
202,-272.352451327,-209.838336145,-150.556700917,242400,49.7754149452
203,-263.128056056,-218.877629764,-193.889096989,243600,31.3769954962
204,-256.580243148,-230.994062607,-204.226962848,244800,21.3894431468
205,-234.095226053,-171.157351643,-80.9812259245,246000,65.408541795
206,-359.443875488,-290.529797726,-249.004941118,247200,49.0701309883
207,-347.420320982,-254.452348186,-190.001133826,248400,67.3552980095
208,-257.703769932,-247.208498222,-229.055164003,249600,12.8884986571
209,-396.000778177,-263.887010457,-132.684511304,250800,107.500347
210,-255.888629815,-232.850125756,-187.189126502,252000,32.2876488818
211,-260.600738519,-251.150595599,-232.618738005,253200,13.1048653626
212,-459.290962082,-333.952247506,-258.054186421,254400,89.2836066805
213,-331.144144786,-278.175064802,-227.163853784,255600,42.4723452568
214,-299.253660104,-256.000639984,-219.850829669,256800,32.8028866862
215,-230.848715426,-218.676044151,-204.630307775,258000,10.7852524183
216,-279.835778884,-198.50469841,-65.7825521714,259200,94.6413482463
217,-275.903984672,-264.710835132,-254.219777218,260400,8.86645035005
218,-261.013711274,-238.989385276,-201.87498118,261600,26.3960879934
219,-452.944631989,-323.843502261,-248.559516257,262800,91.7079880275
220,-260.10110735,-235.355454906,-207.093670863,264000,21.7825536732
221,-340.083855695,-271.549685764,-205.140505454,265200,55.1108799254
222,-362.356940551,-330.398279421,-297.307822339,266400,26.5682475474
223,-383.735189122,-340.780698297,-300.727466079,267600,33.9498011515
224,-462.695746643,-395.300455014,-313.93460262,268800,61.5296780358
225,-330.198771115,-307.322892114,-268.162214164,270000,27.8212102203
226,-453.287024409,-298.249938128,-180.274457932,271200,114.49639688
227,-393.139792546,-334.593114001,-267.198070862,272400,51.7947840498
228,-343.401789731,-309.437359788,-270.283014532,273600,30.0753524483
229,-372.502092319,-285.218229195,-189.687624727,274800,74.8611556921
230,-348.008867285,-259.644371881,-214.105265582,276000,62.4929548096
231,-293.992674305,-263.974348953,-212.113422744,277200,36.8227951885
232,-293.083847076,-267.145623644,-237.241571469,278400,22.969338758
233,-429.171620064,-323.728083081,-269.027558147,279600,74.5773428313
234,-227.942791594,-186.829919323,-152.625525239,280800,31.1337753994
235,-269.053688749,-188.627775881,-63.7711497228,282000,89.5015695202
236,-158.834334853,-77.6238690422,-24.8793380565,283200,58.2735925089
237,-295.867134796,-253.605082838,-185.627178363,284400,48.5399546871
238,-353.674366313,-279.544733523,-235.986920979,285600,52.6849810488
239,-334.07228632,-236.50389655,-177.331726372,286800,69.5106852335
240,-334.641028749,-226.045731353,-111.20351522,288000,91.3248728747
241,-274.83187936,-242.495516761,-207.138243648,289200,27.7182431407
242,-258.445475011,-240.31671407,-226.036349655,290400,13.5079104838
243,-191.493290969,-181.258124621,-165.084869208,291600,11.56998592
244,-222.70086205,-192.551428957,-167.195311153,292800,22.9121285013
245,-220.922844457,-188.986582819,-165.692051345,294000,23.3612178922
246,-417.95657014,-277.185084418,-194.514485518,295200,100.044577005
247,-255.1339149,-226.244655851,-178.134797443,296400,34.247039795
248,-292.908978507,-172.284424618,-49.9058981441,297600,99.2133444697
249,-191.928852636,-178.241804101,-156.721321315,298800,15.4037784227
250,-350.612029629,-223.529454164,-49.5997527897,300000,127.274212121
251,-211.53619069,-180.915721846,-165.418121293,301200,21.6524816163
252,-237.606694021,-159.781779448,-114.374789139,302400,55.2854227647
253,-383.34981363,-236.270352109,-120.289024629,303600,109.622276122
254,-248.620297464,-190.545806288,-93.5232148459,304800,69.0482543585
255,-266.042561463,-215.25017616,-186.745457694,306000,36.0052101443
256,-245.208488942,-230.362297537,-204.209018736,307200,18.5495158667
257,-385.036243061,-273.798300358,-196.902457162,308400,80.5527371685
258,-251.447324171,-237.111959678,-211.337491657,309600,18.2636156193
259,-294.509089011,-238.249280325,-165.17692442,310800,54.1214591292
260,-289.940034105,-266.69093939,-221.835111342,312000,31.7249462326
261,-288.346502412,-263.002045978,-224.942051023,313200,27.4018831943
262,-228.788178259,-218.481627285,-207.311811637,314400,8.78891348044
263,-302.005198281,-261.848016245,-215.007828911,315600,35.8295268288
264,-535.72337074,-353.771900631,-220.162027404,316800,133.285215093
265,-256.409965256,-177.582788977,-28.2220901674,318000,105.668222706
266,-327.648138056,-269.245389409,-232.022987588,319200,41.813057524
267,-264.27817931,-250.821894362,-230.788008851,320400,14.4417566155
268,-479.082448178,-319.012651421,-225.831521457,321600,113.694263357
269,-317.130384998,-284.938600327,-259.364022128,322800,24.0427221965
270,-404.29048899,-313.907030071,-243.680476618,324000,67.1000230848
271,-297.700735846,-266.688641178,-223.041891272,325200,31.7617343458
272,-379.87246069,-305.376803275,-217.620757576,326400,66.8993383823
273,-270.257963374,-242.773440071,-216.682966246,327600,21.8941028553
274,-268.948552613,-251.527457748,-227.683494811,328800,17.4478494292
275,-431.855224398,-328.628156978,-240.772774919,330000,78.7626906511
276,-290.477564485,-248.043632208,-217.139269922,331200,31.0303571847
277,-245.274377577,-225.756449071,-200.543954487,332400,18.6997994568
278,-553.244447091,-425.370953583,-355.344418301,333600,90.5568266549
279,-381.539143062,-328.602602264,-283.63833758,334800,40.3634307953
280,-283.055498271,-219.317586427,-117.719045606,336000,72.6136170185
281,-468.953930129,-319.896356327,-242.459012166,337200,105.42637221
282,-288.078069897,-268.634140832,-256.611537084,338400,13.8766644389
283,-292.647163529,-258.727744636,-211.142280385,339600,34.6490220245
284,-244.337409665,-164.144932882,-70.7030715679,340800,71.502356532
285,-325.382245788,-287.35772294,-253.649599077,342000,29.4433538193
286,-372.059782265,-247.861020102,-144.455246115,343200,94.0752092282
287,-591.823951414,-410.938239559,-231.539407015,344400,147.089306978
288,-383.294703314,-272.521448119,-197.899955068,345600,79.8874858739
289,-349.937835425,-211.32655762,-126.596736493,346800,98.8187571543
290,-262.085455723,-261.132251515,-259.242900008,348000,1.33599141062
291,-477.170299525,-301.453469522,-187.21615033,349200,126.103528489
292,-254.254516526,-214.972378354,-180.824703892,350400,30.1966486445
293,-456.179848758,-256.482291382,-127.853138982,351600,143.149445749
294,-237.655427032,-220.710945847,-198.893444134,352800,16.1953198248
295,-389.125673303,-249.286211838,-124.098270775,354000,108.691862039
296,-260.348670188,-239.242523423,-208.320977059,355200,22.3454210831
297,-203.441974984,-159.138599892,-79.7293302086,356400,56.2762382988
298,-371.408322767,-294.004971404,-230.351200385,357600,58.401290873
299,-243.494571011,-199.637751973,-175.354506773,358800,31.0710013051
300,-212.214872238,-189.5595804,-163.602900754,360000,19.9825809807
301,-233.805026687,-167.552365554,-102.065348047,361200,53.7852234335
302,-240.988016629,-179.788870324,-121.789605882,362400,48.7151223211
303,-204.843814063,-196.398583963,-180.129212719,363600,11.5069766771
304,-190.754112663,-132.114496538,-81.2983178211,364800,45.0262692644
305,-106.021755543,-98.0260356476,-90.9899186517,366000,6.17412117248
306,-185.867501473,-115.446742697,-56.7449064259,367200,53.361415501
307,-450.982582407,-257.514330831,-158.705062464,368400,136.813204755
308,-174.005799734,-140.781025375,-77.8457817401,369600,44.5250585145
309,-460.698259282,-272.259848269,-177.170632671,370800,133.247971783
310,-210.164341419,-184.218091363,-163.988473176,372000,19.2797408687
311,-334.76497683,-249.631707564,-168.852531079,373200,67.8034094852
312,-203.540035278,-179.467189961,-152.851901971,374400,20.7712898909
313,-329.406125191,-180.801588012,-60.6062217546,375600,111.560619594
314,-225.96290325,-198.288945017,-152.963786768,376800,32.3098684437
315,-379.129802854,-237.403458357,-147.460675504,378000,101.419258803
316,-190.991398155,-172.844822568,-157.090088437,379200,13.9431077195
317,-186.407621927,-173.747526358,-158.836123692,380400,11.3680302154
318,-303.54823678,-197.525403646,-138.996185212,381600,75.1047135527
319,-424.588779843,-270.802965737,-174.202551384,382800,109.927076765
320,-457.505290616,-290.221483303,-184.906997194,384000,119.603804209
321,-291.259903067,-134.32629765,59.9452605177,385200,145.789480116
322,-191.761771938,-131.739365569,-61.2893519526,386400,53.7730684692
323,-293.843488574,-206.695725329,-162.563978618,387600,61.624457766
324,-552.791112836,-293.912279325,-147.389814688,388800,183.585617365
325,-199.771609984,-183.521963008,-170.715427493,390000,12.1094094997
326,-199.19216228,-185.809287558,-164.281696463,391200,15.3717806274
327,-206.583208201,-159.488980304,-89.2374923601,392400,50.6273857131
328,-198.926516461,-190.467930428,-184.412923195,393600,6.16408904665
329,-239.614782756,-194.739578692,-167.451923207,394800,31.9777107097
330,-210.676475811,-198.052211279,-179.797568927,396000,13.2199997074
331,-187.278293987,-177.108811926,-160.784771653,397200,11.65863404
332,-191.067272944,-170.511461164,-158.515018606,398400,14.6027261546
333,-190.022845218,-180.826855508,-174.843165835,399600,6.60024343926
334,-206.952148766,-151.383155466,-82.4843073865,400800,51.6805873016
335,-214.026051576,-180.986544983,-150.799640265,402000,25.8907676583
336,-400.10178706,-281.020819174,-190.852525812,403200,87.8379963127
337,-219.13978724,-181.030420383,-143.914367479,404400,30.7186799741
338,-189.973789535,-141.308725024,-53.0155303098,405600,62.5416273109
339,-225.53864215,-200.594272987,-172.604686362,406800,21.7172117744
340,-199.927426884,-176.236165073,-154.714597648,408000,18.5217109033
341,-324.252959965,-220.632884394,-148.708659481,409200,75.0884836703
342,-174.192178308,-147.961906843,-108.097557415,410400,28.6535720771
343,-165.412424418,-155.632928979,-143.738481872,411600,8.97384019565
344,-272.852967374,-234.853131573,-171.726193075,412800,44.9457790935
345,-213.559040631,-194.901339537,-171.043243353,414000,17.7422534524
346,-360.179922073,-272.893268281,-178.324790276,415200,74.4203868268
347,-222.506777531,-176.215547188,-139.851976862,416400,34.4661461289
348,-183.653102004,-172.622762965,-153.111411192,417600,13.8358086665
349,-193.369244634,-153.278428693,-73.7405300873,418800,56.2424014665
350,-253.446156957,-162.558499898,-53.1850120511,420000,82.7946294341
351,-205.760840624,-177.578577092,-162.536550533,421200,19.9429884799
352,-188.907689261,-171.188988952,-156.47245464,422400,13.4107136708
353,-280.85307565,-232.314270319,-207.898263893,423600,34.3223271348
354,-184.542267952,-145.284778034,-125.027851986,424800,27.7639754296
355,-539.550824486,-308.006770529,-176.059448966,426000,164.258184671
356,-389.398544154,-277.29008582,-205.87955014,427200,80.2581085091
357,-314.214707839,-271.201590964,-248.584835572,428400,30.4283716815
358,-200.789085611,-186.122151554,-169.469819004,429600,12.8628786459
359,-475.872524726,-280.755862685,-153.335479303,430800,140.106212153
360,-225.443408288,-195.412023161,-176.792972196,432000,21.4382409303
361,-407.691263548,-261.790205755,-184.156254208,433200,103.238472953
362,-233.778907116,-205.916646303,-188.49843004,434400,19.90626285
363,-232.236351258,-205.140704233,-184.06475722,435600,20.121351996
364,-186.975876671,-142.162733492,-58.005654881,436800,59.5499144614
365,-207.602694663,-76.8103378898,-2.47927600174,438000,92.7714488617
366,-320.105484216,-197.233521151,-80.4312516726,439200,97.9406804192
367,-248.33389652,-158.22379001,-8.84527666096,440400,106.374363445
368,-247.027094434,-209.253760323,-176.454286768,441600,29.0251013448
369,-240.319162576,-185.597958472,-151.325401939,442800,39.1031349866
370,-348.552433808,-255.230792135,-173.796901622,444000,71.8371444221
371,-185.643482166,-142.995751898,-77.5851684826,445200,46.9592759851
372,-311.608459753,-190.731515327,-61.5895189519,446400,102.23698288
373,-217.981557847,-208.525542081,-191.668616948,447600,11.9491369085
374,-274.915577759,-217.319508157,-182.433689129,448800,41.0287829214
375,-363.915059111,-245.372262925,-164.486225107,450000,85.660136766
376,-259.028268735,-216.994998488,-178.369660897,451200,33.016796315
377,-192.286067326,-138.17783186,-52.9920329674,452400,60.9648434939
378,-232.799850084,-210.169881334,-194.495334225,453600,16.3929334667
379,-196.801853343,-189.582617809,-176.911816047,454800,8.98862528096
380,-194.176235459,-169.767855089,-146.933980374,456000,19.3186777915
381,-299.861229232,-214.2205418,-151.353817762,457200,62.7301249898
382,-371.114360266,-296.028711319,-251.822661876,458400,53.371587793
383,-183.223951419,-175.665169237,-170.773234986,459600,5.42150922024
384,-263.491013391,-181.065549361,-136.913859858,460800,58.3329827313
385,-184.651311238,-145.40565157,-72.7582710462,462000,51.4248275181
386,-291.539868143,-215.82219622,-166.28656207,463200,54.3827300838
387,-186.804269633,-174.218084651,-153.375087022,464400,14.8438265243
388,-241.749998228,-191.385678074,-149.32760098,465600,38.1856878393
389,-326.863810756,-268.925938231,-211.274448523,466800,47.1895940275
390,-318.240355395,-195.39312369,-40.5671542205,468000,115.592910435
391,-348.702927069,-265.422213012,-178.552931755,469200,69.5097767093
392,-250.678054494,-183.469834354,-133.176684486,470400,49.4383972915
393,-348.435564075,-229.792948798,-151.707814161,471600,85.2804542809
394,-194.050744448,-192.492316461,-190.120545239,472800,1.70445726825
395,-270.603043765,-253.363722989,-232.112347217,474000,15.9677982025
396,-330.029755676,-258.248353726,-147.48220391,475200,79.4596756791
397,-255.434381908,-181.979578273,-71.2212793389,476400,79.6964234274
398,-182.327135455,-126.669552998,-40.8120329442,477600,61.5936048239
399,-281.811122263,-226.382067287,-182.863360413,478800,41.2638436383
400,-231.245723484,-197.30440433,-168.727833136,480000,25.8031915842
401,-232.508831403,-178.130463161,-132.865852674,481200,41.1863750755
402,-171.537383813,-162.51626395,-152.970815651,482400,7.58883186277
403,-181.002565241,-140.780805018,-73.6845102448,483600,47.7561283154
404,-247.939410909,-198.172317049,-146.920313997,484800,41.2542377761
405,-185.030045727,-175.784123369,-168.008476167,486000,7.02636650291
406,-637.61258643,-371.166257267,-195.452417617,487200,191.57364504
407,-217.480650385,-175.225400995,-108.77491564,488400,47.5625291884
408,-162.107397052,-145.593546618,-134.828780197,489600,11.855229778
409,-418.483096431,-300.144776621,-220.433882873,490800,85.3421790245
410,-206.23590333,-170.898674783,-136.397880941,492000,28.5173872116
411,-207.415160751,-131.221746283,-74.1005676229,493200,56.071429559
412,-250.471503657,-187.032877921,-119.431912531,494400,53.577591175
413,-211.592937713,-199.302226357,-192.188046539,495600,8.7267714323
414,-369.605263085,-201.736418062,-66.1826319205,496800,125.961688748
415,-487.636775511,-394.176395602,-309.857654054,498000,72.8653148871
416,-193.144838989,-146.605518176,-80.0083402978,499200,48.3163537296
417,-179.275056548,-110.334498715,-1.47422847766,500400,77.8822666784
418,-225.037757535,-144.677305781,-13.1720797839,501600,93.7500481829
419,-312.609249228,-212.001049456,-144.060630528,502800,72.5835020071
420,-195.656169804,-149.150973389,-75.5806304407,504000,52.6239831637
421,-364.801627917,-275.294595809,-105.214125397,505200,120.320342105
422,-200.623485173,-184.918812788,-167.695609902,506400,13.4855649646
423,-348.69725708,-221.702928122,-137.151137652,507600,91.4292694426
424,-247.184298545,-226.272668134,-193.921236818,508800,23.2004341871
425,-355.183720657,-237.190676301,-171.963652237,510000,83.5886277792
426,-418.858725299,-343.363986982,-218.065734922,511200,89.2178933178
427,-213.129364086,-187.595128662,-165.166637478,512400,19.7034687534
428,-278.749637959,-219.453894568,-173.854720706,513600,43.9046916931
429,-225.239547339,-185.447334337,-143.720586408,514800,33.3080777679
430,-207.250083155,-157.690291493,-111.724990017,516000,39.0806953582
431,-203.570779905,-172.40514709,-128.291559958,517200,32.0674017208
432,-128.510755819,-77.542058703,-12.0069499008,518400,48.6649734438
433,-189.221858712,-184.689627377,-178.198143694,519600,4.70882685511
434,-158.71656182,-130.238942813,-113.366788713,520800,20.2511825501
435,-204.720917037,-177.410066433,-159.222042632,522000,19.6631019883
436,-588.372670651,-351.396385351,-131.094030615,523200,187.055167671
437,-167.469575423,-165.650465177,-163.486236683,524400,1.64439995816
438,-242.532505634,-192.828637595,-164.496934045,525600,35.2605981191
439,-346.554390776,-229.606949656,-142.341524544,526800,85.9708874734
440,-195.514376499,-160.523044937,-115.730527265,528000,33.3007816376
441,-206.687037271,-143.550587219,-58.2759851439,529200,62.5781294578
442,-443.68082474,-321.787576623,-121.096744527,530400,142.996309119
443,-315.718215463,-237.788361285,-186.146628492,531600,56.0683988954
444,-161.936799699,-158.380312501,-153.17997749,532800,3.7591808082
445,-328.792103704,-200.412103858,-112.230190577,534000,92.8679355394
446,-230.448275158,-188.974221751,-161.020022902,535200,29.9127665415
447,-190.417053598,-172.290471054,-140.311307913,536400,22.6799019629
448,-472.693177533,-357.625315409,-183.24227875,537600,125.390518379
449,-171.231779074,-155.511903427,-137.575140886,538800,13.8293953628
450,-187.697354466,-164.95578282,-150.330078803,540000,16.2988507399
451,-140.971770989,-101.065161562,-55.0401474338,541200,35.3472029893
452,-473.194663003,-255.733146945,-101.62731743,542400,158.168750257
453,-436.764457534,-389.887870519,-298.626453792,543600,64.5395839822
454,-286.026223543,-188.514801474,-107.973704046,544800,73.6734636243
455,-180.935273928,-156.1530191,-113.30887934,546000,30.4193587122
456,-363.817133431,-220.040575004,-123.652225873,547200,103.614759215
457,-519.512038348,-270.725516043,-124.60400731,548400,176.810948008
458,-374.676689976,-241.12026198,-158.419328568,549600,95.3293329735
459,-562.965358239,-286.6377799,-145.548309772,550800,195.4077063
460,-402.204497892,-227.923084603,-120.979960297,552000,124.291710662
461,-166.662559519,-152.142082794,-137.580429421,553200,11.8727655976
462,-435.134337955,-362.087300354,-245.746399129,554400,83.1573480975
463,-337.433086246,-183.628707109,-100.191570508,555600,108.886931612
464,-199.804841926,-160.205334467,-136.601727934,556800,28.1728005873
465,-351.034006698,-267.200747068,-172.465635669,558000,73.3066780128
466,-183.004075084,-165.663004393,-136.958722444,559200,20.4431822782
467,-580.572566683,-298.773025675,-151.893797703,560400,199.322167852
468,-288.595464214,-202.531760582,-136.585886643,561600,63.6672245454
469,-193.372525662,-173.993458382,-164.096655782,562800,13.7041148784
470,-409.270501462,-253.10084639,-160.455180287,564000,111.066763386
471,-158.147668493,-126.748034402,-103.989635669,565200,22.9387058806
472,-170.06775994,-144.374553528,-129.16868786,566400,18.2696790912
473,-417.500081681,-276.412254883,-205.213236161,567600,99.7655929862
474,-354.83394477,-282.351293242,-174.349786588,568800,77.8452509397
475,-178.097746165,-159.6922986,-136.258436268,570000,17.4469802441
476,-182.736932828,-137.787389382,-89.8268483857,571200,37.990091054
477,-483.124116824,-243.088665116,-90.7699246037,572400,171.767515566
478,-352.801649288,-215.3538715,-138.812515988,573600,97.3996286732
479,-175.093893481,-129.619286832,-57.3064956386,574800,51.6958017951
480,-628.864131485,-319.45979133,-164.516764518,576000,218.781995439
481,-428.597114933,-259.443163778,-174.239467274,577200,119.611000533
482,-438.344803527,-232.485529837,-111.133257548,578400,146.339613958
483,-273.830756797,-193.689476344,-115.148471534,579600,64.7916536585
484,-223.38618902,-182.810521128,-145.594157743,580800,31.847173895
485,-429.005782302,-249.086870489,-147.728632626,582000,127.561863035
486,-258.705848244,-177.625543619,-136.965900816,583200,57.3325162337
487,-669.912268864,-543.808034922,-415.550308706,584400,103.853999572
488,-469.584174705,-327.6234693,-154.728053934,585600,130.387400738
489,-428.560070893,-236.213454212,-126.297085978,586800,136.471700135
490,-427.346391736,-229.536327516,-119.225136703,588000,140.182539537
491,-449.470074465,-334.247394353,-131.208656632,589200,144.005387632
492,-131.412065609,-103.893854523,-59.75844656,590400,31.524156925
493,-436.257093533,-278.49009165,-95.7213317767,591600,140.142706281
494,-115.011775793,-82.894313458,-38.1361686735,592800,32.6323447118
495,-345.038007397,-168.231643335,-23.6281687818,594000,133.176175695
496,-438.34859616,-329.166501965,-120.673076482,595200,147.482178228
497,-496.367577005,-270.896647955,-131.231520603,596400,160.941110607
498,-531.249099113,-306.70888986,-173.288651642,597600,159.710273787
499,-155.9313411,-147.627803691,-135.361671335,598800,8.85266240902
500,-325.452779426,-196.521558611,-92.767962224,600000,96.6470921033
501,-401.497444289,-196.147158064,-85.2487866043,601200,145.359729691
502,-183.855163155,-142.169136777,-115.839831281,602400,29.8149067826
503,-380.903098966,-244.429228543,-135.932828265,603600,101.946595525
504,-137.59233153,-123.147365155,-110.691484969,604800,11.07192348
505,-219.012169533,-138.87033883,-46.7921654675,606000,70.8133210499
506,-138.048459664,-120.539058724,-92.8940905981,607200,19.7783813471
507,-374.060650051,-293.497969024,-233.37496092,608400,59.2252815015
508,-239.914356331,-149.178387369,-97.5116076582,609600,64.3658132288
509,-81.2877548292,-78.6920832401,-77.0460216653,610800,1.85730888522
510,-319.611336636,-132.523992741,-32.2851795048,612000,132.403626842
511,-123.168357567,-111.432359167,-99.8046209602,613200,9.53851271617
512,-309.658719821,-246.519198189,-124.914592412,614400,86.0086146887
513,-307.030489353,-206.803079581,-133.90045728,615600,73.2733922107
514,-197.237282363,-153.739035812,-110.605878241,616800,35.368064809
515,-303.370422417,-177.350098974,-108.049152578,618000,89.2577369653
516,-162.344267787,-120.917400203,-80.7276326578,619200,33.3313325548
517,-170.398871986,-152.288642639,-124.122226394,620400,20.1862519718
518,-196.568846387,-140.969163771,-98.5035611339,621600,41.0980785082
519,-329.285024054,-188.055698633,-114.022522798,622800,99.903213165
520,-211.302509433,-177.330834318,-124.267416676,624000,38.0100672392
521,-181.545734996,-123.85285696,-59.9743493871,625200,49.8236688018
522,-121.77391654,-43.6461308152,80.1170399122,626400,88.5133920096
523,-187.968045304,-110.283775707,-1.15942681611,627600,79.4385461634
524,-154.422295196,-126.051961228,-93.6571527441,628800,24.9699543537
525,-148.580113933,-129.63066444,-109.47307259,630000,15.9882222614
526,-171.582479629,-141.84041076,-114.396213228,631200,23.4026697297
527,-135.361491507,-102.258145118,-52.2352586381,632400,35.9832903388
528,-195.219857167,-132.094485739,-84.5715114055,633600,46.4997505461
529,-289.331488189,-170.480709004,-70.4191253324,634800,90.3527570284
530,-200.431395959,-165.045635182,-128.490273272,636000,29.3814823596
531,-162.393982212,-57.3607172126,69.6138274745,637200,95.979062837
532,-196.987461128,-132.105727684,-61.2520583612,638400,55.5744120059
533,-165.398678212,-127.734428401,-101.926359352,639600,27.2349111994
534,-126.246664691,-100.346178611,-78.2319196241,640800,19.783925675
535,-192.892372116,-159.482981626,-120.778631537,642000,29.6774363555
536,-125.158005784,-99.2560400768,-81.4110683503,643200,18.7462884807
537,-154.463782766,-141.520776445,-134.080577164,644400,9.18620094289
538,-155.183974684,-126.104649596,-102.314003825,645600,21.9056469332
539,-186.154530901,-176.227838088,-168.611880593,646800,7.34578192988
540,-188.872388599,-169.174985655,-141.208692902,648000,20.3181015494
541,-194.429594968,-78.9469008638,-12.8592120284,649200,81.9424631444
542,-238.231659853,-118.927715068,19.9054956165,650400,106.284968923
543,-121.111387625,-89.5725814866,-61.5981576144,651600,24.4265532061
544,-210.810902055,-140.587164148,-93.6263925985,652800,50.5893698782
545,-139.6758924,-115.544862561,-78.4511825719,654000,26.6225342844
546,-165.146643935,-144.536586724,-134.112110323,655200,14.5738375519
547,-150.383503585,-121.908728798,-69.3296255498,656400,37.2218284884
548,-158.59145049,-137.542633869,-112.321911292,657600,19.1184232942
549,-206.70778325,-127.284106222,-14.9490715184,658800,81.6709617074
550,-120.448079383,-91.8157573917,-58.0340507898,660000,25.7392678309
551,-111.593268983,-104.309104553,-92.6755803088,661200,8.31293908268
552,-357.611961471,-187.06868839,-61.6637224756,662400,124.965168805
553,-125.711761249,-120.725443837,-111.216175363,663600,6.72672863856
554,-114.324855245,-109.465024508,-101.407106607,664800,5.73805301454
555,-167.189401533,-102.080915519,-44.4741986963,666000,50.3783197918
556,-135.660198086,-106.893500603,-54.4321161205,667200,37.1535459856
557,-141.070581511,-129.615625816,-123.083135625,668400,8.12650200885
558,-124.456989119,-89.4801469232,-35.4284145641,669600,38.7677731102
559,-145.97922362,-115.387184771,-99.9942172655,670800,21.6319829523
560,-145.859885315,-90.1209870649,10.5045093283,672000,71.2907707804
561,-171.834556896,-130.209307435,-95.3085062456,673200,31.6014003958
562,-123.865177935,-101.083964706,-66.750227887,674400,24.7066115404
563,-164.723117946,-119.614182287,-70.5622076408,675600,38.5420110591
564,-110.39089686,-89.1844980834,-78.0786205112,676800,15.0008043595
565,-174.295738007,-119.453005529,-85.2810290691,678000,39.1694159402
566,-138.045531466,-90.3325563318,-53.6637270556,679200,35.3228169617
567,-137.33921389,-108.210333564,-90.3522623902,680400,20.7720446278
568,-130.961365216,-122.130809707,-113.772566044,681600,7.02524083135
569,-130.919365708,-101.761113833,-46.9465703447,682800,38.7860934255
570,-138.331188461,-128.739476496,-112.504420974,684000,11.5428474224
571,-125.307227803,-75.0347653095,-25.9072530349,685200,40.5879450841
572,-129.449853697,-87.3919125028,-39.5336620669,686400,36.9365498279
573,-132.425340884,-117.044517072,-104.651573216,687600,11.5337508382
574,-227.03882908,-160.599113,-125.363488802,688800,47.0087950482
575,-177.980704816,-138.372828507,-106.211797237,690000,29.7689508218
576,-136.026894688,-107.103833079,-60.3606986378,691200,33.3617500839
577,-200.772852074,-117.937389913,-74.6746714551,692400,58.5928853587
578,-228.985755213,-129.996902354,-50.5284148119,693600,74.1509230436
579,-116.995876204,-100.61581598,-74.9794110698,694800,18.3594802635
580,-118.701293565,-91.7843345645,-68.5655369961,696000,20.6342081696
581,-136.794637803,-91.8705425852,-39.5938213547,697200,40.0212069743
582,-193.093801838,-103.833979741,-46.6035257663,698400,63.949253645
583,-235.101734277,-152.905620113,-91.3378033315,699600,60.476783148
584,-185.540601085,-118.569226755,-77.6032340421,700800,47.748149743
585,-90.1722851461,-73.8111445307,-57.1191615242,702000,13.4959089556
586,-231.670958631,-141.061816773,-89.3946562453,703200,64.2806087277
587,-252.389350226,-143.450077267,-70.1821458601,704400,78.5459516755
588,-152.091430654,-110.434112022,-66.2195377931,705600,35.1036575778
589,-205.74271847,-139.850864168,-100.859393316,706800,46.8533239386
590,-123.28391804,-73.9545757544,-32.0998750481,708000,37.599070238
591,-281.978787105,-256.847155691,-237.403243069,709200,18.6370131782
592,-194.808462122,-132.486965407,-78.2948594393,710400,47.9125602739
593,-298.19581674,-173.03325954,-101.167920752,711600,88.8273346335
594,-248.864618869,-136.184501174,-72.2279447014,712800,79.9191997331
595,-66.798071734,-27.9970432226,7.92342826697,714000,30.5728512155
596,-295.251750736,-173.259738134,-2.79759204254,715200,124.215871543
597,-220.340610179,-164.923591413,-62.4306131135,716400,72.5534344134
598,-193.149324507,-123.813898514,-8.88494716833,717600,81.8430096978
599,-237.411147423,-101.854774597,74.9305048415,718800,130.803144687
600,-210.521355666,-162.502980368,-125.678978822,720000,35.5297314926
601,-210.975570897,-109.651378966,-5.62001377242,721200,83.857906806
602,-261.371638501,-146.72152284,-82.023084131,722400,81.2931055357
603,-238.243192356,-149.403815557,-54.162891063,723600,75.2866707579
604,-156.10056188,-74.1505273431,1.29802672018,724800,64.4219468794
605,-296.171320852,-211.252766136,-106.560071556,726000,78.6611675496
606,-70.9063315211,-31.4964135913,18.9601412703,727200,37.5101486145
607,-247.626861244,-193.72213454,-88.6247820459,728400,74.3232982706
608,-225.62539656,-193.757668274,-174.085698946,729600,22.739649806
609,-183.140663426,-107.492549722,-42.3243326987,730800,57.9636721044
610,-215.673479776,-146.67743413,-90.7728799352,732000,51.823934763
611,-280.511290378,-144.624752968,-75.5801950976,733200,96.0904994428
612,-100.37939176,-40.0210292475,79.7178027324,734400,84.6690812581
613,-225.310647471,-136.547309488,-61.3218930625,735600,67.6290587602
614,-29.8022062547,-12.6351380914,10.8186235101,736800,17.1688640371
615,-181.601686494,-91.4074845432,41.3910542038,738000,95.8915628419
616,-238.78482087,-163.382863439,-58.0527740882,739200,76.7584435904
617,-261.587252897,-205.479871442,-152.456391349,740400,44.6058222753
618,-66.8680381149,-41.5092440308,-15.0180665967,741600,21.1828012886
619,-260.031827704,-172.560345437,-53.9623750847,742800,86.9589884988
620,-219.0726443,-137.851380432,-67.5393444101,744000,62.3423006902
621,-312.46500405,-170.766301167,-0.627897368087,745200,128.885498841
622,-218.959438429,-162.754399873,-92.8296798907,746400,52.3981630791
623,-238.046367959,-198.854027339,-124.60800881,747600,52.5270443537
624,-191.420121036,-76.3258109894,-11.8928075941,748800,81.5779384461
625,-287.737456198,-137.102371797,-58.1826083339,750000,106.555689626
626,-361.772522201,-159.607518218,9.75897718689,751200,153.439934791
627,-319.248606138,-123.196087615,-7.3758580199,752400,139.38930589
628,-262.245432195,-118.979800318,-27.9993427657,753600,102.528409701
629,-229.074712256,-150.076971774,-31.2909306335,754800,85.5060922595
630,-202.900611426,-139.102225553,-13.6517634646,756000,88.7111999315
631,-287.151361806,-151.035867439,-50.3549941554,757200,99.8660409805
632,-370.39592797,-260.745151435,-193.982915195,758400,78.1449846355
633,-256.866852386,-183.475447262,-75.7257475971,759600,77.8391258251
634,-200.403014697,-109.419193728,-56.2919874593,760800,64.6366227477
635,-179.912624009,-94.7450742219,-27.1259338223,762000,63.5971864081
636,-310.837314153,-101.865659041,44.1876771243,763200,151.61293316
637,-284.350253295,-123.056163098,-31.705274765,764400,114.386508264
638,-210.800826796,-100.922905777,-32.7850431671,765600,78.4392723157
639,-196.00207474,-113.736909005,-30.1372942241,766800,67.7205873157
640,-137.700614821,-103.000788101,-75.7715022094,768000,25.8284143588
641,-219.482285711,-149.057304064,-78.2955975835,769200,57.6397158435
642,-178.509404543,-49.6270472277,57.75231151,770400,97.6445384341
643,-229.682527878,-142.871679399,-59.0101644128,771600,69.7079040889
644,-285.759976344,-142.364540377,-25.7708321783,772800,107.818793135
645,-264.47708374,-138.044469115,-39.7363560994,774000,93.8805601395
646,-40.1709472583,-8.52309487437,33.2177686804,775200,30.799107808
647,-165.198439581,-78.5900251328,12.2303680711,776400,72.4962114871
648,-94.9740283836,-69.8751681054,-30.4750265383,777600,28.2066811782
649,-298.437536471,-148.65031214,-29.7709060644,778800,111.838900494
650,-124.304493379,-57.5351963108,0.984936488505,780000,51.4807202905
651,-205.768842407,-118.579423494,-44.8854042341,781200,66.3699958738
652,-85.9392180298,-27.2702321117,24.9663696772,782400,45.504900984
653,-156.632187471,-58.1088231767,68.6431897264,783600,94.1094800203
654,-82.5351016712,-39.1172901169,6.96208264294,784800,36.5855110764
655,-278.863971383,-92.6146119715,53.6168814237,786000,138.652927775
656,-219.525633449,-118.765834,-44.5240637069,787200,73.8638014897
657,-42.9018586868,-35.5604193775,-30.7723003293,788400,5.27074502978
658,-120.23585339,-76.5759008141,-25.5506578753,789600,39.0043347079
659,-81.0884589411,0.549310097282,43.6959933508,790800,57.7579007416
660,-40.8733478228,-29.3503066364,-10.7719484384,792000,13.2628977433
661,-96.973191189,-31.8761473529,14.510834573,793200,47.3970590686
662,-355.584373154,-129.548908517,13.3190036337,794400,161.678810592
663,-65.3242184764,-45.4144235913,-12.7650014023,795600,23.2714618183
664,-174.946409313,-33.3330729529,90.7682383653,796800,109.182024661
665,-5.26077893222,28.0795046436,64.5677498452,798000,28.594149805
666,-94.8505530546,-31.7283634656,15.8777353354,799200,46.5170238906
667,-89.2822362394,-23.8893603159,74.4703264785,800400,70.7994040155
668,-88.8042595646,4.63708646266,81.443749294,801600,70.4917519707
669,-123.439264703,-58.6147382471,33.5165015858,802800,66.9229436961
670,-14.1413076321,-4.14485132608,3.57819452846,804000,7.41041993933
671,-114.058358271,-14.5143187316,60.7839182524,805200,73.4091257775
672,-50.805614797,-29.0463066375,-10.5273224356,806400,16.6024091304
673,-62.1768370461,-13.8303810346,60.4964926219,807600,53.3443094667
674,-133.181261783,-48.6585903312,69.290609817,808800,85.9717562646
675,-256.826620075,-138.413214807,4.50876959415,810000,108.088079243
676,-131.561537049,-74.2638577438,-14.7368691012,811200,47.7195147039
677,-16.4879823585,24.3048450604,62.0293308207,812400,32.1279022826
678,-329.655672941,-120.464936562,86.9276262422,813600,170.074172761
679,-16.627553785,20.7225968606,46.4616708027,814800,27.0330093457
680,-284.512115814,-103.870955624,58.1973106077,816000,140.525565959
681,-57.3600201702,-19.2814592765,18.1730462412,817200,30.8394024392
682,17.2329005508,41.2451822551,81.6028326208,818400,28.7083071158
683,7.79089367879,36.7168820395,51.4972649648,819600,20.4554041368
684,-216.32165339,-101.107524757,-22.9600855173,820800,83.1770344082
685,-33.0709603696,-7.91608400653,34.4720897204,822000,30.1469269566
686,-31.645001545,0.233603726096,56.1184051227,823200,39.6470005321
687,-67.0020561378,-16.9961921321,20.4738696923,824400,36.7955536463
688,-19.2244903326,-12.2151558412,-7.2564096604,825600,5.09656244011
689,-97.3039794264,-45.3671003606,-10.4117973743,826800,37.4507967877
690,-161.09063784,-35.8075300886,54.0330117571,828000,91.3297241228
691,-76.4117698125,-47.8070564084,0.861456783495,829200,34.5900268246
692,-115.706002634,-36.7446185142,21.3816803061,830400,57.8724677665
693,-51.9707003531,-27.6061887552,-1.82985446341,831600,20.4942437304
694,-31.4533315239,-28.9539656279,-25.8528496007,832800,2.32564354657
695,-36.2099975711,7.1721618462,38.9169004959,834000,31.7551557481
696,-47.709736867,-28.8643475009,-12.9609755741,835200,14.3378450916
697,1.53242351209,22.2928039806,41.9795856789,836400,16.5299262466
698,7.94465796797,36.3489106337,51.1793140819,837600,20.0913896858
699,-21.5578378592,22.1665411678,57.3349071034,838800,32.7711287767
700,-67.9597423262,-48.8640233865,-19.7086399486,840000,20.9434135633
701,-55.0539594684,-32.2094640516,12.3469793802,841200,31.5095557398
702,-92.4658191792,-12.8555134069,101.886230385,842400,83.1418195835
703,-102.806711874,-39.424571419,15.0224322849,843600,48.5166933804
704,-67.9208307951,23.0168719378,90.1101719411,844800,66.6826619775
705,13.2451338875,48.0500800136,85.82311094,846000,29.7040719296
706,-140.23109259,-27.5564015008,72.8513465845,847200,87.4219266515
707,-92.7733272046,-40.3114201027,26.9257669662,848400,49.9713248434
708,-39.183684884,4.18344066912,37.6191436046,849600,32.1314330251
709,13.6182155719,39.9599848836,64.2817824434,850800,20.7325744735
710,-80.749205477,-24.9886881902,51.7194828775,852000,56.0719270092
711,-78.1039531735,-15.150068432,27.2883299833,853200,45.4059263508
712,-106.286943117,-44.8458206225,-10.5803993328,854400,43.5417399955
713,-317.923267322,-122.926819886,31.8324823585,855600,145.59428102
714,-80.615229492,-22.6788200737,58.877678775,856800,59.3464367519
715,-65.3190314763,-3.20226468082,52.9677857838,858000,48.4731221793
716,-32.1675745893,1.02486689731,34.8883044616,859200,27.379559354
717,-149.096643581,-117.652776567,-88.7267874388,860400,24.7101148582
718,-55.2901187341,-46.6108827819,-29.7560367856,861600,11.919949243
719,-88.1817129173,-78.9716061939,-65.2960640723,862800,9.8621605387
720,-14.4788762846,37.0739890712,78.8123849619,864000,38.7131133201
721,-111.485153739,-43.9636483287,8.67633872766,865200,50.1716437798
722,-115.762006362,-19.9336340723,91.2785390803,866400,85.2210571046
723,-63.2101236752,-6.16115852442,66.5640473297,867600,54.1272713577
724,-84.8720853206,3.87048485829,76.187393057,868800,66.7702062921
725,-15.4633769865,7.16799359885,21.9469208259,870000,16.2507075872
726,-79.9751650992,-38.8634873383,6.1151837172,871200,35.2524445269
727,-66.8443070474,-51.864840043,-42.9531687227,872400,10.6555222291
728,-54.4435621516,19.5039477289,96.9028601478,873600,61.8350980179
729,-47.3802654349,19.1536591251,88.0501322525,874800,55.3144609256
730,18.8389971213,47.0885375427,81.7565221139,876000,26.0838526906
731,-114.673847152,-73.7073274761,-45.1926939308,877200,29.700670749
732,8.6698757954,33.6957332218,51.3105497452,878400,18.1796482212
733,-56.1557867249,-2.12627007411,40.6913902673,879600,40.3247088377
734,-213.88069811,-124.677462516,-74.2662767282,880800,63.2543227007
735,-0.717605834102,20.2974944913,40.7535994296,882000,16.9351621071
736,-80.0949499075,-17.4271934299,50.6621421691,883200,53.5188404347
737,-43.1455314573,13.1751061192,61.6663602033,884400,43.145935249
738,-43.3736914056,-37.9816524772,-34.2865290649,885600,3.89904018559
739,-31.0245920176,10.4108325602,50.2375871545,886800,33.1946411869
740,-108.033242853,-36.0354190071,12.9700984527,888000,52.0060045667
741,-79.7483637352,-2.00339775802,70.6937886656,889200,61.5213803679
742,-18.8439705651,-0.0767095315326,10.2407752683,890400,13.2923448859
743,-57.0908071549,-5.37272220791,27.0998334425,891600,36.9667308939
744,30.5256047738,51.6551290865,93.80530108,892800,29.8047055887
745,0.785367882644,23.7956270341,63.2399477534,894000,28.0202595922
746,-51.9367885885,-9.867651759,40.6981482325,895200,38.2923216291
747,-21.4874638648,0.962279000172,29.8830894908,896400,21.4653127188
748,-55.6252457703,8.09716709639,44.0713562076,897600,45.1835224588
749,-85.3160414836,-41.9342702186,3.84259888552,898800,36.4382414354
750,0.745841692077,47.6937557452,90.188926802,900000,36.6504802937
751,-54.569142499,-6.01633171544,44.8013709191,901200,40.5994419959
752,-25.1523311515,-6.54337733843,10.0987210951,902400,14.4582285957
753,-52.6164291088,25.2275125429,79.771890871,903600,56.5026197332
754,-38.6861901671,-15.4149641018,27.4392602162,904800,30.3398985114
755,-7.62674715338,37.2716659103,94.7302400566,906000,42.7204591306
756,0.791299021163,23.4151671523,56.1953409817,907200,23.7313418003
757,-1.08439664251,31.1777929261,76.2137231933,908400,32.8240376464
758,11.6023783619,41.4595719748,67.1373544602,909600,22.8638579508
759,24.1972681332,40.2086692576,57.4582720666,910800,13.6069456094
760,-0.602216088339,14.370154367,22.5866631699,912000,10.6038445957
761,32.053841762,47.0978795768,69.1651067528,913200,15.9437634392
762,46.4825755889,62.3632347033,76.2537223311,914400,12.2352191506
763,20.9107916068,43.7985092847,75.8578109323,915600,23.350691604
764,19.3523860928,47.7332811256,72.6688518418,916800,21.9022689042
765,9.50099736133,33.3219905533,59.4145021682,918000,20.4403088281
766,-38.8379430657,-6.86876738601,45.5291451595,919200,37.349264708
767,-45.6341756279,24.1384698078,67.1281678085,920400,49.7783837242
768,-6.54989119366,20.1839456958,47.219661705,921600,21.9523659011
769,-24.3155990723,15.8269011344,89.639440769,922800,52.2601916224
770,38.4641463737,49.6860973165,56.3153536158,924000,7.97855597075
771,-69.191795619,-30.5550462999,24.7626786427,925200,40.1293908855
772,60.2523331486,72.9979203728,82.2686782098,926400,9.31792866525
773,-7.65284146341,15.7096145312,35.0740952653,927600,17.6707976653
774,-55.2977932373,30.5778779056,88.5013290261,928800,61.9437478366
775,-0.151616308774,17.7949669047,39.595729856,930000,16.4540553841
776,-65.8559123327,-19.4544364455,18.1850365383,931200,34.8644976344
777,-37.4169851661,14.7251461602,68.9406476041,932400,43.4450661552
778,61.8527365402,73.600167847,94.9970078218,933600,15.1540752589
779,11.088498583,44.2021585719,63.9762295015,934800,23.5617839963
780,28.4325203464,40.7499716224,54.0048372836,936000,10.4608765624
781,19.8495994278,31.1830527352,43.8030793536,937200,9.82119318286
782,-35.5347862019,22.0403046445,52.7010063041,938400,40.7404551501
783,16.0113618121,59.2361864006,93.0612757271,939600,32.1500500344
784,-44.5541182061,33.8205655392,101.508945892,940800,60.1068630777
785,2.39887816374,41.2506753853,61.0252317474,942000,27.4738442006
786,23.8818677691,31.0506241636,37.6164034154,943200,5.62328809096
787,-74.9060055841,6.3737852939,63.0080547066,944400,58.9385176982
788,-12.2064734749,49.8205086671,82.0460954491,945600,43.8708639931
789,52.9252468882,65.6243796932,76.8245809948,946800,9.81426307046
790,28.8502191009,72.4307364422,111.883116301,948000,34.0234883933
791,11.2047640997,61.4086489424,91.5580443837,949200,35.7379287029
792,50.364774628,69.5898828851,85.7504957872,950400,14.6077756537
793,-21.5169778307,42.4493270999,83.8493957779,951600,45.8798752964
794,46.3878620377,64.9024337264,91.0846402797,952800,19.0358427642
795,-5.37820584498,27.7409598367,73.9837787398,954000,33.7021646655
796,70.8182853601,76.899443548,84.6221455709,955200,5.7537025066
797,66.6042212245,74.5286322447,90.3433737508,956400,11.182719617
798,-14.012689648,21.7259194903,48.8914965116,957600,26.3863199261
799,9.77714637847,39.4765243662,63.8365444671,958800,22.3902685321
800,37.104510574,54.7902354691,76.0991470307,960000,16.1243300494
801,43.7771888848,60.9320218342,78.1202644644,961200,14.0205217977
802,53.0674485921,61.7582732547,77.5105813837,962400,11.1584077934
803,38.2796914145,49.039177895,62.1699811709,963600,9.8962566549
804,-6.63663816243,42.1968189397,68.3039814546,964800,34.5580426374
805,-32.4165396028,2.53474113338,20.9741803052,966000,24.7268130708
806,-15.0854148742,8.68990291674,28.7614700189,967200,18.0909858876
807,-33.4751894152,10.9121334911,90.6270749893,968400,56.4881904124
808,-47.6182331231,27.606222717,71.6615760393,969600,53.4512421575
809,-40.3661259575,-4.83131359825,47.2208490133,970800,37.6163678084
810,-33.9615684211,4.42923771878,35.6240360833,972000,28.8603070495
811,37.4106368255,60.4427951686,88.9874156633,973200,21.4138811374
812,54.8224765675,70.9748693835,89.1479408389,974400,14.0859677454
813,18.6102075065,29.7693371731,38.3834300775,975600,8.27054983261
814,-15.1651862218,34.7441049588,64.720116793,976800,35.5285531047
815,45.3926065586,54.2926573491,67.9417640101,978000,9.79902288292
816,8.07551915375,40.6509639714,93.8345978154,979200,37.9225349402
817,23.1426303603,45.6724845536,76.6268961982,980400,22.6328897734
818,23.321565956,41.6836667197,67.3857861435,981600,18.7229054126
819,-51.161318588,8.11550205455,55.6712839502,982800,44.3947316938
820,33.9673184864,38.2358916852,41.9016343181,984000,3.26709814645
821,-39.1576608212,26.1414501409,66.5157281462,985200,46.602229971
822,62.2940955082,76.1150008841,100.163135367,986400,17.0677709222
823,-24.0137779879,18.8768079047,72.5322502817,987600,40.1430400361
824,49.8941745892,69.7398188877,87.1626875685,988800,15.310952424
825,42.3924296812,59.9449528467,72.3591221025,990000,12.7619923822
826,62.36463984,76.6822424093,98.5577572941,991200,15.7125632683
827,-26.7601857388,39.6781607637,82.4272679291,992400,47.6190441938
828,-48.2237386772,45.5757013138,106.769025461,993600,67.3451721933
829,27.5695306735,38.6982644434,47.0430923173,994800,8.19013633593
830,-30.3589532773,26.3928510832,74.2901455052,996000,43.1791634062
831,-29.7411749811,33.4066153326,89.0995069903,997200,48.8020392903
832,-39.8582903445,22.192860569,69.6538702484,998400,45.8830578417
833,11.2324650801,43.7839132683,93.3725367876,999600,35.6318850889
834,-16.4054688637,21.4604516509,87.6961115896,1000800,46.9958604522
835,23.2878660087,65.2612810333,89.4502962763,1002000,29.7946354391
836,15.4399549054,42.8494854616,62.0233049567,1003200,19.8892320618
837,21.070339223,44.663266512,66.4802986946,1004400,18.5810200182
838,-26.9945171584,-1.89338034297,30.5732224179,1005600,24.0720962448
839,7.70382002502,34.6466756948,68.3375963868,1006800,25.2093368302
840,51.9639875382,68.8867982034,80.0438955927,1008000,12.1669743232
841,-38.719434627,9.29902347588,34.9041765023,1009200,33.9791721723
842,-32.890384817,39.1187221524,77.8887297551,1010400,50.9681688336
843,34.7289502194,55.6798805106,83.6541397264,1011600,20.5817703152
844,46.0199886406,65.3454339539,82.9091285999,1012800,15.1113640636
845,29.9590720198,59.4714765841,116.12559731,1014000,40.0722022296
846,-1.7176484587,51.5890367726,82.883391845,1015200,37.8835145711
847,-18.8486572979,17.1299277913,51.7871988204,1016400,28.8520992365
848,68.9806832531,80.7968276239,90.1154512766,1017600,8.80711122353
849,22.6891554265,56.9287286574,100.134769196,1018800,32.2464874058
850,-0.212671020164,20.6056364641,47.6101656892,1020000,20.0076307493
851,-19.6430791184,39.8320488693,88.9649443992,1021200,44.9380834947
852,13.4587583777,37.9679037946,74.6843235562,1022400,26.4437215996
853,50.96007756,63.3405983834,74.5395510086,1023600,9.66246930428
854,33.8035754669,50.9537226801,80.6172554802,1024800,21.060528218
855,47.5428773159,50.0653380461,53.0843053221,1026000,2.28935873835
856,25.4246759952,72.7382333861,121.985545493,1027200,39.4445174476
857,-44.404533238,24.4390969814,80.5919802122,1028400,51.8126328741
858,-3.91029462795,39.6332427434,64.4739918521,1029600,30.8917289464
859,-2.42145053057,38.5026574794,77.8840423151,1030800,32.8027238848
860,-31.176903131,29.7135864249,92.1985249095,1032000,50.3804245158
861,43.35815375,57.2863754245,83.7190766401,1033200,18.6997777274
862,17.674337597,45.3495014338,100.490830688,1034400,38.9909011949
863,32.9667010285,67.7136086686,94.5141922344,1035600,25.7472518683
864,5.53427261397,35.2271887285,51.7595359886,1036800,21.0411370565
865,34.9939297605,45.8231079406,54.755071734,1038000,8.17823329926
866,43.669679497,64.5068113642,92.3408379587,1039200,20.4766178582
867,24.4831583552,60.7412677686,85.1034235878,1040400,26.1385975542
868,-48.2498424634,38.0651471694,98.294403063,1041600,62.605394351
869,-17.8983623384,23.1321535644,60.1231723916,1042800,31.9799741805
870,37.5739328054,67.8117391251,118.450620206,1044000,36.0315836433
871,61.0536838261,66.9569285434,73.9149295021,1045200,5.30328785636
872,-11.9434223835,32.3417159421,71.7754123877,1046400,34.3498004856
873,17.3045637355,43.7049757661,66.9495407531,1047600,20.3899560845
874,92.924288038,101.284610391,110.307046422,1048800,7.11190870548
875,58.6708429711,66.8065357236,76.7954408806,1050000,7.51447756032
876,-5.44603775007,16.0807124634,38.6161654415,1051200,18.002454434
877,16.7613418772,34.9149594155,49.2564662564,1052400,13.5371690315
878,70.7797704798,77.8969876362,83.2476731819,1053600,5.24103201643
879,9.84472115535,46.3307380577,81.5758017786,1054800,29.2972348575
880,6.89824030867,54.1239751537,93.383873084,1056000,35.7540868289
881,-21.0557417259,34.8248773469,77.9039751063,1057200,41.4018163839
882,-14.1465297357,32.4563688618,79.6298210427,1058400,38.2861605969
883,-39.7262770979,13.2401301141,77.3301195434,1059600,48.4310544979
884,3.72256753849,32.102006087,55.7210644478,1060800,21.4935158417
885,-40.1999213975,6.71985030309,48.5967094697,1062000,36.4260313371
886,73.2389009223,79.1762305009,89.022205817,1063200,7.01124392083
887,-7.73913452968,25.1729491866,87.4874670784,1064400,44.0863075118
888,66.2627993402,70.2129193439,72.3965675208,1065600,2.79834416033
889,38.4024931344,58.4805071598,82.3453743998,1066800,18.1383460552
890,20.7894185609,23.3279120469,26.9487016215,1068000,2.62839819066
891,54.4604496129,59.4576757141,63.2514033349,1069200,3.68840736
892,-17.3312084332,48.345039286,95.851000527,1070400,47.9595147967
893,-39.3379818145,26.7255365255,86.5374104549,1071600,51.5781988061
894,-4.34107901872,44.2126353783,113.152463482,1072800,50.0857821234
895,7.6393680957,49.2428600165,88.0391187641,1074000,32.8830290114
896,24.9736283141,87.3127340172,133.463806013,1075200,45.7461764578
897,26.4059166645,45.8701913387,77.1769269893,1076400,22.3548172859
898,-11.4565436564,1.82029362356,19.6577833231,1077600,13.1053423894
899,50.2478887357,81.9527908106,101.975926764,1078800,22.675908278
900,-14.6872914589,20.7860690244,85.6694409495,1080000,45.9462005297
901,2.57758521303,44.9814329966,76.3117081069,1081200,31.1035713763
902,24.9253840716,59.3911547157,86.0766788292,1082400,25.56389889
903,-43.5887276341,-2.85832246165,42.9464863233,1083600,35.5096042659
904,42.5001130412,66.0610083281,78.24708578,1084800,16.663360517
905,-36.8820492729,65.0242664211,123.762635658,1086000,72.3384747794
906,-35.9825773827,46.0774755807,88.0291138566,1087200,58.0300990151
907,60.0549222601,74.307477871,95.1629309719,1088400,15.0740784212
908,-5.41473530414,14.6420111043,45.5350086112,1089600,22.1666018244
909,0.14799889012,34.9255423305,62.7569040496,1090800,26.027624193
910,14.0143063769,56.4194700333,80.2020154192,1092000,30.058882664
911,-61.1826776912,-18.2248877373,12.4498928263,1093200,31.2899675084
912,-15.1815580805,37.0154512964,79.4345123025,1094400,39.2407645137
913,-36.6270333383,47.1098824423,111.890129613,1095600,62.0959117621
914,106.007065181,113.859740261,127.642827346,1096800,9.7776579005
915,-14.1957814725,48.7253018361,94.7161153884,1098000,46.0465405503
916,-5.61580295924,44.0138092713,106.669836796,1099200,46.7566882589
917,10.217688463,62.5917168956,93.9512316548,1100400,37.2740651799
918,71.4579175158,84.57942521,96.5345291865,1101600,10.2706535477
919,3.5667227176,52.5255419283,98.394687816,1102800,38.7749515547
920,90.1017202211,114.326904416,132.104134813,1104000,17.7432200951
921,35.1427386541,76.3623307437,134.936933909,1105200,42.548933858
922,-1.44254402487,24.0794394041,52.9562787048,1106400,22.3345662152
923,48.6787164395,80.4269031802,111.332489177,1107600,25.585233913
924,70.2508962268,84.4707754299,110.387964559,1108800,18.3551329458
925,72.9569436646,87.0323057994,103.080287574,1110000,12.3766549936
926,89.4195852195,92.1891496572,94.1312107429,1111200,2.01054306365
927,-13.0974009988,24.5467895758,86.9199382398,1112400,44.4185251386
928,-12.6884717237,58.7176960566,101.95650159,1113600,50.865297263
929,88.5962052978,99.8086475581,121.088607141,1114800,15.054461646
930,9.34001293483,67.6901884666,106.962327576,1116000,42.0753901489
931,-11.3828622769,26.7636864222,92.0142902924,1117200,46.3588549247
932,-19.5664032978,-2.3402413096,8.20356182802,1118400,12.2823228158
933,-44.0520050663,13.5793525545,87.8498854758,1119600,55.1191061741
934,-17.4183642966,65.4859658394,121.284286346,1120800,59.7810345754
935,113.713766714,121.296145061,127.262437286,1122000,5.64803324684
936,-16.8159758343,29.5357125778,86.8097312815,1123200,43.0042228009
937,18.097781717,57.6541068581,131.768689882,1124400,52.446631488
938,-12.0909030032,32.2826408193,78.204191173,1125600,36.8790658888
939,21.0357626395,72.6780308789,111.248356292,1126800,37.9713469195
940,-6.48715830067,50.1907160844,113.670198649,1128000,49.2892416432
941,-16.2058873812,3.45768733427,21.7117933034,1129200,15.5118788618
942,-1.52388793352,39.2826532797,97.2197759025,1130400,42.0925203293
943,64.2639986543,82.7034980263,102.317325543,1131600,15.5573821011
944,9.70822984268,59.732879533,114.007832801,1132800,42.6860680215
945,66.459786086,91.1897668591,110.873358225,1134000,18.4795541447
946,112.278440259,115.833093797,117.768488541,1135200,2.5168309195
947,66.4776119047,107.960777942,143.435868774,1136400,31.7040065906
948,33.8441994118,78.2623200957,111.809605556,1137600,32.7442863479
949,53.1941711997,83.6762772558,112.861431453,1138800,24.3763143184
950,69.3372533734,86.4105848648,99.7476765373,1140000,12.6929921674
951,87.3338853718,107.028792634,133.313514136,1141200,19.3408170133
952,-15.3900656246,74.9283818493,138.155658428,1142400,65.5465279989
953,31.4717838479,87.0186499391,119.776879855,1143600,39.4878795688
954,-23.2319321338,45.7301208532,146.350797267,1144800,72.7611473964
955,16.8507292287,80.3178347449,129.811376181,1146000,47.1626427716
956,0.556173074716,71.3901246775,109.45683806,1147200,50.133871677
957,-46.5855463365,21.5773507966,136.18844564,1148400,81.5256987645
958,90.5493131892,100.523767002,112.548555897,1149600,9.09741997855
959,42.5840866403,87.1374072522,138.871970955,1150800,39.6359841195
960,115.421684205,122.413119268,133.836466344,1152000,8.1448320379
961,-12.3553080012,15.8762634877,38.546782514,1153200,21.1494630834
962,22.795758096,100.611314165,153.484405273,1154400,56.1929743177
963,-5.57404463717,62.1895745997,102.585920875,1155600,48.2104432457
964,-34.0134126587,59.4088725412,111.262629347,1156800,66.1928445773
965,117.486598759,122.049623045,128.450758182,1158000,4.66098606073
966,61.4168787844,101.75653882,134.292116763,1159200,30.2586389932
967,9.70391883757,69.2869011189,106.082426044,1160400,42.5178811201
968,81.2254750596,101.632668115,124.656577976,1161600,17.8269567465
969,2.10808312873,49.734367346,137.837871199,1162800,62.3669133676
970,-47.7864587387,21.3297477752,108.986751394,1164000,65.3313641971
971,5.66056148201,50.8892192766,129.833392468,1165200,56.019490493
972,-18.6080603487,56.6997418216,106.188932409,1166400,54.1203774216
973,-0.233461535807,56.5800715727,139.35789523,1167600,59.8723364538
974,-2.65714236613,75.7640070853,123.008075073,1168800,55.8387232718
975,-56.7321232811,10.7193115492,101.973630655,1170000,66.9418257794
976,64.0145490906,100.597356836,132.573691196,1171200,28.1780492504
977,17.6355216012,92.5304589007,146.127181329,1172400,54.5755569366
978,62.0605152406,98.6225303048,120.535441471,1173600,26.0227648182
979,-38.3841060662,12.5018454489,86.3402317363,1174800,53.4424974875
980,77.8573166483,95.9262416251,106.480249403,1176000,12.8367585537
981,87.9725325215,97.2053587259,107.624031024,1177200,8.06639207087
982,77.8902022663,100.700464877,130.016024219,1178400,21.7717629472
983,97.4116020795,107.029965283,125.198698292,1179600,12.854630731
984,106.040278235,111.255713256,117.633496733,1180800,4.80374640152
985,-13.0489366575,69.0519786416,114.184315603,1182000,58.1497031143
986,29.9774030959,90.0719885388,126.663590968,1183200,42.8279300552
987,7.22330520863,71.6424151187,111.367020603,1184400,45.9626099902
988,111.922285711,123.604212825,139.537105648,1185600,11.6675505035
989,-1.59845356256,72.1147948351,124.267755885,1186800,53.5985706467
990,76.859729215,96.6441855568,111.968305836,1188000,14.6759210144
991,87.1693122964,111.719865103,152.77910352,1189200,29.2183013599
992,-34.4738615794,-10.1292789866,24.9460536915,1190400,25.4170983231
993,-31.6975176396,52.6129573616,95.2818227894,1191600,59.6179836394
994,80.7757813489,101.219110493,117.700616137,1192800,15.3325990429
995,-20.6814242557,94.125659378,157.016319075,1194000,81.304400463
996,-20.7184307237,63.2817363348,130.289311123,1195200,62.8086812921
997,-28.3374733861,40.3126199082,118.472397227,1196400,60.3109171712
998,42.4453533014,115.950922264,153.214724401,1197600,51.9779609737
